time_s,prediction,max_probability,accepted,probability_eID_1,probability_no_event
903.458,no_event,0.9303169635820158,False,0.06968303641798437,0.9303169635820158
903.958,no_event,0.916116164423655,False,0.08388383557634509,0.916116164423655
904.458,no_event,0.9376772403183177,False,0.062322759681682376,0.9376772403183177
904.958,no_event,0.9522650874316809,False,0.047734912568319084,0.9522650874316809
905.458,no_event,0.95881001331398,False,0.0411899866860203,0.95881001331398
905.958,eID_1,0.6986654494671849,False,0.3013345505328154,0.6986654494671849
906.458,eID_1,0.6758159593415772,False,0.3241840406584226,0.6758159593415772
906.958,eID_1,0.5247438932099736,False,0.47525610679002633,0.5247438932099736
907.458,eID_1,0.842706481865182,True,0.842706481865182,0.15729351813481804
907.958,eID_1,0.8864390236810504,True,0.8864390236810504,0.11356097631894962
908.458,eID_1,0.880621630210792,True,0.880621630210792,0.11937836978920827
908.958,eID_1,0.7254845758760166,True,0.7254845758760166,0.27451542412398344
909.458,eID_1,0.9260213568771791,True,0.9260213568771791,0.07397864312282072
909.958,eID_1,0.5643124901280007,False,0.4356875098719993,0.5643124901280007
910.458,eID_1,0.7061211733481355,True,0.7061211733481355,0.2938788266518646
910.958,eID_1,0.8364601057782464,True,0.8364601057782464,0.16353989422175352
911.458,eID_1,0.5072370351991046,False,0.5072370351991046,0.4927629648008953
911.958,eID_1,0.6578603176978087,False,0.3421396823021912,0.6578603176978087
912.458,no_event,0.9761052755161315,False,0.023894724483868576,0.9761052755161315
912.958,no_event,0.9718847442272316,False,0.02811525577276843,0.9718847442272316
913.458,no_event,0.9673954435276324,False,0.03260455647236768,0.9673954435276324
913.958,no_event,0.9999903382648538,False,9.661735146230362e-06,0.9999903382648538
914.458,no_event,0.9967970445391342,False,0.0032029554608659465,0.9967970445391342
914.958,no_event,0.9835447862906306,False,0.016455213709369376,0.9835447862906306
915.458,no_event,0.7697123825675327,False,0.23028761743246703,0.7697123825675327
915.958,eID_1,0.8771455116512185,True,0.8771455116512185,0.12285448834878154
916.458,eID_1,0.7595130979235934,True,0.7595130979235934,0.24048690207640636
916.958,eID_1,0.9266763038112737,True,0.9266763038112737,0.07332369618872618
917.458,eID_1,0.882182104754245,True,0.882182104754245,0.11781789524575483
917.958,eID_1,0.790401997150191,True,0.790401997150191,0.20959800284980898
918.458,eID_1,0.7355301874887469,True,0.7355301874887469,0.264469812511253
918.958,no_event,0.8221373010452773,False,0.17786269895472268,0.8221373010452773
919.458,no_event,0.8606601480623564,False,0.13933985193764367,0.8606601480623564
919.958,no_event,0.9868936129515379,False,0.013106387048462195,0.9868936129515379
920.458,no_event,0.9922436434335411,False,0.007756356566458775,0.9922436434335411
920.958,no_event,0.9710876952121537,False,0.028912304787846625,0.9710876952121537
921.458,eID_1,0.6991121411790566,False,0.3008878588209434,0.6991121411790566
921.958,eID_1,0.5186192734626354,False,0.5186192734626354,0.4813807265373645
922.458,no_event,0.9682989121394967,False,0.03170108786050314,0.9682989121394967
922.958,no_event,0.9895259465256541,False,0.010474053474345907,0.9895259465256541
923.458,no_event,0.9904710196983775,False,0.009528980301622261,0.9904710196983775
923.958,no_event,0.9774495967052014,False,0.022550403294798505,0.9774495967052014
924.458,no_event,0.9957736541289522,False,0.004226345871047731,0.9957736541289522
924.958,no_event,0.9999994036198109,False,5.963801890613948e-07,0.9999994036198109
925.458,no_event,0.9999973836169151,False,2.6163830849143133e-06,0.9999973836169151
925.958,no_event,0.9999989410143739,False,1.0589856261461766e-06,0.9999989410143739
926.458,no_event,0.9999998707082057,False,1.2929179429169788e-07,0.9999998707082057
926.958,no_event,0.9999970378730283,False,2.962126971649889e-06,0.9999970378730283
927.458,no_event,0.9999971167178142,False,2.8832821857187393e-06,0.9999971167178142
927.958,no_event,0.9999921518663384,False,7.848133661695473e-06,0.9999921518663384
928.458,no_event,0.999999677963139,False,3.2203686091418374e-07,0.999999677963139
928.958,no_event,0.9968535400570244,False,0.003146459942975621,0.9968535400570244
929.458,no_event,0.9924362780535819,False,0.007563721946418145,0.9924362780535819
929.958,no_event,0.9935233679176664,False,0.006476632082333523,0.9935233679176664
930.458,no_event,0.9932711994583977,False,0.00672880054160252,0.9932711994583977
930.958,no_event,0.9858138635291439,False,0.014186136470856203,0.9858138635291439
931.458,no_event,0.9403069565867913,False,0.05969304341320856,0.9403069565867913
931.958,no_event,0.9792823466079114,False,0.020717653392088607,0.9792823466079114
932.458,no_event,0.9897698998798324,False,0.01023010012016745,0.9897698998798324
932.958,no_event,0.9884821720083724,False,0.011517827991627833,0.9884821720083724
933.458,no_event,0.9940236756672324,False,0.005976324332767651,0.9940236756672324
933.958,no_event,0.9971575666052326,False,0.002842433394767615,0.9971575666052326
934.458,no_event,0.9999904013357811,False,9.598664218936458e-06,0.9999904013357811
934.958,no_event,0.9999953019507496,False,4.6980492504604915e-06,0.9999953019507496
935.458,no_event,0.99999118642523,False,8.813574770051461e-06,0.99999118642523
935.958,no_event,0.9999902173191916,False,9.782680808332473e-06,0.9999902173191916
936.458,no_event,0.9966926322684958,False,0.003307367731504053,0.9966926322684958
936.958,no_event,0.9959930681824075,False,0.004006931817592273,0.9959930681824075
937.458,no_event,0.9940607184604026,False,0.005939281539597259,0.9940607184604026
937.958,no_event,0.9940800284594667,False,0.005919971540533338,0.9940800284594667
938.458,no_event,0.9999973589667188,False,2.641033281123743e-06,0.9999973589667188
938.958,no_event,0.9929420674520345,False,0.007057932547965435,0.9929420674520345
939.458,no_event,0.9965910325135128,False,0.003408967486487401,0.9965910325135128
939.958,no_event,0.9940016782378576,False,0.005998321762142429,0.9940016782378576
940.458,no_event,0.9674737164008744,False,0.032526283599125495,0.9674737164008744
940.958,no_event,0.9999957775506897,False,4.2224493102663325e-06,0.9999957775506897
941.458,no_event,0.9999992139083952,False,7.860916048664188e-07,0.9999992139083952
941.958,no_event,0.9929078800721909,False,0.007092119927808928,0.9929078800721909
942.458,no_event,0.9906540728440247,False,0.009345927155975516,0.9906540728440247
942.958,no_event,0.9910479611946562,False,0.008952038805343938,0.9910479611946562
943.458,no_event,0.9962799994202705,False,0.0037200005797296018,0.9962799994202705
943.958,no_event,0.9971932343707887,False,0.0028067656292115406,0.9971932343707887
944.458,no_event,0.9999965744856204,False,3.4255143795905444e-06,0.9999965744856204
944.958,no_event,0.9999886670037249,False,1.1332996275103257e-05,0.9999886670037249
945.458,no_event,0.9869230675288927,False,0.013076932471107453,0.9869230675288927
945.958,no_event,0.981113092241991,False,0.018886907758009094,0.981113092241991
946.458,no_event,0.9816098993371595,False,0.01839010066284031,0.9816098993371595
946.958,no_event,0.9865192200579439,False,0.01348077994205606,0.9865192200579439
947.458,no_event,0.9948108164028294,False,0.005189183597170342,0.9948108164028294
947.958,no_event,0.9890409607330622,False,0.010959039266937769,0.9890409607330622
948.458,no_event,0.9999980231718512,False,1.976828148886184e-06,0.9999980231718512
948.958,no_event,0.9999996846363735,False,3.153636265150591e-07,0.9999996846363735
949.458,no_event,0.9999996602905373,False,3.3970946259814166e-07,0.9999996602905373
949.958,no_event,0.9999996912708446,False,3.0872915529137456e-07,0.9999996912708446
950.458,no_event,0.9999980193118124,False,1.9806881875002636e-06,0.9999980193118124
950.958,no_event,0.9999997418421124,False,2.581578876878082e-07,0.9999997418421124
951.458,no_event,0.9999997429071532,False,2.5709284675702636e-07,0.9999997429071532
951.958,no_event,0.9999989858504917,False,1.0141495083128575e-06,0.9999989858504917
952.458,no_event,0.9999995233637999,False,4.766362000533262e-07,0.9999995233637999
952.958,no_event,0.9926125199639964,False,0.007387480036003662,0.9926125199639964
953.458,no_event,0.9904240928410023,False,0.009575907158997693,0.9904240928410023
953.958,no_event,0.9898995080722718,False,0.010100491927728331,0.9898995080722718
954.458,no_event,0.9931989603853262,False,0.006801039614673768,0.9931989603853262
954.958,no_event,0.9838474182322249,False,0.01615258176777516,0.9838474182322249
955.458,no_event,0.9889178040671577,False,0.011082195932842204,0.9889178040671577
955.958,no_event,0.9917625150047329,False,0.008237484995267077,0.9917625150047329
956.458,no_event,0.9876728245612011,False,0.012327175438798963,0.9876728245612011
956.958,no_event,0.9943127739656048,False,0.005687226034395275,0.9943127739656048
957.458,no_event,0.9999984808396571,False,1.5191603429255304e-06,0.9999984808396571
957.958,no_event,0.9999988694862596,False,1.1305137403993581e-06,0.9999988694862596
958.458,no_event,0.9959306020160851,False,0.004069397983915157,0.9959306020160851
958.958,no_event,0.9999988437461728,False,1.1562538271773803e-06,0.9999988437461728
959.458,no_event,0.9999984201940199,False,1.5798059801229983e-06,0.9999984201940199
959.958,no_event,0.9999993857629501,False,6.142370499973081e-07,0.9999993857629501
960.458,no_event,0.9999998070541669,False,1.929458330141604e-07,0.9999998070541669
960.958,no_event,0.9999998323886972,False,1.6761130278500826e-07,0.9999998323886972
961.458,no_event,0.9999971502462137,False,2.849753786328278e-06,0.9999971502462137
961.958,no_event,0.9970088998585973,False,0.0029911001414024397,0.9970088998585973
962.458,no_event,0.9967838409465577,False,0.0032161590534423,0.9967838409465577
962.958,no_event,0.9999951850345375,False,4.8149654625426185e-06,0.9999951850345375
963.458,no_event,0.9921736801095631,False,0.007826319890436754,0.9921736801095631
963.958,no_event,0.9937628096564517,False,0.006237190343548326,0.9937628096564517
964.458,no_event,0.9736581496410254,False,0.026341850358974708,0.9736581496410254
964.958,no_event,0.7687890117121586,False,0.23121098828784123,0.7687890117121586
965.458,eID_1,0.5386851802192486,False,0.4613148197807514,0.5386851802192486
965.958,no_event,0.9017464904760756,False,0.09825350952392445,0.9017464904760756
966.458,no_event,0.8365885340699233,False,0.1634114659300767,0.8365885340699233
966.958,no_event,0.9775419190241755,False,0.022458080975824433,0.9775419190241755
967.458,no_event,0.9963857174838233,False,0.003614282516176777,0.9963857174838233
967.958,no_event,0.8285222769690194,False,0.17147772303098072,0.8285222769690194
968.458,no_event,0.9813930562883909,False,0.0186069437116089,0.9813930562883909
968.958,no_event,0.9946665416240148,False,0.005333458375985435,0.9946665416240148
969.458,no_event,0.9951477666033977,False,0.004852233396602262,0.9951477666033977
969.958,no_event,0.9973800688832006,False,0.0026199311167994684,0.9973800688832006
970.458,no_event,0.9999996311046967,False,3.6889530329393397e-07,0.9999996311046967
970.958,no_event,0.999996207599404,False,3.79240059609605e-06,0.999996207599404
971.458,no_event,0.9999949882283928,False,5.011771607263606e-06,0.9999949882283928
971.958,no_event,0.9970788026964993,False,0.002921197303500615,0.9970788026964993
972.458,no_event,0.999987153807528,False,1.284619247204435e-05,0.999987153807528
972.958,no_event,0.9999962728892092,False,3.727110790726096e-06,0.9999962728892092
973.458,no_event,0.9999939359484118,False,6.064051588238207e-06,0.9999939359484118
973.958,no_event,0.9999847314838871,False,1.5268516112820318e-05,0.9999847314838871
974.458,no_event,0.9999997598143002,False,2.40185699673785e-07,0.9999997598143002
974.958,no_event,0.9999997888090101,False,2.1119098983963532e-07,0.9999997888090101
975.458,no_event,0.9931089130990902,False,0.00689108690090964,0.9931089130990902
975.958,no_event,0.9935711899157968,False,0.0064288100842033995,0.9935711899157968
976.458,no_event,0.9901474135729431,False,0.009852586427057152,0.9901474135729431
976.958,no_event,0.9934129696766898,False,0.006587030323310261,0.9934129696766898
977.458,no_event,0.9999908134690427,False,9.18653095726813e-06,0.9999908134690427
977.958,no_event,0.9970351228090324,False,0.0029648771909674527,0.9970351228090324
978.458,no_event,0.9999995203915747,False,4.796084252919142e-07,0.9999995203915747
978.958,no_event,0.9999972102918013,False,2.7897081986861687e-06,0.9999972102918013
979.458,no_event,0.9809720417925508,False,0.019027958207449184,0.9809720417925508
979.958,no_event,0.9079975537895679,False,0.09200244621043212,0.9079975537895679
980.458,no_event,0.9862938326806062,False,0.013706167319393914,0.9862938326806062
980.958,no_event,0.9917114162723236,False,0.008288583727676307,0.9917114162723236
981.458,no_event,0.9734129706998217,False,0.02658702930017825,0.9734129706998217
981.958,no_event,0.9938090040352565,False,0.006190995964743604,0.9938090040352565
982.458,no_event,0.9964478097451037,False,0.003552190254896253,0.9964478097451037
982.958,no_event,0.9999988456250679,False,1.1543749322057871e-06,0.9999988456250679
983.458,no_event,0.9999994858673676,False,5.141326322651174e-07,0.9999994858673676
983.958,no_event,0.9999942092530437,False,5.790746956281882e-06,0.9999942092530437
984.458,no_event,0.9999965445598625,False,3.4554401375145706e-06,0.9999965445598625
984.958,no_event,0.9999954207801154,False,4.5792198845460566e-06,0.9999954207801154
985.458,no_event,0.99999368087567,False,6.3191243300699464e-06,0.99999368087567
985.958,no_event,0.9999977978233032,False,2.2021766967073763e-06,0.9999977978233032
986.458,no_event,0.9969731047320771,False,0.003026895267922708,0.9969731047320771
986.958,no_event,0.999996426040025,False,3.5739599750331395e-06,0.999996426040025
987.458,no_event,0.9999958242401948,False,4.175759805258591e-06,0.9999958242401948
987.958,no_event,0.9952106115563312,False,0.004789388443668816,0.9952106115563312
988.458,no_event,0.9957780361075755,False,0.004221963892424567,0.9957780361075755
988.958,no_event,0.9848568908891521,False,0.015143109110847828,0.9848568908891521
989.458,no_event,0.9891332923122605,False,0.010866707687739542,0.9891332923122605
989.958,no_event,0.9956170973309098,False,0.004382902669090352,0.9956170973309098
990.458,no_event,0.9751038154895834,False,0.024896184510416624,0.9751038154895834
990.958,no_event,0.9174343298379117,False,0.08256567016208825,0.9174343298379117
991.458,eID_1,0.6422761663939777,False,0.6422761663939777,0.35772383360602233
991.958,eID_1,0.809008004124247,True,0.809008004124247,0.19099199587575294
992.458,no_event,0.9080153933792513,False,0.09198460662074869,0.9080153933792513
992.958,no_event,0.981613327664087,False,0.018386672335913058,0.981613327664087
993.458,no_event,0.9924469594133436,False,0.007553040586656236,0.9924469594133436
993.958,no_event,0.9505003527786756,False,0.049499647221324564,0.9505003527786756
994.458,no_event,0.9771923060373863,False,0.0228076939626137,0.9771923060373863
994.958,no_event,0.9725599487774561,False,0.0274400512225438,0.9725599487774561
995.458,no_event,0.9685632073244529,False,0.031436792675546894,0.9685632073244529
995.958,no_event,0.9834033775283487,False,0.016596622471651175,0.9834033775283487
996.458,eID_1,0.6200523192162395,False,0.6200523192162395,0.3799476807837604
996.958,eID_1,0.788293367969965,True,0.788293367969965,0.21170663203003495
997.458,eID_1,0.9483999671621587,True,0.9483999671621587,0.05160003283784126
997.958,eID_1,0.8645460830967895,True,0.8645460830967895,0.1354539169032107
998.458,eID_1,0.5374737921614972,False,0.5374737921614972,0.462526207838503
998.958,eID_1,0.6525291061642838,False,0.34747089383571617,0.6525291061642838
999.458,no_event,0.9277619644855061,False,0.07223803551449405,0.9277619644855061
999.958,no_event,0.8422171922891175,False,0.15778280771088254,0.8422171922891175
1000.458,no_event,0.9840253853377184,False,0.01597461466228156,0.9840253853377184
1000.958,no_event,0.9718246982746354,False,0.028175301725364647,0.9718246982746354
1001.458,eID_1,0.7276640964134469,True,0.2723359035865529,0.7276640964134469
1001.958,eID_1,0.7792115393298952,True,0.7792115393298952,0.2207884606701046
1002.458,eID_1,0.6640322880730527,False,0.6640322880730527,0.33596771192694724
1002.958,no_event,0.8552425022335872,False,0.14475749776641267,0.8552425022335872
1003.458,no_event,0.9493623093006021,False,0.050637690699398205,0.9493623093006021
1003.958,no_event,0.9428486722802093,False,0.057151327719790854,0.9428486722802093
1004.458,no_event,0.9788303986843961,False,0.021169601315603925,0.9788303986843961
1004.958,no_event,0.9969794555357236,False,0.0030205444642764177,0.9969794555357236
1005.458,no_event,0.9999917921469142,False,8.207853085634617e-06,0.9999917921469142
1005.958,no_event,0.9950064022939221,False,0.004993597706077898,0.9950064022939221
1006.458,no_event,0.9934165894953051,False,0.006583410504695036,0.9934165894953051
1006.958,no_event,0.9900353978165172,False,0.009964602183482977,0.9900353978165172
1007.458,no_event,0.9198780556582193,False,0.08012194434178056,0.9198780556582193
1007.958,eID_1,0.8455984637505577,True,0.8455984637505577,0.15440153624944222
1008.458,eID_1,0.8412841916788046,True,0.8412841916788046,0.15871580832119522
1008.958,eID_1,0.9370031131260766,True,0.9370031131260766,0.06299688687392331
1009.458,eID_1,0.976944223678469,True,0.976944223678469,0.023055776321531007
1009.958,eID_1,0.9926311791347247,True,0.9926311791347247,0.007368820865275369
1010.458,eID_1,0.8406272984874319,True,0.8406272984874319,0.15937270151256808
1010.958,eID_1,0.7530324963585513,True,0.24696750364144865,0.7530324963585513
1011.458,eID_1,0.5271004576989696,False,0.5271004576989696,0.47289954230103026
1011.958,eID_1,0.544453251886877,False,0.45554674811312296,0.544453251886877
1012.458,no_event,0.8840487246978932,False,0.11595127530210682,0.8840487246978932
1012.958,no_event,0.9670573750121374,False,0.03294262498786253,0.9670573750121374
1013.458,no_event,0.999997646727063,False,2.3532729369235667e-06,0.999997646727063
1013.958,no_event,0.9999985834785281,False,1.4165214719301552e-06,0.9999985834785281
1014.458,no_event,0.9999981658757763,False,1.8341242237179748e-06,0.9999981658757763
1014.958,no_event,0.9968444255870287,False,0.0031555744129715393,0.9968444255870287
1015.458,no_event,0.9953589905339778,False,0.004641009466022225,0.9953589905339778
1015.958,no_event,0.995832854913915,False,0.004167145086084984,0.995832854913915
1016.458,no_event,0.9999974094768841,False,2.5905231159332127e-06,0.9999974094768841
1016.958,no_event,0.9999940916021228,False,5.9083978770890594e-06,0.9999940916021228
1017.458,no_event,0.999998606302679,False,1.3936973210788185e-06,0.999998606302679
1017.958,no_event,0.9999931699794655,False,6.83002053453505e-06,0.9999931699794655
1018.458,no_event,0.9999919820490322,False,8.017950967785266e-06,0.9999919820490322
1018.958,no_event,0.9999976765116458,False,2.323488354216295e-06,0.9999976765116458
1019.458,no_event,0.9999991235678446,False,8.764321553704486e-07,0.9999991235678446
1019.958,no_event,0.9999993758952681,False,6.241047318591041e-07,0.9999993758952681
1020.458,no_event,0.9999993562757474,False,6.437242526059578e-07,0.9999993562757474
1020.958,no_event,0.9999962593261846,False,3.7406738153106693e-06,0.9999962593261846
1021.458,no_event,0.999997326009497,False,2.6739905030682206e-06,0.999997326009497
1021.958,no_event,0.9999998343400505,False,1.6565994950589055e-07,0.9999998343400505
1022.458,no_event,0.9999982052638335,False,1.7947361664467528e-06,0.9999982052638335
1022.958,no_event,0.9999995374220522,False,4.625779477656246e-07,0.9999995374220522
1023.458,no_event,0.9999910057270377,False,8.994272962252982e-06,0.9999910057270377
1023.958,no_event,0.9927722094881667,False,0.007227790511833524,0.9927722094881667
1024.458,no_event,0.9999985079498298,False,1.4920501701257719e-06,0.9999985079498298
1024.958,no_event,0.9999996071743446,False,3.9282565533141235e-07,0.9999996071743446
1025.458,no_event,0.9999992714658004,False,7.285341995959398e-07,0.9999992714658004
1025.958,no_event,0.9999995313284811,False,4.6867151890812925e-07,0.9999995313284811
1026.458,no_event,0.9999976217820971,False,2.37821790301893e-06,0.9999976217820971
1026.958,no_event,0.9999975902341914,False,2.409765808619843e-06,0.9999975902341914
1027.458,no_event,0.9999984799608583,False,1.5200391416303592e-06,0.9999984799608583
1027.958,no_event,0.9830081325030204,False,0.01699186749697961,0.9830081325030204
1028.458,no_event,0.911772237948068,False,0.08822776205193196,0.911772237948068
1028.958,no_event,0.9283907866921298,False,0.07160921330787014,0.9283907866921298
1029.458,eID_1,0.521074968867844,False,0.521074968867844,0.4789250311321559
1029.958,eID_1,0.5245532422927779,False,0.4754467577072221,0.5245532422927779
1030.458,no_event,0.8484622383070504,False,0.1515377616929497,0.8484622383070504
1030.958,no_event,0.8650492554762075,False,0.1349507445237926,0.8650492554762075
1031.458,no_event,0.9999966385804387,False,3.3614195613237663e-06,0.9999966385804387
1031.958,no_event,0.9913295303557423,False,0.008670469644257819,0.9913295303557423
1032.458,no_event,0.9999943558983818,False,5.644101618280274e-06,0.9999943558983818
1032.958,no_event,0.9963469293574848,False,0.0036530706425152997,0.9963469293574848
1033.458,no_event,0.9999913091474658,False,8.69085253409261e-06,0.9999913091474658
1033.958,no_event,0.9905202864224655,False,0.009479713577534889,0.9905202864224655
1034.458,no_event,0.9909010358501991,False,0.00909896414980083,0.9909010358501991
1034.958,no_event,0.9591222634320514,False,0.0408777365679486,0.9591222634320514
1035.458,no_event,0.9547840005723415,False,0.04521599942765872,0.9547840005723415
1035.958,no_event,0.9014346754254207,False,0.09856532457457924,0.9014346754254207
1036.458,no_event,0.8484591869680315,False,0.1515408130319686,0.8484591869680315
1036.958,no_event,0.779023928493396,False,0.22097607150660417,0.779023928493396
1037.458,eID_1,0.7576618352549856,True,0.24233816474501435,0.7576618352549856
1037.958,no_event,0.8005264122333792,False,0.19947358776662089,0.8005264122333792
1038.458,no_event,0.8831124644948797,False,0.11688753550512017,0.8831124644948797
1038.958,no_event,0.9803026930278388,False,0.01969730697216132,0.9803026930278388
1039.458,no_event,0.9914178586924649,False,0.008582141307535072,0.9914178586924649
1039.958,no_event,0.9999982068980287,False,1.7931019713474447e-06,0.9999982068980287
1040.458,no_event,0.9999836821007261,False,1.6317899273884897e-05,0.9999836821007261
1040.958,no_event,0.999995820632818,False,4.179367181967337e-06,0.999995820632818
1041.458,no_event,0.9999971204981342,False,2.8795018657957904e-06,0.9999971204981342
1041.958,no_event,0.9999995212975507,False,4.787024493614959e-07,0.9999995212975507
1042.458,no_event,0.9999933784388676,False,6.621561132355569e-06,0.9999933784388676
1042.958,no_event,0.9970205780458706,False,0.0029794219541294897,0.9970205780458706
1043.458,no_event,0.9999981750150603,False,1.82498493971153e-06,0.9999981750150603
1043.958,no_event,0.9999918484372401,False,8.151562759918718e-06,0.9999918484372401
1044.458,no_event,0.9999941644562822,False,5.835543717870476e-06,0.9999941644562822
1044.958,no_event,0.9973424632715734,False,0.002657536728426419,0.9973424632715734
1045.458,no_event,0.9999951516190301,False,4.848380969917307e-06,0.9999951516190301
1045.958,no_event,0.9999984116177547,False,1.5883822453862703e-06,0.9999984116177547
1046.458,no_event,0.9937283856564297,False,0.006271614343570099,0.9937283856564297
1046.958,no_event,0.9999995614278907,False,4.3857210927972185e-07,0.9999995614278907
1047.458,no_event,0.9999987381568516,False,1.2618431484481194e-06,0.9999987381568516
1047.958,no_event,0.9813146436336514,False,0.018685356366348778,0.9813146436336514
1048.458,no_event,0.9527463028928529,False,0.04725369710714716,0.9527463028928529
1048.958,no_event,0.9619469992171465,False,0.038053000782853626,0.9619469992171465
1049.458,no_event,0.8865255102141051,False,0.11347448978589483,0.8865255102141051
1049.958,no_event,0.9777358007142344,False,0.022264199285765476,0.9777358007142344
1050.458,no_event,0.9575900197662499,False,0.04240998023374996,0.9575900197662499
1050.958,no_event,0.989050663918591,False,0.010949336081408972,0.989050663918591
1051.458,no_event,0.9873422213268644,False,0.012657778673135636,0.9873422213268644
1051.958,no_event,0.9315364468971501,False,0.06846355310284985,0.9315364468971501
1052.458,no_event,0.9118966640732235,False,0.08810333592677663,0.9118966640732235
1052.958,no_event,0.9363815619023055,False,0.06361843809769448,0.9363815619023055
1053.458,no_event,0.9965841213324721,False,0.003415878667528029,0.9965841213324721
1053.958,no_event,0.9999951871627885,False,4.812837211446542e-06,0.9999951871627885
1054.458,no_event,0.9963157536811659,False,0.003684246318834295,0.9963157536811659
1054.958,no_event,0.9917655092930103,False,0.008234490706989818,0.9917655092930103
1055.458,no_event,0.9028206099571153,False,0.09717939004288458,0.9028206099571153
1055.958,no_event,0.8913565761478316,False,0.1086434238521684,0.8913565761478316
1056.458,no_event,0.9875958930028641,False,0.012404106997135862,0.9875958930028641
1056.958,no_event,0.9884090876121421,False,0.01159091238785796,0.9884090876121421
1057.458,no_event,0.9641022874548965,False,0.03589771254510361,0.9641022874548965
1057.958,no_event,0.9598265055622526,False,0.040173494437747356,0.9598265055622526
1058.458,no_event,0.8530915659522952,False,0.1469084340477047,0.8530915659522952
1058.958,no_event,0.8909331082757739,False,0.10906689172422594,0.8909331082757739
1059.458,no_event,0.8345752314182464,False,0.1654247685817534,0.8345752314182464
1059.958,eID_1,0.73566481161649,True,0.73566481161649,0.2643351883835101
1060.458,eID_1,0.7266015942982016,True,0.7266015942982016,0.2733984057017985
1060.958,eID_1,0.6469768480187054,False,0.6469768480187054,0.3530231519812946
1061.458,eID_1,0.6603416786337966,False,0.6603416786337966,0.33965832136620333
1061.958,no_event,0.8360323548356374,False,0.16396764516436269,0.8360323548356374
1062.458,no_event,0.9262287640058848,False,0.07377123599411518,0.9262287640058848
1062.958,no_event,0.9805460441474837,False,0.019453955852516334,0.9805460441474837
1063.458,no_event,0.9660314283278792,False,0.033968571672120806,0.9660314283278792
1063.958,no_event,0.9608986006705472,False,0.039101399329452995,0.9608986006705472
1064.458,eID_1,0.667909429691254,False,0.33209057030874595,0.667909429691254
1064.958,no_event,0.8752270347880569,False,0.12477296521194312,0.8752270347880569
1065.458,no_event,0.9423081893244126,False,0.05769181067558748,0.9423081893244126
1065.958,no_event,0.9201236104957816,False,0.07987638950421858,0.9201236104957816
1066.458,no_event,0.8883564323557508,False,0.11164356764424913,0.8883564323557508
1066.958,no_event,0.9999984089834028,False,1.5910165972609457e-06,0.9999984089834028
1067.458,no_event,0.9999998693336549,False,1.3066634513253344e-07,0.9999998693336549
1067.958,no_event,0.9999993709864298,False,6.290135701213653e-07,0.9999993709864298
1068.458,no_event,0.9999983718482949,False,1.6281517050765675e-06,0.9999983718482949
1068.958,no_event,0.9966963165302248,False,0.0033036834697751493,0.9966963165302248
1069.458,no_event,0.9936718212309017,False,0.006328178769098201,0.9936718212309017
1069.958,no_event,0.9874137051139846,False,0.01258629488601539,0.9874137051139846
1070.458,no_event,0.9866719790446868,False,0.013328020955313135,0.9866719790446868
1070.958,no_event,0.9952010350699021,False,0.004798964930098058,0.9952010350699021
1071.458,no_event,0.9927540046387595,False,0.007245995361240531,0.9927540046387595
1071.958,no_event,0.9094297732798919,False,0.0905702267201081,0.9094297732798919
1072.458,no_event,0.848428136366214,False,0.15157186363378597,0.848428136366214
1072.958,no_event,0.9828095351862833,False,0.017190464813716683,0.9828095351862833
1073.458,no_event,0.790340137696149,False,0.2096598623038511,0.790340137696149
1073.958,no_event,0.8736195187772215,False,0.1263804812227785,0.8736195187772215
1074.458,no_event,0.8572169186510565,False,0.14278308134894344,0.8572169186510565
1074.958,no_event,0.9265148117317366,False,0.07348518826826336,0.9265148117317366
1075.458,no_event,0.9645044092413303,False,0.0354955907586698,0.9645044092413303
1075.958,eID_1,0.5459470824977868,False,0.5459470824977868,0.4540529175022134
1076.458,no_event,0.9008956952852668,False,0.09910430471473299,0.9008956952852668
1076.958,eID_1,0.9279987385170431,True,0.9279987385170431,0.07200126148295705
1077.458,eID_1,0.8528091700561905,True,0.8528091700561905,0.14719082994380925
1077.958,eID_1,0.6132786375212361,False,0.3867213624787638,0.6132786375212361
1078.458,no_event,0.8845877854041865,False,0.11541221459581351,0.8845877854041865
1078.958,no_event,0.9873831481111909,False,0.012616851888809007,0.9873831481111909
1079.458,no_event,0.9429322798064876,False,0.05706772019351238,0.9429322798064876
1079.958,no_event,0.9935484993741805,False,0.006451500625819501,0.9935484993741805
1080.458,no_event,0.9999972729547795,False,2.727045220525737e-06,0.9999972729547795
1080.958,no_event,0.9999982608555456,False,1.7391444543871666e-06,0.9999982608555456
1081.458,no_event,0.9955638110953619,False,0.004436188904637963,0.9955638110953619
1081.958,no_event,0.9789748488609092,False,0.0210251511390905,0.9789748488609092
1082.458,no_event,0.9386775394397832,False,0.06132246056021676,0.9386775394397832
1082.958,no_event,0.9265976934688955,False,0.0734023065311043,0.9265976934688955
1083.458,no_event,0.9259532764460238,False,0.0740467235539763,0.9259532764460238
1083.958,no_event,0.933147685211453,False,0.06685231478854693,0.933147685211453
1084.458,no_event,0.9933695584027104,False,0.006630441597289686,0.9933695584027104
1084.958,no_event,0.986428007857046,False,0.013571992142954285,0.986428007857046
1085.458,no_event,0.9920003385541151,False,0.00799966144588529,0.9920003385541151
1085.958,no_event,0.9792930133028201,False,0.02070698669717979,0.9792930133028201
1086.458,no_event,0.9930011403924841,False,0.006998859607515891,0.9930011403924841
1086.958,no_event,0.9974323993043058,False,0.0025676006956940993,0.9974323993043058
1087.458,no_event,0.9897004071295501,False,0.010299592870450052,0.9897004071295501
1087.958,no_event,0.9880273167993942,False,0.011972683200605766,0.9880273167993942
1088.458,no_event,0.9958609165766638,False,0.004139083423335965,0.9958609165766638
1088.958,no_event,0.9914217462280114,False,0.008578253771988382,0.9914217462280114
1089.458,no_event,0.9999992279801339,False,7.720198661658975e-07,0.9999992279801339
1089.958,no_event,0.9999983406778937,False,1.659322106273036e-06,0.9999983406778937
1090.458,no_event,0.9999977065545871,False,2.293445412845612e-06,0.9999977065545871
1090.958,no_event,0.9999988294316438,False,1.1705683562532756e-06,0.9999988294316438
1091.458,no_event,0.9999959364340878,False,4.063565912270199e-06,0.9999959364340878
1091.958,no_event,0.9961270550809287,False,0.003872944919071296,0.9961270550809287
1092.458,no_event,0.9974673720552922,False,0.002532627944707772,0.9974673720552922
1092.958,no_event,0.9999981459817096,False,1.8540182903894628e-06,0.9999981459817096
1093.458,no_event,0.9999985095033695,False,1.490496630344854e-06,0.9999985095033695
1093.958,no_event,0.9999995518283713,False,4.481716286689047e-07,0.9999995518283713
1094.458,no_event,0.9999996947224634,False,3.052775366436796e-07,0.9999996947224634
1094.958,no_event,0.9936972253473725,False,0.006302774652627353,0.9936972253473725
1095.458,no_event,0.9872266957920093,False,0.012773304207990737,0.9872266957920093
1095.958,no_event,0.9871199295738353,False,0.01288007042616479,0.9871199295738353
1096.458,no_event,0.9762425437197103,False,0.023757456280289555,0.9762425437197103
1096.958,no_event,0.9611201175019052,False,0.03887988249809476,0.9611201175019052
1097.458,no_event,0.948990523981417,False,0.05100947601858286,0.948990523981417
1097.958,no_event,0.939825900822404,False,0.06017409917759592,0.939825900822404
1098.458,no_event,0.9825208217863909,False,0.0174791782136091,0.9825208217863909
1098.958,no_event,0.9890689345060144,False,0.010931065493985478,0.9890689345060144
1099.458,no_event,0.9736563801751236,False,0.026343619824876548,0.9736563801751236
1099.958,no_event,0.9613514272927773,False,0.03864857270722276,0.9613514272927773
1100.458,no_event,0.9915625493064236,False,0.008437450693576343,0.9915625493064236
1100.958,no_event,0.999998086858448,False,1.9131415519672002e-06,0.999998086858448
1101.458,no_event,0.9999939545881463,False,6.045411853611456e-06,0.9999939545881463
1101.958,no_event,0.996941620006711,False,0.0030583799932888986,0.996941620006711
1102.458,no_event,0.9999942129425635,False,5.787057436484207e-06,0.9999942129425635
1102.958,no_event,0.9999990606437652,False,9.393562348216823e-07,0.9999990606437652
1103.458,no_event,0.999992676374257,False,7.323625742952794e-06,0.999992676374257
1103.958,no_event,0.9687445455143794,False,0.03125545448562076,0.9687445455143794
1104.458,no_event,0.9787581618440627,False,0.021241838155937293,0.9787581618440627
1104.958,no_event,0.9628762834842542,False,0.03712371651574552,0.9628762834842542
1105.458,no_event,0.9892959514834435,False,0.010704048516556274,0.9892959514834435
1105.958,no_event,0.9903406635829455,False,0.00965933641705454,0.9903406635829455
1106.458,no_event,0.9208902472786583,False,0.07910975272134181,0.9208902472786583
1106.958,no_event,0.9798240055611559,False,0.020175994438844044,0.9798240055611559
1107.458,no_event,0.9852410380889272,False,0.014758961911073109,0.9852410380889272
1107.958,no_event,0.992358550848158,False,0.007641449151842087,0.992358550848158
1108.458,no_event,0.8274434610506576,False,0.1725565389493426,0.8274434610506576
1108.958,no_event,0.9596932988494836,False,0.040306701150516405,0.9596932988494836
1109.458,no_event,0.9893327681924617,False,0.010667231807538426,0.9893327681924617
1109.958,no_event,0.9950033999487367,False,0.004996600051263582,0.9950033999487367
1110.458,no_event,0.9949472494383794,False,0.005052750561620546,0.9949472494383794
1110.958,no_event,0.988014814955281,False,0.011985185044718908,0.988014814955281
1111.458,no_event,0.8495738001671638,False,0.15042619983283645,0.8495738001671638
1111.958,eID_1,0.5843980461558017,False,0.41560195384419824,0.5843980461558017
1112.458,eID_1,0.736859064749844,True,0.26314093525015636,0.736859064749844
1112.958,no_event,0.8193666919103468,False,0.18063330808965317,0.8193666919103468
1113.458,eID_1,0.6474087919956435,False,0.35259120800435656,0.6474087919956435
1113.958,no_event,0.9336831134756447,False,0.06631688652435544,0.9336831134756447
1114.458,no_event,0.9892329382588367,False,0.010767061741163209,0.9892329382588367
1114.958,no_event,0.9842343979811872,False,0.01576560201881284,0.9842343979811872
1115.458,no_event,0.9851580383420079,False,0.014841961657992108,0.9851580383420079
1115.958,no_event,0.9966939057996195,False,0.003306094200380346,0.9966939057996195
1116.458,no_event,0.9958373976508994,False,0.004162602349100591,0.9958373976508994
1116.958,no_event,0.9848374339774907,False,0.015162566022509238,0.9848374339774907
1117.458,no_event,0.9896759903350921,False,0.010324009664907886,0.9896759903350921
1117.958,no_event,0.9873860305810112,False,0.012613969418988834,0.9873860305810112
1118.458,no_event,0.9674744407041328,False,0.032525559295867215,0.9674744407041328
1118.958,no_event,0.8662635589094171,False,0.13373644109058289,0.8662635589094171
1119.458,eID_1,0.8653535206386587,True,0.8653535206386587,0.1346464793613415
1119.958,eID_1,0.7695477482272551,True,0.7695477482272551,0.23045225177274484
1120.458,eID_1,0.5872118821951744,False,0.41278811780482577,0.5872118821951744
1120.958,eID_1,0.6441505750591431,False,0.35584942494085686,0.6441505750591431
1121.458,no_event,0.8564506130788346,False,0.1435493869211653,0.8564506130788346
1121.958,no_event,0.9101504424468504,False,0.08984955755314976,0.9101504424468504
1122.458,no_event,0.9372352913361378,False,0.06276470866386198,0.9372352913361378
1122.958,no_event,0.9533786900481455,False,0.04662130995185447,0.9533786900481455
1123.458,no_event,0.978719331542652,False,0.021280668457347898,0.978719331542652
1123.958,no_event,0.9999914817098827,False,8.518290117310555e-06,0.9999914817098827
1124.458,no_event,0.9999957543295154,False,4.2456704845266325e-06,0.9999957543295154
1124.958,no_event,0.9958228497599915,False,0.004177150240008636,0.9958228497599915
1125.458,eID_1,0.6822439813344306,False,0.3177560186655693,0.6822439813344306
1125.958,no_event,0.9845245792382209,False,0.015475420761779032,0.9845245792382209
1126.458,no_event,0.9661367735239845,False,0.03386322647601536,0.9661367735239845
1126.958,no_event,0.8629594419133683,False,0.13704055808663185,0.8629594419133683
1127.458,eID_1,0.549243997317517,False,0.45075600268248295,0.549243997317517
1127.958,no_event,0.8100721910623891,False,0.18992780893761102,0.8100721910623891
1128.458,no_event,0.9877825598244914,False,0.012217440175508383,0.9877825598244914
1128.958,no_event,0.9872644156423713,False,0.012735584357628598,0.9872644156423713
1129.458,no_event,0.9938390108247799,False,0.00616098917522014,0.9938390108247799
1129.958,no_event,0.9723130675400299,False,0.02768693245997029,0.9723130675400299
1130.458,no_event,0.997409010171043,False,0.0025909898289569245,0.997409010171043
1130.958,no_event,0.9999996786119438,False,3.213880561732556e-07,0.9999996786119438
1131.458,no_event,0.9999993875562329,False,6.124437671893196e-07,0.9999993875562329
1131.958,no_event,0.9999993803932357,False,6.196067642294008e-07,0.9999993803932357
1132.458,no_event,0.9999989690031997,False,1.0309968001424637e-06,0.9999989690031997
1132.958,no_event,0.9963637231755851,False,0.003636276824414672,0.9963637231755851
1133.458,no_event,0.9961870307640421,False,0.0038129692359580624,0.9961870307640421
1133.958,no_event,0.9949746509668901,False,0.005025349033109705,0.9949746509668901
1134.458,no_event,0.9974317394724083,False,0.00256826052759167,0.9974317394724083
1134.958,no_event,0.9971394349952957,False,0.002860565004704405,0.9971394349952957
1135.458,no_event,0.9971412893181132,False,0.0028587106818868963,0.9971412893181132
1135.958,no_event,0.9792956975202521,False,0.020704302479748016,0.9792956975202521
1136.458,no_event,0.9964290973448192,False,0.003570902655180592,0.9964290973448192
1136.958,no_event,0.9999899804841874,False,1.0019515812620569e-05,0.9999899804841874
1137.458,no_event,0.9999971093655381,False,2.890634461895632e-06,0.9999971093655381
1137.958,no_event,0.9999995528457527,False,4.4715424729568457e-07,0.9999995528457527
1138.458,no_event,0.9999989126633169,False,1.0873366831620657e-06,0.9999989126633169
1138.958,no_event,0.9999954542655894,False,4.545734410613171e-06,0.9999954542655894
1139.458,no_event,0.9999986444938698,False,1.3555061302715052e-06,0.9999986444938698
1139.958,no_event,0.9999997732403011,False,2.2675969895285613e-07,0.9999997732403011
1140.458,no_event,0.9956448985916903,False,0.004355101408309808,0.9956448985916903
1140.958,no_event,0.9999989478911694,False,1.0521088306929228e-06,0.9999989478911694
1141.458,no_event,0.9999983385497849,False,1.6614502151499109e-06,0.9999983385497849
1141.958,no_event,0.9999950960908802,False,4.903909119846399e-06,0.9999950960908802
1142.458,no_event,0.9999871598729433,False,1.2840127056726523e-05,0.9999871598729433
1142.958,no_event,0.9956716148081548,False,0.004328385191845322,0.9956716148081548
1143.458,no_event,0.9999836795958779,False,1.632040412217515e-05,0.9999836795958779
1143.958,no_event,0.9974304891896663,False,0.00256951081033388,0.9974304891896663
1144.458,no_event,0.9999946914610506,False,5.308538949434121e-06,0.9999946914610506
1144.958,no_event,0.9963608055217791,False,0.003639194478220734,0.9963608055217791
1145.458,no_event,0.9999963738727226,False,3.626127277550468e-06,0.9999963738727226
1145.958,no_event,0.9965509855412898,False,0.0034490144587099713,0.9965509855412898
1146.458,no_event,0.9966311880985448,False,0.0033688119014551737,0.9966311880985448
1146.958,no_event,0.9490996677555787,False,0.05090033224442136,0.9490996677555787
1147.458,no_event,0.9950637561302943,False,0.004936243869705617,0.9950637561302943
1147.958,no_event,0.9061243668634195,False,0.09387563313658036,0.9061243668634195
1148.458,no_event,0.9533658091970452,False,0.046634190802955,0.9533658091970452
1148.958,no_event,0.9918793842471663,False,0.008120615752833855,0.9918793842471663
1149.458,no_event,0.993148310823365,False,0.006851689176635018,0.993148310823365
1149.958,no_event,0.9253853006566286,False,0.07461469934337155,0.9253853006566286
1150.458,eID_1,0.5882404933916009,False,0.4117595066083991,0.5882404933916009
1150.958,eID_1,0.8032275757654476,True,0.8032275757654476,0.1967724242345526
1151.458,eID_1,0.8969889835873188,True,0.8969889835873188,0.10301101641268114
1151.958,eID_1,0.7881324334421212,True,0.7881324334421212,0.21186756655787903
1152.458,eID_1,0.7066436039488951,True,0.7066436039488951,0.2933563960511049
1152.958,eID_1,0.5209153233038337,False,0.5209153233038337,0.4790846766961662
1153.458,no_event,0.9169664911614793,False,0.08303350883852076,0.9169664911614793
1153.958,no_event,0.8859588176554296,False,0.11404118234457018,0.8859588176554296
1154.458,no_event,0.9322989080051909,False,0.06770109199480905,0.9322989080051909
1154.958,no_event,0.9305104983740276,False,0.06948950162597253,0.9305104983740276
1155.458,no_event,0.9145831526449458,False,0.08541684735505409,0.9145831526449458
1155.958,no_event,0.9890341685535062,False,0.0109658314464937,0.9890341685535062
1156.458,no_event,0.8569837019463962,False,0.14301629805360383,0.8569837019463962
1156.958,no_event,0.943655245398913,False,0.056344754601086934,0.943655245398913
1157.458,no_event,0.9652055487199183,False,0.03479445128008166,0.9652055487199183
1157.958,eID_1,0.7168298340139764,True,0.28317016598602357,0.7168298340139764
1158.458,no_event,0.8902017245321697,False,0.10979827546783019,0.8902017245321697
1158.958,no_event,0.9937970591385394,False,0.006202940861460621,0.9937970591385394
1159.458,no_event,0.9874413034501888,False,0.012558696549811241,0.9874413034501888
1159.958,no_event,0.9589110343149057,False,0.041088965685094306,0.9589110343149057
1160.458,no_event,0.9806238724037439,False,0.019376127596256263,0.9806238724037439
1160.958,no_event,0.9793583704462945,False,0.02064162955370555,0.9793583704462945
1161.458,no_event,0.9999880648081901,False,1.1935191809746175e-05,0.9999880648081901
1161.958,no_event,0.9999983053339665,False,1.6946660334516443e-06,0.9999983053339665
1162.458,no_event,0.9925363925774087,False,0.007463607422591613,0.9925363925774087
1162.958,no_event,0.9967106919158142,False,0.003289308084185715,0.9967106919158142
1163.458,no_event,0.9947305824998551,False,0.005269417500145045,0.9947305824998551
1163.958,no_event,0.9999973501966504,False,2.649803349674337e-06,0.9999973501966504
1164.458,no_event,0.9999974388260175,False,2.561173982363037e-06,0.9999974388260175
1164.958,no_event,0.999993864747376,False,6.135252624142782e-06,0.999993864747376
1165.458,no_event,0.9899392866869628,False,0.010060713313037333,0.9899392866869628
1165.958,no_event,0.9999982146010336,False,1.785398966523449e-06,0.9999982146010336
1166.458,no_event,0.9999997274515389,False,2.725484611114994e-07,0.9999997274515389
1166.958,no_event,0.9999997546509798,False,2.4534902022173983e-07,0.9999997546509798
1167.458,no_event,0.9944223225189726,False,0.0055776774810274215,0.9944223225189726
1167.958,no_event,0.9999884434134404,False,1.1556586559561575e-05,0.9999884434134404
1168.458,no_event,0.9999977784385196,False,2.221561480439866e-06,0.9999977784385196
1168.958,no_event,0.9974464393399722,False,0.0025535606600280273,0.9974464393399722
1169.458,no_event,0.9970579650420618,False,0.0029420349579382275,0.9970579650420618
1169.958,no_event,0.999999150945411,False,8.49054588989324e-07,0.999999150945411
1170.458,no_event,0.9999998483705206,False,1.5162947932856046e-07,0.9999998483705206
1170.958,no_event,0.9999991303068182,False,8.696931818475823e-07,0.9999991303068182
1171.458,no_event,0.9999974344288343,False,2.565571165741553e-06,0.9999974344288343
1171.958,no_event,0.9999996566905431,False,3.4330945686220384e-07,0.9999996566905431
1172.458,no_event,0.9999994527150471,False,5.472849528550957e-07,0.9999994527150471
1172.958,no_event,0.9999993883373707,False,6.116626292772255e-07,0.9999993883373707
1173.458,no_event,0.9999938229568046,False,6.177043195355909e-06,0.9999938229568046
1173.958,no_event,0.9999894089149229,False,1.0591085076970475e-05,0.9999894089149229
1174.458,no_event,0.9999890357595939,False,1.0964240406229883e-05,0.9999890357595939
1174.958,no_event,0.9999985096897868,False,1.4903102133042246e-06,0.9999985096897868
1175.458,no_event,0.9999838380255573,False,1.6161974442633114e-05,0.9999838380255573
1175.958,no_event,0.8776199002644965,False,0.12238009973550348,0.8776199002644965
1176.458,eID_1,0.6734577747271986,False,0.32654222527280136,0.6734577747271986
1176.958,eID_1,0.6159682678638604,False,0.3840317321361397,0.6159682678638604
1177.458,no_event,0.7823981777390826,False,0.2176018222609175,0.7823981777390826
1177.958,no_event,0.9939332787089461,False,0.006066721291053787,0.9939332787089461
1178.458,no_event,0.9698607160066937,False,0.030139283993306367,0.9698607160066937
1178.958,no_event,0.9936050193118847,False,0.0063949806881152815,0.9936050193118847
1179.458,no_event,0.9855008524168042,False,0.01449914758319583,0.9855008524168042
1179.958,no_event,0.9999984134241071,False,1.5865758928879616e-06,0.9999984134241071
1180.458,no_event,0.9999996057041703,False,3.9429582966363114e-07,0.9999996057041703
1180.958,no_event,0.9999993631379388,False,6.368620612011185e-07,0.9999993631379388
1181.458,no_event,0.9999983982702886,False,1.6017297114170235e-06,0.9999983982702886
1181.958,no_event,0.9999991505153855,False,8.494846145178542e-07,0.9999991505153855
1182.458,no_event,0.9999954365728745,False,4.563427125587425e-06,0.9999954365728745
1182.958,no_event,0.9837767291988918,False,0.016223270801108036,0.9837767291988918
1183.458,no_event,0.9293199694512916,False,0.07068003054870832,0.9293199694512916
1183.958,no_event,0.8784075624474053,False,0.12159243755259477,0.8784075624474053
1184.458,no_event,0.9968503207592857,False,0.0031496792407143563,0.9968503207592857
1184.958,no_event,0.978998985676884,False,0.021001014323115807,0.978998985676884
1185.458,no_event,0.9842002567260112,False,0.015799743273988854,0.9842002567260112
1185.958,no_event,0.99212185211484,False,0.007878147885160029,0.99212185211484
1186.458,no_event,0.9866637902848507,False,0.013336209715149271,0.9866637902848507
1186.958,no_event,0.9884643165692888,False,0.01153568343071107,0.9884643165692888
1187.458,no_event,0.9966659312544169,False,0.0033340687455829243,0.9966659312544169
1187.958,no_event,0.9973341636587262,False,0.002665836341273913,0.9973341636587262
1188.458,no_event,0.9999815431510468,False,1.845684895321871e-05,0.9999815431510468
1188.958,no_event,0.9968278172428459,False,0.003172182757154309,0.9968278172428459
1189.458,no_event,0.9970711490324278,False,0.0029288509675722517,0.9970711490324278
1189.958,no_event,0.9958349058255165,False,0.004165094174483378,0.9958349058255165
1190.458,no_event,0.9916032320354502,False,0.008396767964549932,0.9916032320354502
1190.958,no_event,0.9999955808765356,False,4.419123464423954e-06,0.9999955808765356
1191.458,no_event,0.9999989250133414,False,1.0749866584797776e-06,0.9999989250133414
1191.958,no_event,0.9999998676502182,False,1.3234978172723694e-07,0.9999998676502182
1192.458,no_event,0.999996720741896,False,3.2792581039246994e-06,0.999996720741896
1192.958,no_event,0.9796985481025088,False,0.020301451897491444,0.9796985481025088
1193.458,no_event,0.9787409657469875,False,0.021259034253012298,0.9787409657469875
1193.958,no_event,0.842295061032582,False,0.15770493896741808,0.842295061032582
1194.458,eID_1,0.7458289535757835,True,0.7458289535757835,0.25417104642421656
1194.958,no_event,0.767563212213485,False,0.2324367877865149,0.767563212213485
1195.458,no_event,0.8935907867167421,False,0.10640921328325798,0.8935907867167421
1195.958,no_event,0.9941722569377167,False,0.005827743062283381,0.9941722569377167
1196.458,no_event,0.9919279619201955,False,0.008072038079804405,0.9919279619201955
1196.958,no_event,0.9999971628721572,False,2.837127842843623e-06,0.9999971628721572
1197.458,no_event,0.9999981799240374,False,1.8200759626941825e-06,0.9999981799240374
1197.958,no_event,0.9999839265791823,False,1.607342081759288e-05,0.9999839265791823
1198.458,no_event,0.9999992213768933,False,7.786231066496101e-07,0.9999992213768933
1198.958,no_event,0.9999983132479051,False,1.6867520948107467e-06,0.9999983132479051
1199.458,no_event,0.9999997660196309,False,2.3398036905040613e-07,0.9999997660196309
1199.958,no_event,0.9999990116333726,False,9.883666275094095e-07,0.9999990116333726
1200.458,no_event,0.9999998264827669,False,1.7351723309349396e-07,0.9999998264827669
1200.958,no_event,0.9999991126467972,False,8.873532027881123e-07,0.9999991126467972
1201.458,no_event,0.9999993102795862,False,6.897204137396795e-07,0.9999993102795862
1201.958,no_event,0.9956232555473018,False,0.004376744452698279,0.9956232555473018
1202.458,no_event,0.9999874167296873,False,1.258327031277808e-05,0.9999874167296873
1202.958,no_event,0.9999883331171793,False,1.1666882820772067e-05,0.9999883331171793
1203.458,no_event,0.9811772944998598,False,0.01882270550014026,0.9811772944998598
1203.958,no_event,0.9704950039920535,False,0.02950499600794662,0.9704950039920535
1204.458,no_event,0.9807282372515946,False,0.019271762748405398,0.9807282372515946
1204.958,no_event,0.983284592596731,False,0.016715407403269066,0.983284592596731
1205.458,no_event,0.9957471580794505,False,0.004252841920549421,0.9957471580794505
1205.958,no_event,0.9962361375670953,False,0.0037638624329046503,0.9962361375670953
1206.458,no_event,0.995054724432299,False,0.004945275567701004,0.995054724432299
1206.958,no_event,0.985006031339348,False,0.014993968660652232,0.985006031339348
1207.458,no_event,0.992615600056895,False,0.007384399943104976,0.992615600056895
1207.958,no_event,0.9942121272386862,False,0.005787872761313699,0.9942121272386862
1208.458,no_event,0.9970850426982066,False,0.0029149573017935443,0.9970850426982066
1208.958,no_event,0.9823373174362975,False,0.017662682563702396,0.9823373174362975
1209.458,no_event,0.9771177539790822,False,0.022882246020917704,0.9771177539790822
1209.958,no_event,0.9829680823319177,False,0.017031917668082146,0.9829680823319177
1210.458,no_event,0.9908595628058002,False,0.009140437194199633,0.9908595628058002
1210.958,no_event,0.9964535072648756,False,0.0035464927351244856,0.9964535072648756
1211.458,no_event,0.9890658587379214,False,0.010934141262078532,0.9890658587379214
1211.958,no_event,0.988908370387211,False,0.011091629612788947,0.988908370387211
1212.458,no_event,0.9999990457630438,False,9.542369562782598e-07,0.9999990457630438
1212.958,no_event,0.9999996036266053,False,3.9637339463310914e-07,0.9999996036266053
1213.458,no_event,0.9999947618613351,False,5.238138664906528e-06,0.9999947618613351
1213.958,no_event,0.9937404192451812,False,0.0062595807548187195,0.9937404192451812
1214.458,eID_1,0.6367477544316981,False,0.3632522455683017,0.6367477544316981
1214.958,no_event,0.9288301854085563,False,0.07116981459144364,0.9288301854085563
1215.458,no_event,0.9915493853683488,False,0.008450614631651364,0.9915493853683488
1215.958,no_event,0.9951076125014697,False,0.004892387498530413,0.9951076125014697
1216.458,no_event,0.986773183283542,False,0.013226816716457937,0.986773183283542
1216.958,no_event,0.979128134922339,False,0.02087186507766123,0.979128134922339
1217.458,no_event,0.9999995977395559,False,4.0226044395760163e-07,0.9999995977395559
1217.958,no_event,0.9999996970529752,False,3.029470247771727e-07,0.9999996970529752
1218.458,no_event,0.9960177374780623,False,0.00398226252193768,0.9960177374780623
1218.958,no_event,0.9651075357432661,False,0.03489246425673386,0.9651075357432661
1219.458,no_event,0.8199755586805189,False,0.18002444131948095,0.8199755586805189
1219.958,no_event,0.9374702466504069,False,0.06252975334959301,0.9374702466504069
1220.458,no_event,0.9323933560064731,False,0.06760664399352688,0.9323933560064731
1220.958,no_event,0.9492491451026557,False,0.05075085489734428,0.9492491451026557
1221.458,no_event,0.8953637046537578,False,0.10463629534624237,0.8953637046537578
1221.958,eID_1,0.6673161849953319,False,0.3326838150046681,0.6673161849953319
1222.458,no_event,0.8855627406505481,False,0.11443725934945188,0.8855627406505481
1222.958,no_event,0.9560608945883502,False,0.043939105411649686,0.9560608945883502
1223.458,no_event,0.9132825648166057,False,0.08671743518339424,0.9132825648166057
1223.958,no_event,0.9059765340797874,False,0.09402346592021263,0.9059765340797874
1224.458,no_event,0.9910541533026705,False,0.008945846697329379,0.9910541533026705
1224.958,no_event,0.9999866974245065,False,1.3302575493591845e-05,0.9999866974245065
1225.458,no_event,0.9999991237181454,False,8.762818546428798e-07,0.9999991237181454
1225.958,no_event,0.9999818057879388,False,1.819421206109088e-05,0.9999818057879388
1226.458,no_event,0.8748509354585057,False,0.1251490645414943,0.8748509354585057
1226.958,no_event,0.9621843140418822,False,0.03781568595811781,0.9621843140418822
1227.458,no_event,0.985685216905893,False,0.014314783094107176,0.985685216905893
1227.958,no_event,0.9926045113104895,False,0.0073954886895105845,0.9926045113104895
1228.458,no_event,0.9960985725038551,False,0.003901427496145017,0.9960985725038551
1228.958,no_event,0.9999903146437501,False,9.685356249969154e-06,0.9999903146437501
1229.458,no_event,0.9999878112653791,False,1.2188734620879332e-05,0.9999878112653791
1229.958,no_event,0.9685458130803295,False,0.03145418691967039,0.9685458130803295
1230.458,no_event,0.978737231821755,False,0.021262768178245132,0.978737231821755
1230.958,eID_1,0.6638032021674819,False,0.33619679783251794,0.6638032021674819
1231.458,eID_1,0.6664230151524144,False,0.6664230151524144,0.3335769848475857
1231.958,eID_1,0.6732514611646916,False,0.3267485388353084,0.6732514611646916
1232.458,no_event,0.775322539120962,False,0.22467746087903787,0.775322539120962
1232.958,eID_1,0.5134658726498667,False,0.4865341273501334,0.5134658726498667
1233.458,no_event,0.9624921718035409,False,0.037507828196459196,0.9624921718035409
1233.958,no_event,0.9516605207744292,False,0.048339479225570914,0.9516605207744292
1234.458,no_event,0.9463523069532649,False,0.05364769304673484,0.9463523069532649
1234.958,no_event,0.9294538319113647,False,0.07054616808863537,0.9294538319113647
1235.458,no_event,0.9687502319191974,False,0.031249768080802508,0.9687502319191974
1235.958,no_event,0.9839996350222158,False,0.0160003649777844,0.9839996350222158
1236.458,no_event,0.9726907525627847,False,0.027309247437215307,0.9726907525627847
1236.958,no_event,0.999986248163723,False,1.3751836277093067e-05,0.999986248163723
1237.458,no_event,0.9999987227873183,False,1.277212681774478e-06,0.9999987227873183
1237.958,no_event,0.9999971818763596,False,2.8181236403971576e-06,0.9999971818763596
1238.458,no_event,0.9999996991479368,False,3.008520631404087e-07,0.9999996991479368
1238.958,no_event,0.9965063716225928,False,0.0034936283774070808,0.9965063716225928
1239.458,no_event,0.9999973640343941,False,2.635965605917011e-06,0.9999973640343941
1239.958,no_event,0.9856651397408985,False,0.014334860259101426,0.9856651397408985
1240.458,no_event,0.9961090989539619,False,0.003890901046038096,0.9961090989539619
1240.958,no_event,0.9949451942433842,False,0.005054805756615795,0.9949451942433842
1241.458,no_event,0.9999987214170523,False,1.2785829477055499e-06,0.9999987214170523
1241.958,no_event,0.996265308721903,False,0.0037346912780969257,0.996265308721903
1242.458,no_event,0.9953501993685292,False,0.004649800631470656,0.9953501993685292
1242.958,no_event,0.9999948779365231,False,5.122063476981866e-06,0.9999948779365231
1243.458,no_event,0.9946803878211747,False,0.0053196121788251696,0.9946803878211747
1243.958,no_event,0.9999993358263893,False,6.641736106614993e-07,0.9999993358263893
1244.458,no_event,0.999997255709795,False,2.744290204965064e-06,0.999997255709795
1244.958,no_event,0.9790280412408406,False,0.020971958759159536,0.9790280412408406
1245.458,no_event,0.9938338009982219,False,0.006166199001778001,0.9938338009982219
1245.958,no_event,0.9550616243344769,False,0.04493837566552308,0.9550616243344769
1246.458,no_event,0.9966972477286957,False,0.003302752271304455,0.9966972477286957
1246.958,no_event,0.9945324797841111,False,0.00546752021588901,0.9945324797841111
1247.458,no_event,0.9878269986269056,False,0.012173001373094433,0.9878269986269056
1247.958,no_event,0.9894272426806356,False,0.010572757319364473,0.9894272426806356
1248.458,no_event,0.995362440340218,False,0.004637559659782223,0.995362440340218
1248.958,no_event,0.9935156326018986,False,0.006484367398101431,0.9935156326018986
1249.458,no_event,0.9752949662782334,False,0.024705033721766443,0.9752949662782334
1249.958,no_event,0.9248484474526651,False,0.07515155254733466,0.9248484474526651
1250.458,no_event,0.9494883506180533,False,0.050511649381946515,0.9494883506180533
1250.958,no_event,0.9874000685646005,False,0.01259993143539933,0.9874000685646005
1251.458,no_event,0.9715320250208342,False,0.02846797497916569,0.9715320250208342
1251.958,no_event,0.9688791478691055,False,0.03112085213089465,0.9688791478691055
1252.458,no_event,0.9711628736933361,False,0.028837126306663796,0.9711628736933361
1252.958,no_event,0.9769351988137239,False,0.02306480118627619,0.9769351988137239
1253.458,no_event,0.7752688204219783,False,0.22473117957802163,0.7752688204219783
1253.958,eID_1,0.5679293656835673,False,0.5679293656835673,0.4320706343164327
1254.458,no_event,0.9334020571101068,False,0.0665979428898933,0.9334020571101068
1254.958,no_event,0.8597008612185845,False,0.14029913878141562,0.8597008612185845
1255.458,no_event,0.9671411538109655,False,0.032858846189034445,0.9671411538109655
1255.958,no_event,0.9637204224757862,False,0.03627957752421381,0.9637204224757862
1256.458,no_event,0.9925546711577804,False,0.007445328842219676,0.9925546711577804
1256.958,no_event,0.9999943477735284,False,5.652226471652471e-06,0.9999943477735284
1257.458,no_event,0.9999996589863988,False,3.410136012322937e-07,0.9999996589863988
1257.958,no_event,0.9999901644255367,False,9.835574463274367e-06,0.9999901644255367
1258.458,no_event,0.9999873775931176,False,1.2622406882363272e-05,0.9999873775931176
1258.958,no_event,0.9911321501772945,False,0.008867849822705387,0.9911321501772945
1259.458,no_event,0.9927277749110842,False,0.007272225088916014,0.9927277749110842
1259.958,no_event,0.9839297492058713,False,0.01607025079412879,0.9839297492058713
1260.458,no_event,0.9929334136839567,False,0.007066586316043371,0.9929334136839567
1260.958,no_event,0.9999900371331772,False,9.962866822730015e-06,0.9999900371331772
1261.458,no_event,0.9999998149292189,False,1.850707811450088e-07,0.9999998149292189
1261.958,no_event,0.999999837820964,False,1.6217903593707203e-07,0.999999837820964
1262.458,no_event,0.99999671257944,False,3.287420559992601e-06,0.99999671257944
1262.958,no_event,0.989285852849277,False,0.01071414715072304,0.989285852849277
1263.458,no_event,0.9890259521110126,False,0.010974047888987265,0.9890259521110126
1263.958,no_event,0.9801063167911477,False,0.01989368320885246,0.9801063167911477
1264.458,no_event,0.9764071546045738,False,0.023592845395426044,0.9764071546045738
1264.958,no_event,0.988436156871807,False,0.011563843128192862,0.988436156871807
1265.458,no_event,0.9932262372258507,False,0.006773762774149418,0.9932262372258507
1265.958,no_event,0.9263026740209577,False,0.07369732597904233,0.9263026740209577
1266.458,no_event,0.8464642340250107,False,0.15353576597498925,0.8464642340250107
1266.958,eID_1,0.69649162652152,False,0.3035083734784799,0.69649162652152
1267.458,no_event,0.9895847358832187,False,0.010415264116781422,0.9895847358832187
1267.958,no_event,0.9999822098790336,False,1.779012096643118e-05,0.9999822098790336
1268.458,no_event,0.9999919840256549,False,8.015974345051251e-06,0.9999919840256549
1268.958,no_event,0.9999939120678625,False,6.0879321374888886e-06,0.9999939120678625
1269.458,no_event,0.9972157637734991,False,0.0027842362265008344,0.9972157637734991
1269.958,no_event,0.9894637449542285,False,0.010536255045771417,0.9894637449542285
1270.458,no_event,0.9825693316925677,False,0.017430668307432482,0.9825693316925677
1270.958,no_event,0.9931176393710809,False,0.006882360628919028,0.9931176393710809
1271.458,no_event,0.9919283675505305,False,0.008071632449469436,0.9919283675505305
1271.958,no_event,0.9999927585744915,False,7.241425508502264e-06,0.9999927585744915
1272.458,no_event,0.9918770081334916,False,0.008122991866508486,0.9918770081334916
1272.958,no_event,0.9936221119513122,False,0.006377888048687776,0.9936221119513122
1273.458,no_event,0.9865135949742674,False,0.01348640502573284,0.9865135949742674
1273.958,no_event,0.9905779987041177,False,0.009422001295882242,0.9905779987041177
1274.458,no_event,0.9871154793921266,False,0.01288452060787368,0.9871154793921266
1274.958,no_event,0.9895907124773047,False,0.010409287522695184,0.9895907124773047
1275.458,no_event,0.9962853259626999,False,0.003714674037300122,0.9962853259626999
1275.958,no_event,0.9999996222718749,False,3.777281251482622e-07,0.9999996222718749
1276.458,no_event,0.9999977536656424,False,2.246334357694179e-06,0.9999977536656424
1276.958,no_event,0.9999927254938036,False,7.274506196442505e-06,0.9999927254938036
1277.458,no_event,0.9999997657468116,False,2.3425318837906391e-07,0.9999997657468116
1277.958,no_event,0.9999992166533391,False,7.833466607981502e-07,0.9999992166533391
1278.458,no_event,0.9964019962008677,False,0.0035980037991322957,0.9964019962008677
1278.958,no_event,0.9915979198936875,False,0.008402080106312446,0.9915979198936875
1279.458,no_event,0.9914908330595085,False,0.008509166940491395,0.9914908330595085
1279.958,no_event,0.9932556180699631,False,0.006744381930036929,0.9932556180699631
1280.458,no_event,0.9815060413242928,False,0.018493958675707575,0.9815060413242928
1280.958,no_event,0.8811463201509918,False,0.11885367984900812,0.8811463201509918
1281.458,no_event,0.9590899540206425,False,0.040910045979357566,0.9590899540206425
1281.958,no_event,0.9934169590521239,False,0.0065830409478761205,0.9934169590521239
1282.458,no_event,0.9999984447006555,False,1.5552993445667958e-06,0.9999984447006555
1282.958,no_event,0.9999877483467374,False,1.2251653262602043e-05,0.9999877483467374
1283.458,no_event,0.9687545234043192,False,0.03124547659568075,0.9687545234043192
1283.958,no_event,0.9855937995137076,False,0.014406200486292646,0.9855937995137076
1284.458,no_event,0.9741482780590247,False,0.025851721940975153,0.9741482780590247
1284.958,no_event,0.9805158393943625,False,0.019484160605637735,0.9805158393943625
1285.458,no_event,0.9682543545422553,False,0.03174564545774456,0.9682543545422553
1285.958,no_event,0.9693649951847376,False,0.030635004815262306,0.9693649951847376
1286.458,no_event,0.9679836540453725,False,0.0320163459546276,0.9679836540453725
1286.958,no_event,0.979877090594484,False,0.02012290940551595,0.979877090594484
1287.458,no_event,0.9899539124107931,False,0.010046087589206701,0.9899539124107931
1287.958,no_event,0.9697503406656047,False,0.0302496593343951,0.9697503406656047
1288.458,no_event,0.9854596218474062,False,0.014540378152593757,0.9854596218474062
1288.958,no_event,0.9814490017584175,False,0.01855099824158257,0.9814490017584175
1289.458,no_event,0.9283829039543691,False,0.0716170960456313,0.9283829039543691
1289.958,no_event,0.9531642067983228,False,0.04683579320167729,0.9531642067983228
1290.458,no_event,0.9432074571301878,False,0.05679254286981204,0.9432074571301878
1290.958,no_event,0.9319909660634864,False,0.06800903393651345,0.9319909660634864
1291.458,no_event,0.9966752928263588,False,0.0033247071736412642,0.9966752928263588
1291.958,no_event,0.9999988338259845,False,1.1661740155798832e-06,0.9999988338259845
1292.458,no_event,0.992732474088559,False,0.00726752591144101,0.992732474088559
1292.958,no_event,0.8561348759715653,False,0.1438651240284349,0.8561348759715653
1293.458,eID_1,0.6031850429371345,False,0.39681495706286546,0.6031850429371345
1293.958,eID_1,0.8073837856069814,True,0.8073837856069814,0.1926162143930186
1294.458,eID_1,0.555636666274032,False,0.555636666274032,0.4443633337259682
1294.958,no_event,0.8199120530036501,False,0.18008794699634992,0.8199120530036501
1295.458,no_event,0.9900396910089193,False,0.009960308991080753,0.9900396910089193
1295.958,no_event,0.9290853386962591,False,0.070914661303741,0.9290853386962591
1296.458,no_event,0.9999936741268719,False,6.325873128047486e-06,0.9999936741268719
1296.958,no_event,0.9945657703352371,False,0.005434229664762926,0.9945657703352371
1297.458,no_event,0.988257684622489,False,0.011742315377511274,0.988257684622489
1297.958,no_event,0.9910041996977683,False,0.008995800302231512,0.9910041996977683
1298.458,eID_1,0.7423106012817621,True,0.2576893987182381,0.7423106012817621
1298.958,no_event,0.989240989301485,False,0.010759010698514976,0.989240989301485
1299.458,no_event,0.9679262362147305,False,0.03207376378526926,0.9679262362147305
1299.958,eID_1,0.6874088577389666,False,0.31259114226103324,0.6874088577389666
1300.458,no_event,0.8722621806976321,False,0.12773781930236794,0.8722621806976321
1300.958,no_event,0.9395226305866784,False,0.060477369413321415,0.9395226305866784
1301.458,eID_1,0.6993100075434516,False,0.3006899924565486,0.6993100075434516
1301.958,eID_1,0.8920470789608856,True,0.8920470789608856,0.10795292103911412
1302.458,eID_1,0.9440897463969132,True,0.9440897463969132,0.055910253603086726
1302.958,eID_1,0.6848367725590153,False,0.6848367725590153,0.3151632274409848
1303.458,eID_1,0.6253754104443662,False,0.6253754104443662,0.3746245895556339
1303.958,eID_1,0.6034347114818629,False,0.3965652885181371,0.6034347114818629
1304.458,no_event,0.9699467121976525,False,0.030053287802347534,0.9699467121976525
1304.958,no_event,0.9939267462989788,False,0.006073253701021181,0.9939267462989788
1305.458,no_event,0.9925237525530057,False,0.007476247446994391,0.9925237525530057
1305.958,no_event,0.9821055290503733,False,0.017894470949626606,0.9821055290503733
1306.458,no_event,0.9903696886908313,False,0.009630311309168636,0.9903696886908313
1306.958,no_event,0.981189356906435,False,0.018810643093565033,0.981189356906435
1307.458,no_event,0.9999864020345177,False,1.3597965482306083e-05,0.9999864020345177
1307.958,no_event,0.9999897067413193,False,1.0293258680807482e-05,0.9999897067413193
1308.458,no_event,0.994137099768906,False,0.005862900231094082,0.994137099768906
1308.958,no_event,0.9972508273161262,False,0.002749172683873594,0.9972508273161262
1309.458,no_event,0.9843027600262876,False,0.01569723997371245,0.9843027600262876
1309.958,no_event,0.9797773848745156,False,0.020222615125484556,0.9797773848745156
1310.458,no_event,0.9907021653280265,False,0.009297834671973523,0.9907021653280265
1310.958,no_event,0.9094217779541953,False,0.09057822204580472,0.9094217779541953
1311.458,no_event,0.9919923951872143,False,0.008007604812785575,0.9919923951872143
1311.958,no_event,0.9664160870534616,False,0.0335839129465382,0.9664160870534616
1312.458,no_event,0.9999889253327957,False,1.1074667204199551e-05,0.9999889253327957
1312.958,no_event,0.9999953747607693,False,4.6252392308156e-06,0.9999953747607693
1313.458,no_event,0.9999928030352692,False,7.1969647309115705e-06,0.9999928030352692
1313.958,no_event,0.9965160494662398,False,0.003483950533760098,0.9965160494662398
1314.458,no_event,0.9851735835910423,False,0.014826416408957769,0.9851735835910423
1314.958,no_event,0.9855217024083369,False,0.014478297591663055,0.9855217024083369
1315.458,no_event,0.9698434664430742,False,0.030156533556926074,0.9698434664430742
1315.958,eID_1,0.6776312832883964,False,0.3223687167116036,0.6776312832883964
1316.458,eID_1,0.5261657075534322,False,0.47383429244656794,0.5261657075534322
1316.958,eID_1,0.6189984798023317,False,0.3810015201976685,0.6189984798023317
1317.458,eID_1,0.6818818753971282,False,0.31811812460287187,0.6818818753971282
1317.958,eID_1,0.6850410963214306,False,0.3149589036785695,0.6850410963214306
1318.458,eID_1,0.6555754915996562,False,0.34442450840034355,0.6555754915996562
1318.958,eID_1,0.7263613156226,True,0.27363868437740013,0.7263613156226
1319.458,no_event,0.9999919050801414,False,8.094919858638562e-06,0.9999919050801414
1319.958,no_event,0.9912928835979241,False,0.008707116402075853,0.9912928835979241
1320.458,no_event,0.9835265053308865,False,0.016473494669113402,0.9835265053308865
1320.958,no_event,0.9741229906077165,False,0.02587700939228348,0.9741229906077165
1321.458,no_event,0.9853106983301371,False,0.014689301669863083,0.9853106983301371
1321.958,no_event,0.9869488940251624,False,0.013051105974837546,0.9869488940251624
1322.458,no_event,0.9876158293854479,False,0.012384170614552074,0.9876158293854479
1322.958,no_event,0.9906115845246243,False,0.009388415475375833,0.9906115845246243
1323.458,no_event,0.9999980310407878,False,1.968959212195652e-06,0.9999980310407878
1323.958,no_event,0.9936616122048346,False,0.0063383877951653424,0.9936616122048346
1324.458,no_event,0.9942324066414617,False,0.005767593358538425,0.9942324066414617
1324.958,no_event,0.9184142767146529,False,0.08158572328534706,0.9184142767146529
1325.458,no_event,0.9271389027962401,False,0.07286109720375981,0.9271389027962401
1325.958,no_event,0.8430174512611117,False,0.15698254873888826,0.8430174512611117
1326.458,no_event,0.7971895860197856,False,0.20281041398021435,0.7971895860197856
1326.958,no_event,0.9021807020705466,False,0.09781929792945347,0.9021807020705466
1327.458,no_event,0.939004791874958,False,0.06099520812504206,0.939004791874958
1327.958,no_event,0.9705384926853856,False,0.029461507314614402,0.9705384926853856
1328.458,no_event,0.9953816591370487,False,0.004618340862951474,0.9953816591370487
1328.958,no_event,0.9973254990185582,False,0.002674500981441935,0.9973254990185582
1329.458,no_event,0.9999991642029966,False,8.357970034926257e-07,0.9999991642029966
1329.958,no_event,0.999993972329627,False,6.02767037314547e-06,0.999993972329627
1330.458,no_event,0.9999937414821335,False,6.258517866487407e-06,0.9999937414821335
1330.958,no_event,0.9696081587585565,False,0.030391841241443607,0.9696081587585565
1331.458,no_event,0.9718822875714402,False,0.02811771242855981,0.9718822875714402
1331.958,no_event,0.9865682099594009,False,0.013431790040598997,0.9865682099594009
1332.458,no_event,0.9999932297932219,False,6.770206778065848e-06,0.9999932297932219
1332.958,no_event,0.996602416660424,False,0.003397583339575996,0.996602416660424
1333.458,no_event,0.9912034889054521,False,0.00879651109454788,0.9912034889054521
1333.958,no_event,0.9947502057564723,False,0.005249794243527801,0.9947502057564723
1334.458,no_event,0.9712490612661533,False,0.028750938733846942,0.9712490612661533
1334.958,no_event,0.9847469852378338,False,0.01525301476216626,0.9847469852378338
1335.458,no_event,0.9956095225925278,False,0.0043904774074720754,0.9956095225925278
1335.958,no_event,0.9632801128702624,False,0.03671988712973756,0.9632801128702624
1336.458,no_event,0.9833302357638071,False,0.016669764236193072,0.9833302357638071
1336.958,no_event,0.9929164996931538,False,0.0070835003068461504,0.9929164996931538
1337.458,no_event,0.9999889761194122,False,1.1023880587818217e-05,0.9999889761194122
1337.958,no_event,0.999988871007732,False,1.1128992267896875e-05,0.999988871007732
1338.458,no_event,0.9999996635128591,False,3.364871408973347e-07,0.9999996635128591
1338.958,no_event,0.999997619492676,False,2.3805073240293973e-06,0.999997619492676
1339.458,no_event,0.9972856904463956,False,0.002714309553604386,0.9972856904463956
1339.958,no_event,0.9971201871520304,False,0.0028798128479695703,0.9971201871520304
1340.458,no_event,0.9999866592682058,False,1.3340731794197941e-05,0.9999866592682058
1340.958,no_event,0.9315132486926694,False,0.06848675130733031,0.9315132486926694
1341.458,no_event,0.988524876239661,False,0.011475123760339054,0.988524876239661
1341.958,no_event,0.9999968190606088,False,3.180939391211137e-06,0.9999968190606088
1342.458,no_event,0.9999989410182091,False,1.0589817909662414e-06,0.9999989410182091
1342.958,no_event,0.999999225932813,False,7.74067186999908e-07,0.999999225932813
1343.458,no_event,0.99999894748832,False,1.0525116800768302e-06,0.99999894748832
1343.958,no_event,0.9999931215842415,False,6.878415758460653e-06,0.9999931215842415
1344.458,no_event,0.9999873358931483,False,1.2664106851725448e-05,0.9999873358931483
1344.958,no_event,0.9999983752561169,False,1.6247438830357968e-06,0.9999983752561169
1345.458,no_event,0.9999996610082506,False,3.389917494770237e-07,0.9999996610082506
1345.958,no_event,0.9999998206081774,False,1.7939182269691937e-07,0.9999998206081774
1346.458,no_event,0.9999933122126837,False,6.687787316354742e-06,0.9999933122126837
1346.958,no_event,0.9956630278794136,False,0.004336972120586445,0.9956630278794136
1347.458,no_event,0.9876674360214106,False,0.012332563978589357,0.9876674360214106
1347.958,no_event,0.9973033137068814,False,0.0026966862931183137,0.9973033137068814
1348.458,no_event,0.9999913338162575,False,8.66618374257942e-06,0.9999913338162575
1348.958,no_event,0.9999952774313455,False,4.722568654466562e-06,0.9999952774313455
1349.458,no_event,0.9999997396325973,False,2.603674027382982e-07,0.9999997396325973
1349.958,no_event,0.9999988773859866,False,1.1226140134026451e-06,0.9999988773859866
1350.458,no_event,0.9966006459421871,False,0.003399354057813091,0.9966006459421871
1350.958,no_event,0.9999957222686193,False,4.277731380582367e-06,0.9999957222686193
1351.458,no_event,0.9902631566438557,False,0.009736843356144392,0.9902631566438557
1351.958,no_event,0.9824607967752403,False,0.017539203224759714,0.9824607967752403
1352.458,no_event,0.9851321843547478,False,0.014867815645252185,0.9851321843547478
1352.958,no_event,0.999996268900249,False,3.731099751001082e-06,0.999996268900249
1353.458,no_event,0.9999996096495097,False,3.9035049023173755e-07,0.9999996096495097
1353.958,no_event,0.9926235537040943,False,0.007376446295905737,0.9926235537040943
1354.458,no_event,0.9999972655195014,False,2.734480498521834e-06,0.9999972655195014
1354.958,no_event,0.9891596605682295,False,0.010840339431770644,0.9891596605682295
1355.458,no_event,0.9867528390229863,False,0.013247160977013828,0.9867528390229863
1355.958,no_event,0.9940213786813797,False,0.005978621318620254,0.9940213786813797
1356.458,no_event,0.9809800636318454,False,0.019019936368154505,0.9809800636318454
1356.958,no_event,0.9851300884655934,False,0.014869911534406763,0.9851300884655934
1357.458,no_event,0.9959713819223126,False,0.004028618077687312,0.9959713819223126
1357.958,no_event,0.999983368545695,False,1.663145430504464e-05,0.999983368545695
1358.458,no_event,0.9999812302862676,False,1.876971373246656e-05,0.9999812302862676
1358.958,no_event,0.99999464542475,False,5.354575249937671e-06,0.99999464542475
1359.458,no_event,0.9999962091505099,False,3.7908494900647895e-06,0.9999962091505099
1359.958,no_event,0.999999699446388,False,3.0055361196895307e-07,0.999999699446388
1360.458,no_event,0.9999987734232081,False,1.226576791968123e-06,0.9999987734232081
1360.958,no_event,0.9965373761115984,False,0.003462623888401589,0.9965373761115984
1361.458,no_event,0.9921116642378208,False,0.007888335762179018,0.9921116642378208
1361.958,no_event,0.9971492928619762,False,0.0028507071380237934,0.9971492928619762
1362.458,no_event,0.9915545301709783,False,0.008445469829021845,0.9915545301709783
1362.958,no_event,0.9960985765789641,False,0.003901423421036217,0.9960985765789641
1363.458,no_event,0.999988287073319,False,1.1712926681070952e-05,0.999988287073319
1363.958,no_event,0.9999933875188508,False,6.612481149285497e-06,0.9999933875188508
1364.458,no_event,0.9926035918079573,False,0.007396408192042719,0.9926035918079573
1364.958,no_event,0.9924286893904468,False,0.007571310609553236,0.9924286893904468
1365.458,no_event,0.9774331727288007,False,0.022566827271199158,0.9774331727288007
1365.958,eID_1,0.5703893054951403,False,0.42961069450485967,0.5703893054951403
1366.458,eID_1,0.682154410203031,False,0.3178455897969692,0.682154410203031
1366.958,no_event,0.8075180166380148,False,0.1924819833619851,0.8075180166380148
1367.458,no_event,0.8901319926545932,False,0.10986800734540672,0.8901319926545932
1367.958,no_event,0.9999881101556709,False,1.1889844329048605e-05,0.9999881101556709
1368.458,no_event,0.9515846310040937,False,0.04841536899590627,0.9515846310040937
1368.958,no_event,0.9999887244352225,False,1.1275564777543756e-05,0.9999887244352225
1369.458,no_event,0.9820262575069479,False,0.017973742493051895,0.9820262575069479
1369.958,no_event,0.9861824857896282,False,0.013817514210371732,0.9861824857896282
1370.458,no_event,0.9875826301803835,False,0.012417369819616341,0.9875826301803835
1370.958,no_event,0.9916631652654306,False,0.008336834734569367,0.9916631652654306
1371.458,no_event,0.9940674750307403,False,0.005932524969259744,0.9940674750307403
1371.958,no_event,0.994868992874453,False,0.00513100712554691,0.994868992874453
1372.458,no_event,0.9999837117620466,False,1.6288237953355625e-05,0.9999837117620466
1372.958,no_event,0.9952735587653839,False,0.004726441234616275,0.9952735587653839
1373.458,no_event,0.9943315187189141,False,0.005668481281085789,0.9943315187189141
1373.958,no_event,0.9853623211148185,False,0.014637678885181676,0.9853623211148185
1374.458,no_event,0.9829678347461881,False,0.017032165253811727,0.9829678347461881
1374.958,no_event,0.9709372608489037,False,0.02906273915109617,0.9709372608489037
1375.458,no_event,0.9785025112075032,False,0.021497488792496793,0.9785025112075032
1375.958,no_event,0.9858339524520399,False,0.014166047547960149,0.9858339524520399
1376.458,no_event,0.9834365033863903,False,0.016563496613609615,0.9834365033863903
1376.958,no_event,0.9675925143124128,False,0.03240748568758726,0.9675925143124128
1377.458,no_event,0.9961292895361893,False,0.0038707104638108754,0.9961292895361893
1377.958,no_event,0.999998404446879,False,1.5955531208928538e-06,0.999998404446879
1378.458,no_event,0.9971391799597162,False,0.0028608200402837677,0.9971391799597162
1378.958,no_event,0.9999943082798273,False,5.691720172746838e-06,0.9999943082798273
1379.458,no_event,0.9999992911260736,False,7.088739264311683e-07,0.9999992911260736
1379.958,no_event,0.999991693406393,False,8.306593607081195e-06,0.999991693406393
1380.458,no_event,0.9951635609002014,False,0.004836439099798534,0.9951635609002014
1380.958,no_event,0.9999928547277099,False,7.145272290079071e-06,0.9999928547277099
1381.458,no_event,0.9999985901630543,False,1.4098369457524383e-06,0.9999985901630543
1381.958,no_event,0.9999993247672251,False,6.752327749760013e-07,0.9999993247672251
1382.458,no_event,0.9999985661911036,False,1.4338088964291446e-06,0.9999985661911036
1382.958,no_event,0.9999934963463816,False,6.503653618388069e-06,0.9999934963463816
1383.458,no_event,0.9999826918517478,False,1.730814825205908e-05,0.9999826918517478
1383.958,no_event,0.9961709869438613,False,0.0038290130561390422,0.9961709869438613
1384.458,no_event,0.9964981817888446,False,0.0035018182111555534,0.9964981817888446
1384.958,no_event,0.995813612976361,False,0.004186387023639007,0.995813612976361
1385.458,no_event,0.9999972827317151,False,2.717268284979005e-06,0.9999972827317151
1385.958,no_event,0.9999991270240212,False,8.72975978801947e-07,0.9999991270240212
1386.458,no_event,0.9999945208338711,False,5.47916612892491e-06,0.9999945208338711
1386.958,no_event,0.9897542371090913,False,0.010245762890908767,0.9897542371090913
1387.458,no_event,0.9999981073842876,False,1.8926157123049013e-06,0.9999981073842876
1387.958,no_event,0.999987345418614,False,1.265458138595242e-05,0.999987345418614
1388.458,no_event,0.9999977024392943,False,2.297560705755649e-06,0.9999977024392943
1388.958,no_event,0.9999985432740189,False,1.4567259809783207e-06,0.9999985432740189
1389.458,no_event,0.9999995643704696,False,4.3562953036128267e-07,0.9999995643704696
1389.958,no_event,0.9943186002154836,False,0.005681399784516512,0.9943186002154836
1390.458,no_event,0.9228248500036794,False,0.07717514999632058,0.9228248500036794
1390.958,no_event,0.8624375410181676,False,0.1375624589818325,0.8624375410181676
1391.458,eID_1,0.7427720434174777,True,0.7427720434174777,0.2572279565825222
1391.958,eID_1,0.6293734392020119,False,0.37062656079798806,0.6293734392020119
1392.458,eID_1,0.7127523467138973,True,0.2872476532861027,0.7127523467138973
1392.958,no_event,0.7738442736548444,False,0.22615572634515554,0.7738442736548444
1393.458,eID_1,0.5841229050702208,False,0.5841229050702208,0.4158770949297793
1393.958,eID_1,0.7322858672760164,True,0.7322858672760164,0.2677141327239837
1394.458,eID_1,0.959502784512019,True,0.959502784512019,0.04049721548798111
1394.958,eID_1,0.9747176288500684,True,0.9747176288500684,0.02528237114993161
1395.458,eID_1,0.9253047444358978,True,0.9253047444358978,0.07469525556410231
1395.958,eID_1,0.6347007843676428,False,0.6347007843676428,0.3652992156323573
1396.458,no_event,0.8776339283352347,False,0.12236607166476525,0.8776339283352347
1396.958,no_event,0.8247481044984818,False,0.17525189550151832,0.8247481044984818
1397.458,no_event,0.8643649696810276,False,0.13563503031897253,0.8643649696810276
1397.958,no_event,0.8313883934696308,False,0.16861160653036905,0.8313883934696308
1398.458,no_event,0.9858605244157462,False,0.014139475584253915,0.9858605244157462
1398.958,eID_1,0.6160831162498625,False,0.38391688375013777,0.6160831162498625
1399.458,eID_1,0.6153101961626946,False,0.6153101961626946,0.3846898038373055
1399.958,eID_1,0.7965837656384952,True,0.7965837656384952,0.20341623436150474
1400.458,eID_1,0.5636760495743546,False,0.43632395042564537,0.5636760495743546
1400.958,eID_1,0.5914475918342547,False,0.5914475918342547,0.4085524081657455
1401.458,eID_1,0.5737456088903683,False,0.42625439110963165,0.5737456088903683
1401.958,no_event,0.8670816700612305,False,0.13291832993876945,0.8670816700612305
1402.458,no_event,0.9073925645468773,False,0.09260743545312256,0.9073925645468773
1402.958,no_event,0.9864094436429947,False,0.01359055635700545,0.9864094436429947
1403.458,no_event,0.9924156216521784,False,0.0075843783478215495,0.9924156216521784
1403.958,no_event,0.9999973142862635,False,2.6857137364761297e-06,0.9999973142862635
1404.458,no_event,0.9999944117875535,False,5.58821244640112e-06,0.9999944117875535
1404.958,no_event,0.9999950609083975,False,4.939091602471528e-06,0.9999950609083975
1405.458,no_event,0.9999979115274061,False,2.0884725937789103e-06,0.9999979115274061
1405.958,no_event,0.9999857127025917,False,1.4287297408226666e-05,0.9999857127025917
1406.458,no_event,0.9999997133282685,False,2.8667173132997994e-07,0.9999997133282685
1406.958,no_event,0.9964039417862653,False,0.003596058213734623,0.9964039417862653
1407.458,no_event,0.9958201243630492,False,0.004179875636950483,0.9958201243630492
1407.958,eID_1,0.5818906028684794,False,0.4181093971315205,0.5818906028684794
1408.458,eID_1,0.7557456574589471,True,0.7557456574589471,0.24425434254105302
1408.958,no_event,0.7813561286379419,False,0.21864387136205818,0.7813561286379419
1409.458,no_event,0.8638741316082178,False,0.13612586839178223,0.8638741316082178
1409.958,no_event,0.8932636159956006,False,0.10673638400439939,0.8932636159956006
1410.458,no_event,0.982328079503292,False,0.017671920496707925,0.982328079503292
1410.958,no_event,0.9957707100679984,False,0.004229289932001806,0.9957707100679984
1411.458,no_event,0.9999891952852971,False,1.0804714702927562e-05,0.9999891952852971
1411.958,no_event,0.9966095146969555,False,0.0033904853030446986,0.9966095146969555
1412.458,no_event,0.9962029330803797,False,0.0037970669196202003,0.9962029330803797
1412.958,no_event,0.9784837888522553,False,0.021516211147744803,0.9784837888522553
1413.458,no_event,0.904619128904487,False,0.09538087109551317,0.904619128904487
1413.958,no_event,0.9267157847452262,False,0.07328421525477363,0.9267157847452262
1414.458,no_event,0.9936700698740936,False,0.006329930125906312,0.9936700698740936
1414.958,no_event,0.9999903645962025,False,9.635403797535028e-06,0.9999903645962025
1415.458,no_event,0.9908663830418957,False,0.009133616958104352,0.9908663830418957
1415.958,no_event,0.9894576694075438,False,0.010542330592456245,0.9894576694075438
1416.458,no_event,0.9956080952288318,False,0.004391904771167995,0.9956080952288318
1416.958,no_event,0.9914585903111016,False,0.008541409688898419,0.9914585903111016
1417.458,no_event,0.9897001466846602,False,0.010299853315339955,0.9897001466846602
1417.958,no_event,0.9898825656146485,False,0.010117434385351247,0.9898825656146485
1418.458,no_event,0.9909348758389765,False,0.009065124161023652,0.9909348758389765
1418.958,no_event,0.7869981344676674,False,0.21300186553233277,0.7869981344676674
1419.458,eID_1,0.5142687041966103,False,0.48573129580338964,0.5142687041966103
1419.958,no_event,0.9759921923910623,False,0.02400780760893773,0.9759921923910623
1420.458,no_event,0.9866599367997159,False,0.013340063200284299,0.9866599367997159
1420.958,no_event,0.9669809259425903,False,0.03301907405740975,0.9669809259425903
1421.458,no_event,0.9906720177814211,False,0.00932798221857878,0.9906720177814211
1421.958,no_event,0.9816077063908151,False,0.01839229360918484,0.9816077063908151
1422.458,no_event,0.9999952185906515,False,4.781409348469549e-06,0.9999952185906515
1422.958,no_event,0.9999941026101059,False,5.89738989410936e-06,0.9999941026101059
1423.458,no_event,0.9962569911502436,False,0.0037430088497562328,0.9962569911502436
1423.958,no_event,0.9973039728356332,False,0.0026960271643668666,0.9973039728356332
1424.458,no_event,0.9999943326892401,False,5.6673107598759884e-06,0.9999943326892401
1424.958,no_event,0.9961260516337548,False,0.003873948366245123,0.9961260516337548
1425.458,no_event,0.9999877906085857,False,1.2209391414293048e-05,0.9999877906085857
1425.958,no_event,0.98545824732399,False,0.014541752676009998,0.98545824732399
1426.458,no_event,0.9999947458526154,False,5.254147384704962e-06,0.9999947458526154
1426.958,no_event,0.9999977256902535,False,2.274309746576084e-06,0.9999977256902535
1427.458,no_event,0.999993591744337,False,6.4082556629167645e-06,0.999993591744337
1427.958,no_event,0.9999989755520223,False,1.0244479777149968e-06,0.9999989755520223
1428.458,no_event,0.9999983934539342,False,1.6065460657962818e-06,0.9999983934539342
1428.958,no_event,0.9951483560091999,False,0.004851643990799957,0.9951483560091999
1429.458,no_event,0.9960623312651079,False,0.0039376687348920214,0.9960623312651079
1429.958,no_event,0.9999944908397392,False,5.509160260799967e-06,0.9999944908397392
1430.458,no_event,0.990338383720153,False,0.009661616279846944,0.990338383720153
1430.958,no_event,0.9930430975626691,False,0.006956902437330798,0.9930430975626691
1431.458,no_event,0.9245052149043212,False,0.07549478509567853,0.9245052149043212
1431.958,eID_1,0.6419266197307886,False,0.3580733802692114,0.6419266197307886
1432.458,no_event,0.9838884346314251,False,0.016111565368575127,0.9838884346314251
1432.958,no_event,0.9928205593391309,False,0.007179440660869229,0.9928205593391309
1433.458,no_event,0.992697600811355,False,0.0073023991886448985,0.992697600811355
1433.958,no_event,0.9999978523862995,False,2.1476137005953707e-06,0.9999978523862995
1434.458,no_event,0.9999953337527036,False,4.666247296399457e-06,0.9999953337527036
1434.958,no_event,0.9961890455712313,False,0.003810954428768828,0.9961890455712313
1435.458,no_event,0.9999976750932538,False,2.3249067461768013e-06,0.9999976750932538
1435.958,no_event,0.996988598573461,False,0.003011401426539146,0.996988598573461
1436.458,no_event,0.9969774514731202,False,0.00302254852687977,0.9969774514731202
1436.958,no_event,0.9999908730646964,False,9.126935303666189e-06,0.9999908730646964
1437.458,no_event,0.9967331296365346,False,0.003266870363465431,0.9967331296365346
1437.958,no_event,0.9959648045714329,False,0.004035195428566947,0.9959648045714329
1438.458,no_event,0.9872484815397071,False,0.012751518460292835,0.9872484815397071
1438.958,no_event,0.9935380783144828,False,0.006461921685517101,0.9935380783144828
1439.458,no_event,0.7766765752738831,False,0.22332342472611671,0.7766765752738831
1439.958,no_event,0.9458174522673243,False,0.05418254773267568,0.9458174522673243
1440.458,no_event,0.9781685613225919,False,0.021831438677408346,0.9781685613225919
1440.958,no_event,0.992512108163908,False,0.007487891836092027,0.992512108163908
1441.458,no_event,0.9534417424003011,False,0.046558257599699074,0.9534417424003011
1441.958,no_event,0.8531455005236983,False,0.14685449947630155,0.8531455005236983
1442.458,no_event,0.9974721834079768,False,0.0025278165920230855,0.9974721834079768
1442.958,no_event,0.9999971241780466,False,2.875821953347314e-06,0.9999971241780466
1443.458,no_event,0.9968964056996205,False,0.0031035943003794976,0.9968964056996205
1443.958,no_event,0.9963385084496424,False,0.0036614915503577162,0.9963385084496424
1444.458,no_event,0.9885835650148642,False,0.011416434985135827,0.9885835650148642
1444.958,no_event,0.9519240787017512,False,0.04807592129824845,0.9519240787017512
1445.458,no_event,0.9999851850372515,False,1.4814962748445867e-05,0.9999851850372515
1445.958,no_event,0.9939416626255748,False,0.006058337374425081,0.9939416626255748
1446.458,no_event,0.9962381728446874,False,0.003761827155312705,0.9962381728446874
1446.958,no_event,0.9917963780669751,False,0.008203621933024862,0.9917963780669751
1447.458,no_event,0.9952280905807811,False,0.004771909419218902,0.9952280905807811
1447.958,no_event,0.9999969466520334,False,3.05334796659408e-06,0.9999969466520334
1448.458,no_event,0.9919681383009176,False,0.00803186169908238,0.9919681383009176
1448.958,no_event,0.9366431427292943,False,0.06335685727070572,0.9366431427292943
1449.458,eID_1,0.6956568887852056,False,0.6956568887852056,0.30434311121479446
1449.958,eID_1,0.747020419995502,True,0.747020419995502,0.2529795800044981
1450.458,eID_1,0.6930534072569942,False,0.6930534072569942,0.30694659274300573
1450.958,eID_1,0.705960234192276,True,0.294039765807724,0.705960234192276
1451.458,no_event,0.9281867548624763,False,0.07181324513752359,0.9281867548624763
1451.958,no_event,0.8838256137434406,False,0.1161743862565593,0.8838256137434406
1452.458,no_event,0.9950360134897148,False,0.004963986510285298,0.9950360134897148
1452.958,no_event,0.9999963240893047,False,3.6759106953636255e-06,0.9999963240893047
1453.458,no_event,0.9999991860148911,False,8.139851087949074e-07,0.9999991860148911
1453.958,no_event,0.9999921805819126,False,7.819418087276978e-06,0.9999921805819126
1454.458,no_event,0.9999904654662639,False,9.534533736121046e-06,0.9999904654662639
1454.958,no_event,0.8776746215647444,False,0.12232537843525558,0.8776746215647444
1455.458,eID_1,0.6971287716248304,False,0.30287122837516955,0.6971287716248304
1455.958,eID_1,0.6527031074071479,False,0.6527031074071479,0.34729689259285207
1456.458,eID_1,0.7219498238589889,True,0.2780501761410111,0.7219498238589889
1456.958,no_event,0.9405722062825572,False,0.059427793717442806,0.9405722062825572
1457.458,no_event,0.9058690560943351,False,0.09413094390566484,0.9058690560943351
1457.958,no_event,0.902846455846243,False,0.09715354415375708,0.902846455846243
1458.458,no_event,0.999997773597342,False,2.2264026581202203e-06,0.999997773597342
1458.958,no_event,0.9999996876707629,False,3.1232923709462594e-07,0.9999996876707629
1459.458,no_event,0.9937916921265173,False,0.006208307873482458,0.9937916921265173
1459.958,no_event,0.9999921315870204,False,7.868412979626589e-06,0.9999921315870204
1460.458,no_event,0.9962133741440495,False,0.003786625855950388,0.9962133741440495
1460.958,no_event,0.9958724093404128,False,0.004127590659587052,0.9958724093404128
1461.458,no_event,0.9999985861340094,False,1.413865990566463e-06,0.9999985861340094
1461.958,no_event,0.9931300986210083,False,0.006869901378991554,0.9931300986210083
1462.458,no_event,0.9897580412295798,False,0.010241958770420287,0.9897580412295798
1462.958,eID_1,0.5868331652761587,False,0.41316683472384125,0.5868331652761587
1463.458,eID_1,0.6436058632032755,False,0.35639413679672466,0.6436058632032755
1463.958,no_event,0.9541848135727107,False,0.04581518642728949,0.9541848135727107
1464.458,eID_1,0.5177542359526088,False,0.5177542359526088,0.48224576404739106
1464.958,no_event,0.764436303416075,False,0.23556369658392484,0.764436303416075
1465.458,eID_1,0.7326315499733772,True,0.26736845002662274,0.7326315499733772
1465.958,eID_1,0.7418450952860907,True,0.25815490471390945,0.7418450952860907
1466.458,no_event,0.9591703915060771,False,0.040829608493922954,0.9591703915060771
1466.958,no_event,0.9888668887010733,False,0.011133111298926785,0.9888668887010733
1467.458,no_event,0.9964525633970218,False,0.0035474366029783154,0.9964525633970218
1467.958,no_event,0.9962548160287653,False,0.003745183971234762,0.9962548160287653
1468.458,no_event,0.9931331627302769,False,0.006866837269723007,0.9931331627302769
1468.958,no_event,0.99464378384986,False,0.0053562161501400874,0.99464378384986
1469.458,no_event,0.9925862415542149,False,0.007413758445785121,0.9925862415542149
1469.958,no_event,0.9999937450645497,False,6.25493545031643e-06,0.9999937450645497
1470.458,no_event,0.9999970833310656,False,2.9166689343234134e-06,0.9999970833310656
1470.958,no_event,0.9999944064818809,False,5.593518119148655e-06,0.9999944064818809
1471.458,no_event,0.9999981842808059,False,1.8157191941864684e-06,0.9999981842808059
1471.958,no_event,0.9999938358196652,False,6.164180334869394e-06,0.9999938358196652
1472.458,no_event,0.9038665486329771,False,0.09613345136702282,0.9038665486329771
1472.958,no_event,0.8354035450642645,False,0.1645964549357354,0.8354035450642645
1473.458,no_event,0.9524297062666972,False,0.0475702937333027,0.9524297062666972
1473.958,no_event,0.9624864216974365,False,0.03751357830256351,0.9624864216974365
1474.458,no_event,0.9565828149693583,False,0.043417185030641896,0.9565828149693583
1474.958,no_event,0.9423994295980379,False,0.05760057040196237,0.9423994295980379
1475.458,no_event,0.9951334345466396,False,0.004866565453360446,0.9951334345466396
1475.958,no_event,0.9999996043199246,False,3.956800754679212e-07,0.9999996043199246
1476.458,no_event,0.999999493377421,False,5.066225789274214e-07,0.999999493377421
1476.958,no_event,0.9999879852980067,False,1.2014701993285405e-05,0.9999879852980067
1477.458,no_event,0.9999814284074422,False,1.8571592557838377e-05,0.9999814284074422
1477.958,no_event,0.9959086608075063,False,0.00409133919249384,0.9959086608075063
1478.458,no_event,0.9962747247232964,False,0.0037252752767037013,0.9962747247232964
1478.958,no_event,0.8846311905140151,False,0.11536880948598495,0.8846311905140151
1479.458,no_event,0.9660240136466861,False,0.03397598635331391,0.9660240136466861
1479.958,no_event,0.961894143327238,False,0.03810585667276198,0.961894143327238
1480.458,no_event,0.9779793806336723,False,0.022020619366327848,0.9779793806336723
1480.958,no_event,0.9828641099905691,False,0.017135890009431172,0.9828641099905691
1481.458,no_event,0.9610595729860127,False,0.03894042701398731,0.9610595729860127
1481.958,no_event,0.9999986529646205,False,1.3470353793942003e-06,0.9999986529646205
1482.458,no_event,0.9999997221737597,False,2.778262402668677e-07,0.9999997221737597
1482.958,no_event,0.9963137954196276,False,0.003686204580372546,0.9963137954196276
1483.458,no_event,0.9885287914433385,False,0.011471208556661477,0.9885287914433385
1483.958,no_event,0.987163836360424,False,0.012836163639575932,0.987163836360424
1484.458,no_event,0.9747659277182245,False,0.025234072281775634,0.9747659277182245
1484.958,no_event,0.9603597561304915,False,0.03964024386950844,0.9603597561304915
1485.458,no_event,0.9452300698671036,False,0.0547699301328964,0.9452300698671036
1485.958,no_event,0.938124028869877,False,0.061875971130122824,0.938124028869877
1486.458,no_event,0.9514037967726812,False,0.04859620322731903,0.9514037967726812
1486.958,no_event,0.9767413170115122,False,0.023258682988487787,0.9767413170115122
1487.458,no_event,0.9877822809165325,False,0.012217719083467476,0.9877822809165325
1487.958,no_event,0.995265880145317,False,0.00473411985468304,0.995265880145317
1488.458,no_event,0.99998643235791,False,1.3567642090020803e-05,0.99998643235791
1488.958,no_event,0.9999915779351347,False,8.422064865359298e-06,0.9999915779351347
1489.458,no_event,0.9932342107787338,False,0.006765789221266317,0.9932342107787338
1489.958,no_event,0.9968692352043012,False,0.003130764795698736,0.9968692352043012
1490.458,no_event,0.9963122927353938,False,0.0036877072646063257,0.9963122927353938
1490.958,no_event,0.9957384452816279,False,0.004261554718372063,0.9957384452816279
1491.458,no_event,0.9999858466253184,False,1.4153374681643526e-05,0.9999858466253184
1491.958,no_event,0.994996279479183,False,0.005003720520816925,0.994996279479183
1492.458,no_event,0.9999950781030721,False,4.921896927867303e-06,0.9999950781030721
1492.958,no_event,0.9561063232984456,False,0.04389367670155439,0.9561063232984456
1493.458,no_event,0.9698094062917139,False,0.030190593708286275,0.9698094062917139
1493.958,no_event,0.8716537821552894,False,0.12834621784471056,0.8716537821552894
1494.458,eID_1,0.748562936192181,True,0.748562936192181,0.25143706380781905
1494.958,eID_1,0.9263758928067621,True,0.9263758928067621,0.07362410719323813
1495.458,eID_1,0.731903682579331,True,0.731903682579331,0.2680963174206689
1495.958,eID_1,0.5087901995467188,False,0.5087901995467188,0.4912098004532811
1496.458,eID_1,0.7187215159139924,True,0.281278484086008,0.7187215159139924
1496.958,eID_1,0.7223636309169558,True,0.27763636908304423,0.7223636309169558
1497.458,eID_1,0.5973333357960032,False,0.5973333357960032,0.4026666642039969
1497.958,eID_1,0.8257158925696199,True,0.8257158925696199,0.17428410743038036
1498.458,eID_1,0.7220675755245719,True,0.2779324244754281,0.7220675755245719
1498.958,no_event,0.9623572402487562,False,0.03764275975124376,0.9623572402487562
1499.458,no_event,0.9350819358671854,False,0.06491806413281459,0.9350819358671854
1499.958,no_event,0.9281314481575178,False,0.07186855184248224,0.9281314481575178
1500.458,no_event,0.8862630273483446,False,0.11373697265165526,0.8862630273483446
1500.958,eID_1,0.7176876221990258,True,0.28231237780097446,0.7176876221990258
1501.458,eID_1,0.6228499257840473,False,0.6228499257840473,0.37715007421595265
1501.958,eID_1,0.6533192720272969,False,0.6533192720272969,0.34668072797270305
1502.458,no_event,0.9827506708860133,False,0.01724932911398657,0.9827506708860133
1502.958,eID_1,0.7426151086491337,True,0.2573848913508664,0.7426151086491337
1503.458,no_event,0.9971344590273457,False,0.0028655409726542455,0.9971344590273457
1503.958,no_event,0.9953150782629864,False,0.004684921737013437,0.9953150782629864
1504.458,no_event,0.9999984942919937,False,1.5057080063522436e-06,0.9999984942919937
1504.958,no_event,0.996748873763096,False,0.003251126236904168,0.996748873763096
1505.458,no_event,0.9999977913693552,False,2.2086306448920664e-06,0.9999977913693552
1505.958,no_event,0.9999998441093829,False,1.5589061717934717e-07,0.9999998441093829
1506.458,no_event,0.9999998259984636,False,1.7400153641237305e-07,0.9999998259984636
1506.958,no_event,0.9873063150063015,False,0.012693684993698235,0.9873063150063015
1507.458,no_event,0.9518699423164004,False,0.04813005768359941,0.9518699423164004
1507.958,no_event,0.8195051407496488,False,0.1804948592503512,0.8195051407496488
1508.458,no_event,0.8645580829229346,False,0.13544191707706574,0.8645580829229346
1508.958,no_event,0.9577650368019646,False,0.04223496319803553,0.9577650368019646
1509.458,no_event,0.9691189621938637,False,0.03088103780613618,0.9691189621938637
1509.958,no_event,0.965280634750928,False,0.03471936524907223,0.965280634750928
1510.458,no_event,0.9624444838928805,False,0.03755551610711962,0.9624444838928805
1510.958,no_event,0.9772332953728771,False,0.022766704627122908,0.9772332953728771
1511.458,no_event,0.9452771777421317,False,0.054722822257868196,0.9452771777421317
1511.958,no_event,0.9615071038996089,False,0.03849289610039128,0.9615071038996089
1512.458,no_event,0.9962109875393015,False,0.003789012460698676,0.9962109875393015
1512.958,no_event,0.9869367288290128,False,0.013063271170987082,0.9869367288290128
1513.458,no_event,0.9999998301533055,False,1.6984669457694998e-07,0.9999998301533055
1513.958,no_event,0.9999990918037954,False,9.081962046223478e-07,0.9999990918037954
1514.458,no_event,0.9999994575957963,False,5.424042036398165e-07,0.9999994575957963
1514.958,no_event,0.9999923492904657,False,7.650709534334208e-06,0.9999923492904657
1515.458,no_event,0.9880130093568201,False,0.011986990643179762,0.9880130093568201
1515.958,no_event,0.8894878349265097,False,0.1105121650734901,0.8894878349265097
1516.458,no_event,0.987915212432062,False,0.0120847875679383,0.987915212432062
1516.958,no_event,0.9972894525147482,False,0.0027105474852519972,0.9972894525147482
1517.458,no_event,0.9999990138404489,False,9.861595510237028e-07,0.9999990138404489
1517.958,no_event,0.9943193457014736,False,0.005680654298526475,0.9943193457014736
1518.458,no_event,0.9950358503675742,False,0.0049641496324256814,0.9950358503675742
1518.958,no_event,0.9999954053164446,False,4.5946835554493476e-06,0.9999954053164446
1519.458,no_event,0.9999935057517443,False,6.494248255768966e-06,0.9999935057517443
1519.958,no_event,0.9342608590075512,False,0.0657391409924488,0.9342608590075512
1520.458,eID_1,0.7027912982110835,True,0.2972087017889166,0.7027912982110835
1520.958,no_event,0.8699780424252982,False,0.1300219575747017,0.8699780424252982
1521.458,eID_1,0.7464187850771125,True,0.25358121492288743,0.7464187850771125
1521.958,no_event,0.9073261225844999,False,0.09267387741550032,0.9073261225844999
1522.458,eID_1,0.632786342329975,False,0.3672136576700248,0.632786342329975
1522.958,eID_1,0.6265245995222357,False,0.6265245995222357,0.3734754004777643
1523.458,eID_1,0.6419684496752414,False,0.3580315503247587,0.6419684496752414
1523.958,eID_1,0.6520344172635792,False,0.34796558273642064,0.6520344172635792
1524.458,eID_1,0.6072237172839238,False,0.6072237172839238,0.39277628271607634
1524.958,eID_1,0.5742547242790841,False,0.42574527572091586,0.5742547242790841
1525.458,no_event,0.768537696640173,False,0.231462303359827,0.768537696640173
1525.958,no_event,0.9710904096021638,False,0.028909590397836405,0.9710904096021638
1526.458,no_event,0.9658651864049667,False,0.034134813595033266,0.9658651864049667
1526.958,no_event,0.9425522082543089,False,0.0574477917456912,0.9425522082543089
1527.458,no_event,0.9924240802920449,False,0.007575919707955142,0.9924240802920449
1527.958,no_event,0.9918315156624115,False,0.00816848433758863,0.9918315156624115
1528.458,no_event,0.9999924866235332,False,7.513376466807536e-06,0.9999924866235332
1528.958,no_event,0.9999981862309866,False,1.8137690134421745e-06,0.9999981862309866
1529.458,no_event,0.9999919493386987,False,8.05066130131083e-06,0.9999919493386987
1529.958,no_event,0.9966115407101953,False,0.003388459289804622,0.9966115407101953
1530.458,no_event,0.9958533612336202,False,0.0041466387663799485,0.9958533612336202
1530.958,no_event,0.9947423227488548,False,0.005257677251145133,0.9947423227488548
1531.458,no_event,0.9939626561648652,False,0.006037343835134639,0.9939626561648652
1531.958,no_event,0.9957901238865594,False,0.004209876113440508,0.9957901238865594
1532.458,no_event,0.8783338591403561,False,0.12166614085964403,0.8783338591403561
1532.958,no_event,0.9999896461778047,False,1.0353822195305119e-05,0.9999896461778047
1533.458,no_event,0.9969631420381332,False,0.003036857961866682,0.9969631420381332
1533.958,no_event,0.9900317916313542,False,0.009968208368645582,0.9900317916313542
1534.458,no_event,0.9766885283446647,False,0.023311471655335286,0.9766885283446647
1534.958,no_event,0.9723638035733163,False,0.027636196426683808,0.9723638035733163
1535.458,no_event,0.9783406584768667,False,0.021659341523133348,0.9783406584768667
1535.958,no_event,0.9866466271359664,False,0.013353372864033585,0.9866466271359664
1536.458,no_event,0.984473920483481,False,0.015526079516518911,0.984473920483481
1536.958,no_event,0.9999969586442464,False,3.041355753598372e-06,0.9999969586442464
1537.458,no_event,0.9999958326753646,False,4.1673246353301146e-06,0.9999958326753646
1537.958,no_event,0.999999105903345,False,8.940966550181136e-07,0.999999105903345
1538.458,no_event,0.9999917359686455,False,8.264031354454312e-06,0.9999917359686455
1538.958,no_event,0.9550435297230083,False,0.0449564702769917,0.9550435297230083
1539.458,eID_1,0.7505255240344785,True,0.24947447596552172,0.7505255240344785
1539.958,no_event,0.8513469889259099,False,0.14865301107409012,0.8513469889259099
1540.458,eID_1,0.5601831398831085,False,0.4398168601168914,0.5601831398831085
1540.958,no_event,0.8790911335471312,False,0.12090886645286876,0.8790911335471312
1541.458,no_event,0.9295665478983357,False,0.07043345210166418,0.9295665478983357
1541.958,no_event,0.987385130971382,False,0.012614869028618263,0.987385130971382
1542.458,no_event,0.9999973594412603,False,2.640558739720496e-06,0.9999973594412603
1542.958,no_event,0.9999904878491451,False,9.512150854834829e-06,0.9999904878491451
1543.458,no_event,0.9999936524085834,False,6.347591416607849e-06,0.9999936524085834
1543.958,no_event,0.99999892126251,False,1.078737490066555e-06,0.99999892126251
1544.458,no_event,0.9942691911376552,False,0.005730808862344755,0.9942691911376552
1544.958,no_event,0.9957208882107972,False,0.004279111789202818,0.9957208882107972
1545.458,no_event,0.9875310782011801,False,0.012468921798819876,0.9875310782011801
1545.958,no_event,0.9848754142726762,False,0.015124585727324037,0.9848754142726762
1546.458,no_event,0.9968588220699116,False,0.00314117793008843,0.9968588220699116
1546.958,no_event,0.9999951800316481,False,4.819968351816172e-06,0.9999951800316481
1547.458,no_event,0.9999958077368569,False,4.192263143107346e-06,0.9999958077368569
1547.958,no_event,0.9999979231676436,False,2.076832356496009e-06,0.9999979231676436
1548.458,no_event,0.99999986297207,False,1.3702793004170667e-07,0.99999986297207
1548.958,no_event,0.9999993679832,False,6.320167999656253e-07,0.9999993679832
1549.458,no_event,0.9999995074342787,False,4.925657213157184e-07,0.9999995074342787
1549.958,no_event,0.9999978736731303,False,2.126326869711599e-06,0.9999978736731303
1550.458,no_event,0.9999998338274504,False,1.6617254960185243e-07,0.9999998338274504
1550.958,no_event,0.9999976859127675,False,2.31408723255994e-06,0.9999976859127675
1551.458,no_event,0.9999985856971938,False,1.4143028061896735e-06,0.9999985856971938
1551.958,no_event,0.9965699327493356,False,0.0034300672506643137,0.9965699327493356
1552.458,no_event,0.9999990994920448,False,9.005079551389317e-07,0.9999990994920448
1552.958,no_event,0.9999997514298035,False,2.4857019663794004e-07,0.9999997514298035
1553.458,no_event,0.9999998334315163,False,1.6656848371032526e-07,0.9999998334315163
1553.958,no_event,0.999999307660383,False,6.92339616929992e-07,0.999999307660383
1554.458,no_event,0.9999995826448643,False,4.173551356732106e-07,0.9999995826448643
1554.958,no_event,0.9999998756734754,False,1.2432652470688806e-07,0.9999998756734754
1555.458,no_event,0.9999985571134861,False,1.442886513895441e-06,0.9999985571134861
1555.958,no_event,0.9999936996822941,False,6.30031770587807e-06,0.9999936996822941
1556.458,no_event,0.9999990832641654,False,9.167358346280527e-07,0.9999990832641654
1556.958,no_event,0.990149937859131,False,0.009850062140869205,0.990149937859131
1557.458,no_event,0.9681041536005899,False,0.03189584639941,0.9681041536005899
1557.958,no_event,0.9626911349368139,False,0.03730886506318619,0.9626911349368139
1558.458,no_event,0.9902031567556199,False,0.009796843244380089,0.9902031567556199
1558.958,no_event,0.9888360833009808,False,0.011163916699019094,0.9888360833009808
1559.458,no_event,0.9883658855025649,False,0.011634114497435122,0.9883658855025649
1559.958,no_event,0.9955039484108017,False,0.004496051589198144,0.9955039484108017
1560.458,no_event,0.9945731485642207,False,0.005426851435779111,0.9945731485642207
1560.958,no_event,0.9942718361328982,False,0.005728163867101959,0.9942718361328982
1561.458,no_event,0.9770976452309066,False,0.02290235476909339,0.9770976452309066
1561.958,no_event,0.9912239610711642,False,0.008776038928835815,0.9912239610711642
1562.458,no_event,0.991273104123757,False,0.008726895876243018,0.991273104123757
1562.958,no_event,0.9487034908807511,False,0.05129650911924872,0.9487034908807511
1563.458,no_event,0.8702189996881557,False,0.12978100031184428,0.8702189996881557
1563.958,no_event,0.9719830962229437,False,0.028016903777056283,0.9719830962229437
1564.458,no_event,0.9697109249199011,False,0.030289075080098867,0.9697109249199011
1564.958,no_event,0.9913635544281988,False,0.008636445571801004,0.9913635544281988
1565.458,no_event,0.8594846712983089,False,0.1405153287016911,0.8594846712983089
1565.958,no_event,0.9937541352830421,False,0.006245864716957864,0.9937541352830421
1566.458,no_event,0.9952954320704723,False,0.004704567929527552,0.9952954320704723
1566.958,no_event,0.999990220496327,False,9.779503673010401e-06,0.999990220496327
1567.458,no_event,0.9999884583402682,False,1.1541659731809232e-05,0.9999884583402682
1567.958,no_event,0.9763812336307887,False,0.02361876636921121,0.9763812336307887
1568.458,no_event,0.9848821560275258,False,0.01511784397247423,0.9848821560275258
1568.958,no_event,0.9971771588849281,False,0.002822841115071977,0.9971771588849281
1569.458,no_event,0.9885199030422883,False,0.01148009695771174,0.9885199030422883
1569.958,no_event,0.9516854338986139,False,0.0483145661013861,0.9516854338986139
1570.458,no_event,0.9933514222904217,False,0.0066485777095781715,0.9933514222904217
1570.958,no_event,0.999998766667965,False,1.2333320350757577e-06,0.999998766667965
1571.458,no_event,0.9999997261057838,False,2.7389421627954006e-07,0.9999997261057838
1571.958,no_event,0.9999992752877257,False,7.247122743106273e-07,0.9999992752877257
1572.458,no_event,0.9999974614923334,False,2.5385076665332525e-06,0.9999974614923334
1572.958,no_event,0.9999996822458889,False,3.1775411117156216e-07,0.9999996822458889
1573.458,no_event,0.9999993499561999,False,6.500438001540293e-07,0.9999993499561999
1573.958,no_event,0.9999992265548684,False,7.734451315975198e-07,0.9999992265548684
1574.458,no_event,0.9999996447087205,False,3.5529127944689483e-07,0.9999996447087205
1574.958,no_event,0.9999992938704813,False,7.061295186325119e-07,0.9999992938704813
1575.458,no_event,0.999999617292876,False,3.8270712396905266e-07,0.999999617292876
1575.958,no_event,0.9999969210511834,False,3.0789488166405775e-06,0.9999969210511834
1576.458,no_event,0.9999969637290864,False,3.036270913560104e-06,0.9999969637290864
1576.958,no_event,0.9999976971633293,False,2.302836670598281e-06,0.9999976971633293
1577.458,no_event,0.9969508389834174,False,0.0030491610165826626,0.9969508389834174
1577.958,no_event,0.9964743114269374,False,0.0035256885730625873,0.9964743114269374
1578.458,no_event,0.9960317524717117,False,0.003968247528288188,0.9960317524717117
1578.958,no_event,0.9754839220257306,False,0.024516077974269555,0.9754839220257306
1579.458,no_event,0.9799054262698296,False,0.020094573730170533,0.9799054262698296
1579.958,no_event,0.9950898826913076,False,0.004910117308692471,0.9950898826913076
1580.458,no_event,0.9959551639507771,False,0.004044836049222825,0.9959551639507771
1580.958,no_event,0.9999858803854638,False,1.4119614536297541e-05,0.9999858803854638
1581.458,no_event,0.9999975239896496,False,2.4760103503530825e-06,0.9999975239896496
1581.958,no_event,0.999998351493725,False,1.6485062750652463e-06,0.999998351493725
1582.458,no_event,0.9999997546628084,False,2.453371916338144e-07,0.9999997546628084
1582.958,no_event,0.9999996618539684,False,3.381460315404918e-07,0.9999996618539684
1583.458,no_event,0.9999994754001184,False,5.24599881651679e-07,0.9999994754001184
1583.958,no_event,0.9999993200905004,False,6.79909499636003e-07,0.9999993200905004
1584.458,no_event,0.9999985695161168,False,1.4304838832216965e-06,0.9999985695161168
1584.958,no_event,0.9999993912113718,False,6.087886281797316e-07,0.9999993912113718
1585.458,no_event,0.999998355745473,False,1.6442545270530194e-06,0.999998355745473
1585.958,no_event,0.9999963476170802,False,3.652382919698246e-06,0.9999963476170802
1586.458,no_event,0.9951449470545525,False,0.00485505294544763,0.9951449470545525
1586.958,no_event,0.9964734622863166,False,0.0035265377136834484,0.9964734622863166
1587.458,no_event,0.9999942725388892,False,5.727461110890106e-06,0.9999942725388892
1587.958,no_event,0.9957983274833451,False,0.004201672516655059,0.9957983274833451
1588.458,no_event,0.9944596713633624,False,0.0055403286366375775,0.9944596713633624
1588.958,no_event,0.9999930216909977,False,6.9783090023489556e-06,0.9999930216909977
1589.458,no_event,0.9969825937063587,False,0.0030174062936413264,0.9969825937063587
1589.958,no_event,0.9999979179455042,False,2.082054495878096e-06,0.9999979179455042
1590.458,no_event,0.999999693122119,False,3.0687788095418944e-07,0.999999693122119
1590.958,no_event,0.9999995404290623,False,4.5957093776555594e-07,0.9999995404290623
1591.458,no_event,0.9999824711099179,False,1.752889008221884e-05,0.9999824711099179
1591.958,no_event,0.9999992480796374,False,7.519203625958728e-07,0.9999992480796374
1592.458,no_event,0.999999340566106,False,6.594338941081015e-07,0.999999340566106
1592.958,no_event,0.9999976122397558,False,2.38776024413475e-06,0.9999976122397558
1593.458,no_event,0.9999991211502622,False,8.788497377766871e-07,0.9999991211502622
1593.958,no_event,0.9999975006984699,False,2.4993015301189414e-06,0.9999975006984699
1594.458,no_event,0.9999948974314641,False,5.102568535978011e-06,0.9999948974314641
1594.958,no_event,0.9973804036489572,False,0.00261959635104271,0.9973804036489572
1595.458,no_event,0.9941436759254,False,0.005856324074600202,0.9941436759254
1595.958,no_event,0.9999973095636271,False,2.6904363728515365e-06,0.9999973095636271
1596.458,no_event,0.9999824726025313,False,1.7527397468718617e-05,0.9999824726025313
1596.958,no_event,0.9805023342120801,False,0.019497665787919893,0.9805023342120801
1597.458,no_event,0.8825206335986848,False,0.11747936640131518,0.8825206335986848
1597.958,no_event,0.9939629112918548,False,0.006037088708145112,0.9939629112918548
1598.458,no_event,0.8045900035362213,False,0.19540999646377852,0.8045900035362213
1598.958,eID_1,0.7029060704535454,True,0.297093929546455,0.7029060704535454
1599.458,eID_1,0.5184588785593038,False,0.5184588785593038,0.48154112144069644
1599.958,eID_1,0.6592936837362514,False,0.3407063162637488,0.6592936837362514
1600.458,eID_1,0.5756074341442637,False,0.42439256585573626,0.5756074341442637
1600.958,eID_1,0.5950448886564135,False,0.40495511134358664,0.5950448886564135
1601.458,no_event,0.8064916554496666,False,0.19350834455033333,0.8064916554496666
1601.958,eID_1,0.561086213704509,False,0.43891378629549105,0.561086213704509
1602.458,no_event,0.9382877268656185,False,0.061712273134381726,0.9382877268656185
1602.958,eID_1,0.6933052213737383,False,0.3066947786262617,0.6933052213737383
1603.458,no_event,0.8331916848879156,False,0.1668083151120843,0.8331916848879156
1603.958,no_event,0.8392310551872334,False,0.16076894481276666,0.8392310551872334
1604.458,no_event,0.9999973416904838,False,2.658309516190692e-06,0.9999973416904838
1604.958,no_event,0.9999975919882733,False,2.408011726683116e-06,0.9999975919882733
1605.458,no_event,0.9999910038033496,False,8.996196650544891e-06,0.9999910038033496
1605.958,no_event,0.9999921860624656,False,7.813937534310148e-06,0.9999921860624656
1606.458,no_event,0.9999824040818589,False,1.7595918141184744e-05,0.9999824040818589
1606.958,no_event,0.9999873429630305,False,1.265703696948733e-05,0.9999873429630305
1607.458,no_event,0.9999906729783754,False,9.327021624539152e-06,0.9999906729783754
1607.958,no_event,0.9908739730932201,False,0.009126026906779976,0.9908739730932201
1608.458,no_event,0.9859652465326577,False,0.014034753467342159,0.9859652465326577
1608.958,no_event,0.9483640394723232,False,0.051635960527676945,0.9483640394723232
1609.458,no_event,0.9728799787936925,False,0.027120021206307448,0.9728799787936925
1609.958,no_event,0.9999921981793809,False,7.801820619091745e-06,0.9999921981793809
1610.458,no_event,0.9964952278648334,False,0.003504772135166656,0.9964952278648334
1610.958,no_event,0.9999934840747793,False,6.515925220754175e-06,0.9999934840747793
1611.458,no_event,0.9973263913354106,False,0.0026736086645895263,0.9973263913354106
1611.958,no_event,0.99999830486479,False,1.6951352099516345e-06,0.99999830486479
1612.458,no_event,0.9999898148212013,False,1.018517879874431e-05,0.9999898148212013
1612.958,no_event,0.9925573918538522,False,0.007442608146147755,0.9925573918538522
1613.458,no_event,0.9897637269489385,False,0.01023627305106151,0.9897637269489385
1613.958,no_event,0.9790850162505089,False,0.020914983749491037,0.9790850162505089
1614.458,eID_1,0.5215779036476136,False,0.5215779036476136,0.4784220963523864
1614.958,eID_1,0.8815792695261574,True,0.8815792695261574,0.11842073047384266
1615.458,eID_1,0.6521968739864787,False,0.6521968739864787,0.34780312601352137
1615.958,eID_1,0.9245606154880085,True,0.9245606154880085,0.07543938451199164
1616.458,eID_1,0.9843984127510367,True,0.9843984127510367,0.015601587248963199
1616.958,eID_1,0.9921334134471267,True,0.9921334134471267,0.00786658655287329
1617.458,eID_1,0.977028358401195,True,0.977028358401195,0.02297164159880493
1617.958,eID_1,0.6461653088957904,False,0.6461653088957904,0.35383469110420956
1618.458,eID_1,0.5696824207282225,False,0.5696824207282225,0.4303175792717776
1618.958,no_event,0.8624581853001656,False,0.13754181469983429,0.8624581853001656
1619.458,no_event,0.8081175003050347,False,0.1918824996949654,0.8081175003050347
1619.958,no_event,0.9211061903130063,False,0.07889380968699367,0.9211061903130063
1620.458,no_event,0.9832015633606479,False,0.016798436639352203,0.9832015633606479
1620.958,no_event,0.9952383594362586,False,0.0047616405637414885,0.9952383594362586
1621.458,no_event,0.9999845666540575,False,1.54333459423889e-05,0.9999845666540575
1621.958,no_event,0.9999827708833029,False,1.722911669715026e-05,0.9999827708833029
1622.458,no_event,0.9972750199835178,False,0.002724980016482188,0.9972750199835178
1622.958,no_event,0.9908533617230527,False,0.009146638276947302,0.9908533617230527
1623.458,no_event,0.9955942976207226,False,0.004405702379277324,0.9955942976207226
1623.958,no_event,0.9910956146724565,False,0.00890438532754363,0.9910956146724565
1624.458,no_event,0.9310554125521523,False,0.06894458744784772,0.9310554125521523
1624.958,no_event,0.9999987061932493,False,1.293806750780648e-06,0.9999987061932493
1625.458,no_event,0.9999992148273266,False,7.85172673439878e-07,0.9999992148273266
1625.958,no_event,0.999999619988392,False,3.800116080008126e-07,0.999999619988392
1626.458,no_event,0.9999989464360238,False,1.0535639762647253e-06,0.9999989464360238
1626.958,no_event,0.9999993701090889,False,6.298909111589015e-07,0.9999993701090889
1627.458,no_event,0.9999994395214645,False,5.604785355377719e-07,0.9999994395214645
1627.958,no_event,0.9999996873088841,False,3.126911158237337e-07,0.9999996873088841
1628.458,no_event,0.9999995799307452,False,4.200692548398632e-07,0.9999995799307452
1628.958,no_event,0.9999987175871426,False,1.2824128573537592e-06,0.9999987175871426
1629.458,no_event,0.9999981300814348,False,1.869918565214165e-06,0.9999981300814348
1629.958,no_event,0.9953713201000743,False,0.004628679899925448,0.9953713201000743
1630.458,no_event,0.9947255746897883,False,0.00527442531021155,0.9947255746897883
1630.958,no_event,0.9951732389593464,False,0.004826761040653523,0.9951732389593464
1631.458,no_event,0.9999918381646427,False,8.16183535739068e-06,0.9999918381646427
1631.958,no_event,0.9999991598828684,False,8.401171316753216e-07,0.9999991598828684
1632.458,no_event,0.9999998518211042,False,1.4817889590072132e-07,0.9999998518211042
1632.958,no_event,0.9999997916791461,False,2.0832085380879624e-07,0.9999997916791461
1633.458,no_event,0.9999985990642308,False,1.4009357691165761e-06,0.9999985990642308
1633.958,no_event,0.9967912865360231,False,0.0032087134639769087,0.9967912865360231
1634.458,no_event,0.9999941665692782,False,5.833430721748025e-06,0.9999941665692782
1634.958,no_event,0.9999848277367094,False,1.517226329061421e-05,0.9999848277367094
1635.458,no_event,0.9895560891752506,False,0.010443910824749405,0.9895560891752506
1635.958,no_event,0.9999990858913542,False,9.141086457712327e-07,0.9999990858913542
1636.458,no_event,0.9999990560806997,False,9.439193002324023e-07,0.9999990560806997
1636.958,no_event,0.9999951010723679,False,4.898927632067385e-06,0.9999951010723679
1637.458,no_event,0.999997404174034,False,2.5958259659482113e-06,0.999997404174034
1637.958,no_event,0.9999906853740799,False,9.314625920157589e-06,0.9999906853740799
1638.458,no_event,0.992202185002303,False,0.007797814997697048,0.992202185002303
1638.958,no_event,0.9835147490497795,False,0.016485250950220423,0.9835147490497795
1639.458,no_event,0.9970151235973589,False,0.0029848764026411886,0.9970151235973589
1639.958,no_event,0.9931053291885618,False,0.006894670811438292,0.9931053291885618
1640.458,no_event,0.9945772674230244,False,0.0054227325769756075,0.9945772674230244
1640.958,no_event,0.9926251298973653,False,0.007374870102634702,0.9926251298973653
1641.458,no_event,0.9858412421334362,False,0.014158757866563846,0.9858412421334362
1641.958,no_event,0.9936456808372589,False,0.006354319162741252,0.9936456808372589
1642.458,no_event,0.9957869611356168,False,0.004213038864383311,0.9957869611356168
1642.958,no_event,0.9927893728838849,False,0.0072106271161149985,0.9927893728838849
1643.458,no_event,0.994648618079465,False,0.005351381920534875,0.994648618079465
1643.958,eID_1,0.7223094174993419,True,0.2776905825006582,0.7223094174993419
1644.458,eID_1,0.572438273779135,False,0.4275617262208649,0.572438273779135
1644.958,no_event,0.9123155879561118,False,0.08768441204388822,0.9123155879561118
1645.458,eID_1,0.5896893160508253,False,0.5896893160508253,0.4103106839491746
1645.958,eID_1,0.643802618252284,False,0.643802618252284,0.356197381747716
1646.458,no_event,0.8430955148792829,False,0.156904485120717,0.8430955148792829
1646.958,eID_1,0.5921484279114092,False,0.40785157208859063,0.5921484279114092
1647.458,eID_1,0.7030087000521945,True,0.7030087000521945,0.29699129994780554
1647.958,eID_1,0.6794619471876276,False,0.6794619471876276,0.3205380528123724
1648.458,no_event,0.8326147842362647,False,0.16738521576373527,0.8326147842362647
1648.958,no_event,0.9398104417529597,False,0.06018955824704014,0.9398104417529597
1649.458,no_event,0.8885652857609075,False,0.11143471423909235,0.8885652857609075
1649.958,no_event,0.9863713944480691,False,0.013628605551930835,0.9863713944480691
1650.458,no_event,0.9900748802917357,False,0.009925119708264249,0.9900748802917357
1650.958,no_event,0.911493624339129,False,0.08850637566087091,0.911493624339129
1651.458,no_event,0.811188787848385,False,0.1888112121516148,0.811188787848385
1651.958,no_event,0.9943053498902397,False,0.005694650109760174,0.9943053498902397
1652.458,no_event,0.9891532582820587,False,0.0108467417179412,0.9891532582820587
1652.958,no_event,0.9958838608874993,False,0.004116139112500648,0.9958838608874993
1653.458,no_event,0.9958056740220377,False,0.004194325977962239,0.9958056740220377
1653.958,no_event,0.9876146320747614,False,0.012385367925238958,0.9876146320747614
1654.458,no_event,0.9941875399718726,False,0.005812460028127418,0.9941875399718726
1654.958,no_event,0.9999928998527277,False,7.1001472723113705e-06,0.9999928998527277
1655.458,no_event,0.9966223092855425,False,0.0033776907144574524,0.9966223092855425
1655.958,no_event,0.9999995236881931,False,4.763118067987349e-07,0.9999995236881931
1656.458,no_event,0.9424420744967956,False,0.057557925503204384,0.9424420744967956
1656.958,no_event,0.9880851353195228,False,0.011914864680477246,0.9880851353195228
1657.458,no_event,0.9927792567844783,False,0.007220743215521446,0.9927792567844783
1657.958,no_event,0.9999915586263407,False,8.441373659288116e-06,0.9999915586263407
1658.458,no_event,0.9999963174330219,False,3.682566978181105e-06,0.9999963174330219
1658.958,no_event,0.9999995557023125,False,4.4429768760443827e-07,0.9999995557023125
1659.458,no_event,0.9999996637139613,False,3.362860386441371e-07,0.9999996637139613
1659.958,no_event,0.9955903119295012,False,0.004409688070498871,0.9955903119295012
1660.458,no_event,0.9935289129117102,False,0.006471087088289714,0.9935289129117102
1660.958,no_event,0.9913116824828262,False,0.008688317517173923,0.9913116824828262
1661.458,no_event,0.9908117987256194,False,0.009188201274380494,0.9908117987256194
1661.958,no_event,0.9921998450530994,False,0.0078001549469006,0.9921998450530994
1662.458,no_event,0.9945552492750109,False,0.005444750724989202,0.9945552492750109
1662.958,no_event,0.9999814769337433,False,1.8523066256679876e-05,0.9999814769337433
1663.458,no_event,0.9999921588345517,False,7.841165448208793e-06,0.9999921588345517
1663.958,no_event,0.9970033862120037,False,0.0029966137879962025,0.9970033862120037
1664.458,no_event,0.9999984421707797,False,1.5578292202716175e-06,0.9999984421707797
1664.958,no_event,0.9999862662791589,False,1.3733720841050313e-05,0.9999862662791589
1665.458,no_event,0.9698151524842511,False,0.030184847515748892,0.9698151524842511
1665.958,no_event,0.937622876706318,False,0.06237712329368184,0.937622876706318
1666.458,no_event,0.8390901124386616,False,0.16090988756133837,0.8390901124386616
