time_s,sig_64
0.0,-905
0.033,-882
0.067,-883
0.1,-904
0.133,-954
0.167,-984
0.2,-1011
0.233,-1041
0.267,-1032
0.3,-1013
0.333,-1010
0.367,-992
0.4,-949
0.433,-949
0.467,-963
0.5,-958
0.533,-958
0.567,-977
0.6,-1039
0.633,-969
0.667,-885
0.7,-858
0.733,-837
0.767,-831
0.8,-837
0.833,-791
0.867,-658
0.9,-590
0.933,-646
0.967,-699
1.0,-753
1.033,-786
1.067,-756
1.1,-744
1.133,-783
1.167,-889
1.2,-918
1.233,-924
1.267,-905
1.3,-856
1.333,-974
1.367,-991
1.4,-859
1.433,-772
1.467,-546
1.5,-312
1.533,-269
1.567,-355
1.6,-450
1.633,-531
1.667,-489
1.7,-350
1.733,-56
1.767,291
1.8,546
1.833,717
1.867,936
1.9,1026
1.933,1077
1.967,1109
2.0,1199
2.033,1067
2.067,995
2.1,926
2.133,946
2.167,1024
2.2,1064
2.233,1021
2.267,1002
2.3,919
2.333,659
2.367,27
2.4,96
2.433,664
2.467,1867
2.5,547
2.533,869
2.567,683
2.6,643
2.633,784
2.667,818
2.7,807
2.733,764
2.767,757
2.8,746
2.833,765
2.867,791
2.9,768
2.933,769
2.967,777
3.0,784
3.033,741
3.067,735
3.1,731
3.133,700
3.167,629
3.2,526
3.233,448
3.267,423
3.3,425
3.333,468
3.367,496
3.4,524
3.433,529
3.467,533
3.5,508
3.533,529
3.567,511
3.6,510
3.633,561
3.667,681
3.7,904
3.733,1104
3.767,1049
3.8,1052
3.833,977
3.867,892
3.9,874
3.933,807
3.967,764
4.0,795
4.033,909
4.067,886
4.1,788
4.133,747
4.167,693
4.2,376
4.233,-120
4.267,-887
4.3,-1767
4.333,1889
4.367,335
4.4,727
4.433,780
4.467,624
4.5,765
4.533,750
4.567,693
4.6,649
4.633,675
4.667,674
4.7,665
4.733,638
4.767,637
4.8,676
4.833,688
4.867,641
4.9,640
4.933,596
4.967,556
5.0,502
5.033,477
5.067,473
5.1,445
5.133,389
5.167,384
5.2,365
5.233,327
5.267,310
5.3,268
5.333,240
5.367,224
5.4,236
5.433,286
5.467,390
5.5,425
5.533,466
5.567,504
5.6,595
5.633,671
5.667,769
5.7,786
5.733,653
5.767,591
5.8,613
5.833,649
5.867,676
5.9,706
5.933,661
5.967,569
6.0,577
6.033,439
6.067,268
6.1,-43
6.133,-530
6.167,-649
6.2,1706
6.233,865
6.267,1053
6.3,798
6.333,953
6.367,865
6.4,832
6.433,836
6.467,848
6.5,861
6.533,848
6.567,868
6.6,873
6.633,852
6.667,854
6.7,869
6.733,845
6.767,811
6.8,794
6.833,798
6.867,717
6.9,518
6.933,382
6.967,382
7.0,323
7.033,299
7.067,318
7.1,290
7.133,203
7.167,166
7.2,37
7.233,47
7.267,229
7.3,269
7.333,368
7.367,597
7.4,903
7.433,1038
7.467,965
7.5,868
7.533,720
7.567,648
7.6,570
7.633,533
7.667,583
7.7,607
7.733,618
7.767,539
7.8,467
7.833,448
7.867,122
7.9,-229
7.933,-677
7.967,-1757
8.0,1564
8.033,937
8.067,1261
8.1,905
8.133,701
8.167,718
8.2,778
8.233,817
8.267,831
8.3,845
8.333,816
8.367,803
8.4,789
8.433,761
8.467,763
8.5,774
8.533,789
8.567,826
8.6,835
8.633,817
8.667,760
8.7,640
8.733,548
8.767,422
8.8,303
8.833,237
8.867,265
8.9,324
8.933,367
8.967,356
9.0,325
9.033,253
9.067,201
9.1,165
9.133,144
9.167,113
9.2,189
9.233,407
9.267,600
9.3,763
9.333,859
9.367,868
9.4,770
9.433,664
9.467,612
9.5,574
9.533,573
9.567,652
9.6,632
9.633,597
9.667,622
9.7,276
9.733,-51
9.767,-367
9.8,-567
9.833,654
9.867,1476
9.9,1278
9.933,1090
9.967,790
10.0,783
10.033,822
10.067,843
10.1,860
10.133,852
10.167,857
10.2,876
10.233,849
10.267,836
10.3,822
10.333,843
10.367,848
10.4,850
10.433,840
10.467,831
10.5,821
10.533,831
10.567,836
10.6,824
10.633,809
10.667,728
10.7,690
10.733,660
10.767,633
10.8,604
10.833,524
10.867,480
10.9,468
10.933,441
10.967,348
11.0,253
11.033,96
11.067,-164
11.1,-383
11.133,-572
11.167,-741
11.2,-1110
11.233,-1588
11.267,-1794
11.3,-1403
11.333,-1074
11.367,-1161
11.4,-821
11.433,-694
11.467,-684
11.5,-777
11.533,-967
11.567,-1025
11.6,-980
11.633,-986
11.667,-946
11.7,-920
11.733,-909
11.767,-898
11.8,-868
11.833,-825
11.867,-827
11.9,-865
11.933,-881
11.967,-883
12.0,-888
12.033,-916
12.067,-939
12.1,-928
12.133,-960
12.167,-939
12.2,-929
12.233,-932
12.267,-949
12.3,-943
12.333,-943
12.367,-923
12.4,-911
12.433,-902
12.467,-883
12.5,-816
12.533,-746
12.567,-740
12.6,-686
12.633,-879
12.667,-1310
12.7,-1312
12.733,-1092
12.767,-896
12.8,-801
12.833,-831
12.867,-906
12.9,-971
12.933,-972
12.967,-928
13.0,-912
13.033,-907
13.067,-912
13.1,-960
13.133,-964
13.167,-930
13.2,-911
13.233,-920
13.267,-934
13.3,-932
13.333,-924
13.367,-920
13.4,-923
13.433,-914
13.467,-911
13.5,-922
13.533,-932
13.567,-935
13.6,-933
13.633,-940
13.667,-944
13.7,-940
13.733,-937
13.767,-963
13.8,-1000
13.833,-996
13.867,-960
13.9,-920
13.933,-907
13.967,-891
14.0,-893
14.033,-904
14.067,-910
14.1,-922
14.133,-910
14.167,-898
14.2,-841
14.233,-740
14.267,-631
14.3,-488
14.333,-775
14.367,-1636
14.4,-1720
14.433,-1213
14.467,-857
14.5,-678
14.533,-697
14.567,-867
14.6,-1013
14.633,-1048
14.667,-965
14.7,-912
14.733,-909
14.767,-914
14.8,-934
14.833,-968
14.867,-952
14.9,-949
14.933,-934
14.967,-917
15.0,-894
15.033,-914
15.067,-956
15.1,-942
15.133,-939
15.167,-953
15.2,-951
15.233,-946
15.267,-948
15.3,-948
15.333,-947
15.367,-935
15.4,-932
15.433,-942
15.467,-941
15.5,-943
15.533,-949
15.567,-980
15.6,-972
15.633,-937
15.667,-933
15.7,-906
15.733,-879
15.767,-889
15.8,-912
15.833,-906
15.867,-887
15.9,-853
15.933,-782
15.967,-726
16.0,-780
16.033,-1032
16.067,-1368
16.1,-1384
16.133,-1166
16.167,-981
16.2,-865
16.233,-850
16.267,-900
16.3,-936
16.333,-916
16.367,-904
16.4,-901
16.433,-884
16.467,-894
16.5,-925
16.533,-924
16.567,-939
16.6,-941
16.633,-938
16.667,-947
16.7,-953
16.733,-943
16.766,-934
16.8,-927
16.833,-926
16.866,-951
16.9,-956
16.933,-964
16.966,-972
17.0,-970
17.033,-969
17.066,-964
17.1,-931
17.133,-928
17.166,-956
17.2,-978
17.233,-955
17.266,-944
17.3,-933
17.333,-913
17.366,-912
17.4,-913
17.433,-897
17.466,-899
17.5,-890
17.533,-862
17.566,-835
17.6,-802
17.633,-782
17.666,-679
17.7,-857
17.733,-1383
17.766,-1494
17.8,-1238
17.833,-948
17.866,-783
17.9,-747
17.933,-879
17.966,-992
18.0,-994
18.033,-953
18.066,-931
18.1,-916
18.133,-908
18.166,-914
18.2,-927
18.233,-930
18.266,-947
18.3,-959
18.333,-944
18.366,-931
18.4,-939
18.433,-937
18.466,-925
18.5,-928
18.533,-936
18.566,-946
18.6,-938
18.633,-929
18.666,-931
18.7,-931
18.733,-934
18.766,-953
18.8,-958
18.833,-909
18.866,-874
18.9,-870
18.933,-898
18.966,-947
19.0,-942
19.033,-925
19.066,-915
19.1,-893
19.133,-882
19.166,-841
19.2,-797
19.233,-791
19.266,-819
19.3,-1014
19.333,-1410
19.366,-1429
19.4,-1108
19.433,-856
19.466,-746
19.5,-755
19.533,-855
19.566,-956
19.6,-994
19.633,-966
19.666,-927
19.7,-897
19.733,-900
19.766,-938
19.8,-950
19.833,-943
19.866,-942
19.9,-960
19.933,-968
19.966,-959
20.0,-947
20.033,-935
20.066,-940
20.1,-947
20.133,-935
20.166,-932
20.2,-954
20.233,-953
20.266,-936
20.3,-939
20.333,-958
20.366,-957
20.4,-933
20.433,-902
20.466,-891
20.5,-895
20.533,-885
20.566,-876
20.6,-910
20.633,-910
20.666,-911
20.7,-935
20.733,-1000
20.766,-990
20.8,-949
20.833,-946
20.866,-934
20.9,-920
20.933,-925
20.966,-938
21.0,-943
21.033,-932
21.066,-889
21.1,-888
21.133,-897
21.166,-909
21.2,-914
21.233,-890
21.266,-898
21.3,-901
21.333,-938
21.366,-933
21.4,-926
21.433,-928
21.466,-938
21.5,-938
21.533,-932
21.566,-913
21.6,-910
21.633,-915
21.666,-952
21.7,-932
21.733,-891
21.766,-901
21.8,-892
21.833,-879
21.866,-891
21.9,-903
21.933,-917
21.966,-918
22.0,-945
22.033,-915
22.066,-922
22.1,-934
22.133,-936
22.166,-922
22.2,-902
22.233,-932
22.266,-917
22.3,-915
22.333,-920
22.366,-935
22.4,-891
22.433,-866
22.466,-881
22.5,-900
22.533,-915
22.566,-900
22.6,-887
22.633,-871
22.666,-892
22.7,-901
22.733,-912
22.766,-906
22.8,-886
22.833,-897
22.866,-902
22.9,-908
22.933,-889
22.966,-886
23.0,-887
23.033,-891
23.066,-883
23.1,-896
23.133,-899
23.166,-903
23.2,-907
23.233,-898
23.266,-879
23.3,-877
23.333,-911
23.366,-922
23.4,-892
23.433,-882
23.466,-876
23.5,-891
23.533,-918
23.566,-904
23.6,-882
23.633,-884
23.666,-891
23.7,-906
23.733,-900
23.766,-891
23.8,-894
23.833,-886
23.866,-913
23.9,-922
23.933,-895
23.966,-898
24.0,-892
24.033,-894
24.066,-906
24.1,-903
24.133,-907
24.166,-912
24.2,-917
24.233,-911
24.266,-924
24.3,-916
24.333,-896
24.366,-902
24.4,-917
24.433,-931
24.466,-914
24.5,-917
24.533,-909
24.566,-897
24.6,-879
24.633,-860
24.666,-850
24.7,-863
24.733,-886
24.766,-883
24.8,-898
24.833,-891
24.866,-909
24.9,-899
24.933,-879
24.966,-860
25.0,-860
25.033,-893
25.066,-906
25.1,-903
25.133,-887
25.166,-875
25.2,-874
25.233,-882
25.266,-901
25.3,-911
25.333,-909
25.366,-897
25.4,-896
25.433,-893
25.466,-872
25.5,-875
25.533,-892
25.566,-916
25.6,-911
25.633,-893
25.666,-885
25.7,-887
25.733,-895
25.766,-893
25.8,-892
25.833,-892
25.866,-904
25.9,-909
25.933,-912
25.966,-918
26.0,-903
26.033,-897
26.066,-898
26.1,-901
26.133,-903
26.166,-896
26.2,-904
26.233,-897
26.266,-898
26.3,-905
26.333,-898
26.366,-890
26.4,-886
26.433,-902
26.466,-898
26.5,-884
26.533,-892
26.566,-895
26.6,-901
26.633,-906
26.666,-907
26.7,-899
26.733,-906
26.766,-895
26.8,-897
26.833,-899
26.866,-906
26.9,-916
26.933,-911
26.966,-904
27.0,-906
27.033,-902
27.066,-893
27.1,-914
27.133,-921
27.166,-897
27.2,-884
27.233,-887
27.266,-899
27.3,-894
27.333,-891
27.366,-883
27.4,-896
27.433,-916
27.466,-931
27.5,-926
27.533,-924
27.566,-912
27.6,-901
27.633,-874
27.666,-889
27.7,-901
27.733,-919
27.766,-918
27.8,-891
27.833,-878
27.866,-886
27.9,-901
27.933,-906
27.966,-890
28.0,-872
28.033,-899
28.066,-898
28.1,-864
28.133,-855
28.166,-898
28.2,-917
28.233,-922
28.266,-933
28.3,-918
28.333,-892
28.366,-908
28.4,-909
28.433,-908
28.466,-903
28.5,-922
28.533,-904
28.566,-906
28.6,-910
28.633,-893
28.666,-894
28.7,-905
28.733,-927
28.766,-943
28.8,-945
28.833,-892
28.866,-891
28.9,-914
28.933,-911
28.966,-913
29.0,-903
29.033,-895
29.066,-940
29.1,-941
29.133,-906
29.166,-914
29.2,-896
29.233,-897
29.266,-889
29.3,-915
29.333,-933
29.366,-945
29.4,-943
29.433,-922
29.466,-916
29.5,-876
29.533,-857
29.566,-846
29.6,-835
29.633,-839
29.666,-871
29.7,-906
29.733,-946
29.766,-945
29.8,-956
29.833,-923
29.866,-895
29.9,-859
29.933,-850
29.966,-866
30.0,-893
30.033,-907
30.066,-930
30.1,-910
30.133,-874
30.166,-869
30.2,-869
30.233,-883
30.266,-901
30.3,-914
30.333,-915
30.366,-920
30.4,-938
30.433,-907
30.466,-886
30.5,-920
30.533,-940
30.566,-906
30.6,-903
30.633,-889
30.666,-849
30.7,-848
30.733,-898
30.766,-920
30.8,-924
30.833,-903
30.866,-899
30.9,-893
30.933,-888
30.966,-897
31.0,-918
31.033,-918
31.066,-914
31.1,-925
31.133,-922
31.166,-906
31.2,-905
31.233,-900
31.266,-894
31.3,-900
31.333,-915
31.366,-918
31.4,-910
31.433,-910
31.466,-909
31.5,-901
31.533,-891
31.566,-893
31.6,-902
31.633,-904
31.666,-907
31.7,-898
31.733,-894
31.766,-911
31.8,-906
31.833,-900
31.866,-915
31.9,-941
31.933,-916
31.966,-894
32.0,-872
32.033,-889
32.066,-912
32.1,-921
32.133,-909
32.166,-904
32.2,-909
32.233,-921
32.266,-922
32.3,-920
32.333,-909
32.366,-904
32.4,-908
32.433,-894
32.466,-884
32.5,-891
32.533,-889
32.566,-888
32.6,-882
32.633,-883
32.666,-881
32.7,-875
32.733,-891
32.766,-904
32.8,-898
32.833,-887
32.866,-892
32.9,-897
32.933,-902
32.966,-900
33.0,-904
33.033,-898
33.066,-899
33.1,-890
33.133,-889
33.166,-895
33.2,-902
33.233,-907
33.266,-908
33.3,-901
33.333,-895
33.366,-884
33.4,-882
33.433,-901
33.466,-901
33.5,-892
33.533,-909
33.566,-905
33.6,-913
33.633,-904
33.666,-905
33.7,-912
33.733,-899
33.766,-901
33.8,-899
33.833,-897
33.866,-886
33.9,-880
33.933,-884
33.966,-896
34.0,-905
34.033,-898
34.066,-884
34.1,-878
34.133,-897
34.166,-903
34.2,-908
34.233,-914
34.266,-916
34.3,-895
34.333,-891
34.366,-896
34.4,-903
34.433,-901
34.466,-899
34.5,-894
34.533,-896
34.566,-890
34.6,-899
34.633,-893
34.666,-881
34.7,-891
34.733,-908
34.766,-902
34.8,-900
34.833,-892
34.866,-886
34.9,-886
34.933,-876
34.966,-880
35.0,-894
35.033,-898
35.066,-893
35.1,-894
35.133,-900
35.166,-903
35.2,-917
35.233,-918
35.266,-926
35.3,-912
35.333,-907
35.366,-901
35.4,-896
35.433,-903
35.466,-904
35.5,-896
35.533,-900
35.566,-904
35.6,-906
35.633,-895
35.666,-900
35.7,-908
35.733,-901
35.766,-900
35.8,-891
35.833,-891
35.866,-905
35.9,-902
35.933,-903
35.966,-906
36.0,-904
36.033,-901
36.066,-906
36.1,-899
36.133,-895
36.166,-901
36.2,-910
36.233,-915
36.266,-911
36.3,-904
36.333,-898
36.366,-902
36.4,-904
36.433,-898
36.466,-902
36.5,-904
36.533,-902
36.566,-902
36.6,-910
36.633,-919
36.666,-915
36.7,-891
36.733,-897
36.766,-888
36.8,-898
36.833,-908
36.866,-911
36.9,-905
36.933,-898
36.966,-900
37.0,-907
37.033,-913
37.066,-911
37.1,-920
37.133,-919
37.166,-909
37.2,-912
37.233,-912
37.266,-909
37.3,-921
37.333,-919
37.366,-904
37.4,-895
37.433,-896
37.466,-918
37.5,-919
37.533,-904
37.566,-905
37.6,-914
37.633,-919
37.666,-921
37.7,-902
37.733,-901
37.766,-913
37.8,-914
37.833,-912
37.866,-909
37.9,-900
37.933,-914
37.966,-910
38.0,-908
38.033,-911
38.066,-905
38.1,-913
38.133,-901
38.166,-904
38.2,-906
38.233,-900
38.266,-894
38.3,-907
38.333,-915
38.366,-919
38.4,-915
38.433,-910
38.466,-916
38.5,-916
38.533,-913
38.566,-908
38.6,-898
38.633,-939
38.666,-948
38.7,-955
38.733,-894
38.766,-861
38.8,-855
38.833,-897
38.866,-936
38.9,-974
38.933,-934
38.966,-862
39.0,-889
39.033,-923
39.066,-898
39.1,-896
39.133,-875
39.166,-882
39.2,-883
39.233,-885
39.266,-890
39.3,-895
39.333,-916
39.366,-904
39.4,-883
39.433,-876
39.466,-880
39.5,-895
39.533,-900
39.566,-902
39.6,-908
39.633,-905
39.666,-891
39.7,-884
39.733,-890
39.766,-903
39.8,-892
39.833,-889
39.866,-896
39.9,-884
39.933,-884
39.966,-885
40.0,-885
40.033,-892
40.066,-901
40.1,-898
40.133,-897
40.166,-895
40.2,-891
40.233,-893
40.266,-898
40.3,-898
40.333,-897
40.366,-904
40.4,-897
40.433,-898
40.466,-898
40.5,-901
40.533,-897
40.566,-900
40.6,-896
40.633,-881
40.666,-859
40.7,-852
40.733,-860
40.766,-876
40.8,-907
40.833,-972
40.866,-1018
40.9,-972
40.933,-923
40.966,-896
41.0,-906
41.033,-905
41.066,-911
41.1,-928
41.133,-944
41.166,-948
41.2,-938
41.233,-905
41.266,-903
41.3,-926
41.333,-937
41.366,-928
41.4,-908
41.433,-890
41.466,-901
41.5,-897
41.533,-886
41.566,-898
41.6,-908
41.633,-916
41.666,-923
41.7,-917
41.733,-915
41.766,-921
41.8,-921
41.833,-912
41.866,-903
41.9,-894
41.933,-879
41.966,-881
42.0,-879
42.033,-881
42.066,-893
42.1,-896
42.133,-904
42.166,-897
42.2,-883
42.233,-878
42.266,-876
42.3,-876
42.333,-882
42.366,-890
42.4,-889
42.433,-892
42.466,-893
42.5,-900
42.533,-914
42.566,-918
42.6,-916
42.633,-916
42.666,-909
42.7,-917
42.733,-941
42.766,-970
42.8,-965
42.833,-966
42.866,-934
42.9,-894
42.933,-867
42.966,-843
43.0,-868
43.033,-903
43.066,-929
43.1,-945
43.133,-981
43.166,-986
43.2,-972
43.233,-966
43.266,-966
43.3,-960
43.333,-951
43.366,-936
43.4,-924
43.433,-959
43.466,-1002
43.5,-997
43.533,-942
43.566,-897
43.6,-891
43.633,-873
43.666,-888
43.7,-916
43.733,-956
43.766,-954
43.8,-927
43.833,-933
43.866,-935
43.9,-919
43.933,-912
43.966,-902
44.0,-885
44.033,-883
44.066,-869
44.1,-906
44.133,-964
44.166,-1020
44.2,-971
44.233,-916
44.266,-896
44.3,-891
44.333,-882
44.366,-875
44.4,-853
44.433,-887
44.466,-980
44.5,-1061
44.533,-1082
44.566,-1037
44.6,-968
44.633,-899
44.666,-873
44.7,-887
44.733,-953
44.766,-939
44.8,-933
44.833,-961
44.866,-959
44.9,-924
44.933,-912
44.966,-924
45.0,-953
45.033,-992
45.066,-1026
45.1,-1025
45.133,-985
45.166,-955
45.2,-975
45.233,-1157
45.266,-960
45.3,-849
45.333,-848
45.366,-876
45.4,-945
45.433,-959
45.466,-937
45.5,-924
45.533,-912
45.566,-904
45.6,-889
45.633,-876
45.666,-888
45.7,-903
45.733,-893
45.766,-874
45.8,-865
45.833,-887
45.866,-939
45.9,-991
45.933,-1010
45.966,-989
46.0,-981
46.033,-968
46.066,-935
46.1,-920
46.133,-911
46.166,-901
46.2,-909
46.233,-903
46.266,-892
46.3,-890
46.333,-902
46.366,-922
46.4,-912
46.433,-873
46.466,-828
46.5,-788
46.533,-797
46.566,-820
46.6,-851
46.633,-895
46.666,-937
46.7,-925
46.733,-914
46.766,-929
46.8,-989
46.833,-1287
46.866,-1078
46.9,-866
46.933,-964
46.966,-957
47.0,-883
47.033,-861
47.066,-862
47.1,-877
47.133,-912
47.166,-903
47.2,-869
47.233,-853
47.266,-912
47.3,-970
47.333,-1017
47.366,-1034
47.4,-1020
47.433,-976
47.466,-945
47.5,-929
47.533,-919
47.566,-931
47.6,-938
47.633,-955
47.666,-956
47.7,-933
47.733,-923
47.766,-925
47.8,-963
47.833,-1008
47.866,-1046
47.9,-1119
47.933,-1085
47.966,-972
48.0,-901
48.033,-802
48.066,-791
48.1,-827
48.133,-830
48.166,-832
48.2,-844
48.233,-945
48.266,-1111
48.3,-1134
48.333,-1079
48.366,-960
48.4,-894
48.433,-852
48.466,-775
48.5,-788
48.533,-833
48.566,-830
48.6,-784
48.633,-804
48.666,-840
48.7,-887
48.733,-948
48.766,-1004
48.8,-1024
48.833,-1179
48.866,-1191
48.9,-1009
48.933,-901
48.966,-975
49.0,-1129
49.033,-1170
49.066,-1115
49.1,-955
49.133,-811
49.166,-757
49.2,-763
49.233,-783
49.266,-817
49.3,-821
49.333,-899
49.366,-943
49.4,-998
49.433,-1116
49.466,-1182
49.5,-1236
49.533,-1229
49.566,-892
49.6,-767
49.633,-934
49.666,-974
49.7,-868
49.733,-761
49.766,-668
49.8,-634
49.833,-615
49.866,-639
49.9,-706
49.933,-789
49.966,-846
50.0,-886
50.033,-918
50.066,-883
50.099,-901
50.133,-951
50.166,-1144
50.199,-1068
50.233,-1013
50.266,-891
50.299,-873
50.333,-1112
50.366,-1369
50.399,-1419
50.433,-1416
50.466,-1243
50.499,-979
50.533,-795
50.566,-684
50.599,-607
50.633,-643
50.666,-687
50.699,-745
50.733,-833
50.766,-979
50.799,-1098
50.833,-1177
50.866,-1222
50.899,-1137
50.933,-1174
50.966,-857
50.999,-700
51.033,-657
51.066,-679
51.099,-777
51.133,-865
51.166,-853
51.199,-839
51.233,-814
51.266,-816
51.299,-908
51.333,-974
51.366,-1045
51.399,-1053
51.433,-1022
51.466,-1004
51.499,-1027
51.533,-1117
51.566,-1220
51.599,-1049
51.633,-900
51.666,-1104
51.699,-1012
51.733,-902
51.766,-867
51.799,-861
51.833,-632
51.866,-832
51.899,-863
51.933,-769
51.966,-685
51.999,-675
52.033,-808
52.066,-829
52.099,-600
52.133,-745
52.166,-930
52.199,-800
52.233,-819
52.266,-902
52.299,-982
52.333,-934
52.366,-839
52.399,-820
52.433,-745
52.466,-862
52.499,-707
52.533,-690
52.566,-621
52.599,-534
52.633,-549
52.666,-606
52.699,-622
52.733,-543
52.766,-522
52.799,-507
52.833,-384
52.866,-439
52.899,-479
52.933,-501
52.966,-493
52.999,-562
53.033,-763
53.066,-826
53.099,-746
53.133,-698
53.166,-713
53.199,-694
53.233,-700
53.266,-661
53.299,-694
53.333,-642
53.366,-604
53.399,-597
53.433,-570
53.466,-589
53.499,-629
53.533,-732
53.566,-817
53.599,-794
53.633,-823
53.666,-802
53.699,-657
53.733,-624
53.766,-517
53.799,-427
53.833,-462
53.866,-618
53.899,-983
53.933,-1331
53.966,-1622
53.999,-1634
54.033,-1074
54.066,-722
54.099,-567
54.133,-602
54.166,-868
54.199,-992
54.233,-1001
54.266,-1002
54.299,-956
54.333,-908
54.366,-880
54.399,-895
54.433,-864
54.466,-830
54.499,-950
54.533,-1027
54.566,-881
54.599,-813
54.633,-866
54.666,-779
54.699,-734
54.733,-635
54.766,-572
54.799,-433
54.833,-358
54.866,-414
54.899,-574
54.933,-724
54.966,-901
54.999,-1067
55.033,-1043
55.066,-775
55.099,-573
55.133,-651
55.166,-774
55.199,-726
55.233,-717
55.266,-769
55.299,-748
55.333,-669
55.366,-558
55.399,-612
55.433,-578
55.466,-561
55.499,-497
55.533,-498
55.566,-491
55.599,-436
55.633,-305
55.666,-408
55.699,-474
55.733,-530
55.766,-497
55.799,-428
55.833,-468
55.866,-577
55.899,-606
55.933,-579
55.966,-621
55.999,-725
56.033,-795
56.066,-665
56.099,-640
56.133,-732
56.166,-710
56.199,-631
56.233,-791
56.266,-771
56.299,-682
56.333,-1247
56.366,-764
56.399,-727
56.433,-943
56.466,-829
56.499,-818
56.533,-737
56.566,-763
56.599,-798
56.633,-931
56.666,-879
56.699,-901
56.733,-1081
56.766,-1026
56.799,-952
56.833,-946
56.866,-847
56.899,-771
56.933,-702
56.966,-752
56.999,-921
57.033,-1033
57.066,-1043
57.099,-1011
57.133,-961
57.166,-847
57.199,-793
57.233,-731
57.266,-666
57.299,-752
57.333,-883
57.366,-914
57.399,-909
57.433,-857
57.466,-821
57.499,-800
57.533,-788
57.566,-797
57.599,-791
57.633,-787
57.666,-822
57.699,-877
57.733,-921
57.766,-962
57.799,-869
57.833,-792
57.866,-804
57.899,-841
57.933,-872
57.966,-879
57.999,-871
58.033,-851
58.066,-842
58.099,-843
58.133,-854
58.166,-845
58.199,-877
58.233,-929
58.266,-946
58.299,-936
58.333,-926
58.366,-901
58.399,-887
58.433,-897
58.466,-900
58.499,-896
58.533,-928
58.566,-944
58.599,-919
58.633,-925
58.666,-962
58.699,-990
58.733,-1026
58.766,-980
58.799,-914
58.833,-909
58.866,-934
58.899,-924
58.933,-876
58.966,-814
58.999,-789
59.033,-812
59.066,-855
59.099,-889
59.133,-857
59.166,-795
59.199,-748
59.233,-724
59.266,-748
59.299,-815
59.333,-876
59.366,-911
59.399,-905
59.433,-891
59.466,-847
59.499,-825
59.533,-799
59.566,-779
59.599,-806
59.633,-911
59.666,-959
59.699,-972
59.733,-995
59.766,-928
59.799,-879
59.833,-967
59.866,-1022
59.899,-1029
59.933,-916
59.966,-815
59.999,-728
60.033,-625
60.066,-542
60.099,-542
60.133,-516
60.166,-552
60.199,-597
60.233,-532
60.266,-535
60.299,-545
60.333,-576
60.366,-678
60.399,-700
60.433,-796
60.466,-1161
60.499,-1098
60.533,-927
60.566,-898
60.599,-782
60.633,-709
60.666,-608
60.699,-748
60.733,-809
60.766,-728
60.799,-831
60.833,-711
60.866,-651
60.899,-478
60.933,-452
60.966,-482
60.999,-528
61.033,-470
61.066,-961
61.099,-971
61.133,-795
61.166,-894
61.199,-840
61.233,-614
61.266,-610
61.299,-442
61.333,-518
61.366,-315
61.399,-416
61.433,-296
61.466,-196
61.499,-633
61.533,151
61.566,-429
61.599,-817
61.633,-871
61.666,-953
61.699,-772
61.733,-628
61.766,-569
61.799,-687
61.833,-691
61.866,-829
61.899,-869
61.933,-877
61.966,-881
61.999,-1005
62.033,-1049
62.066,-963
62.099,-987
62.133,-1030
62.166,-1044
62.199,-1041
62.233,-995
62.266,-984
62.299,-1050
62.333,-1050
62.366,-1327
62.399,-1011
62.433,-973
62.466,-1014
62.499,-1244
62.533,-1169
62.566,-1515
62.599,-1534
62.633,-1490
62.666,-1433
62.699,-1375
62.733,-1326
62.766,-1253
62.799,-1180
62.833,-1124
62.866,-883
62.899,-667
62.933,-654
62.966,-527
62.999,-538
63.033,-669
63.066,-717
63.099,-635
63.133,-582
63.166,-540
63.199,-523
63.233,-477
63.266,-564
63.299,-674
63.333,-774
63.366,-780
63.399,-863
63.433,-1093
63.466,-1007
63.499,-793
63.533,-785
63.566,-850
63.599,-935
63.633,-953
63.666,-875
63.699,-819
63.733,-857
63.766,-925
63.799,-893
63.833,-856
63.866,-831
63.899,-830
63.933,-857
63.966,-853
63.999,-870
64.033,-899
64.066,-732
64.099,-751
64.133,-700
64.166,-790
64.199,-751
64.233,-693
64.266,-633
64.299,-632
64.333,-735
64.366,-762
64.399,-663
64.433,-680
64.466,-783
64.499,-812
64.533,-859
64.566,-917
64.599,-961
64.633,-1056
64.666,-878
64.699,-1005
64.733,-1029
64.766,-907
64.799,-924
64.833,-914
64.866,-835
64.899,-911
64.933,-939
64.966,-1078
64.999,-1134
65.033,-1111
65.066,-1097
65.099,-1035
65.133,-1015
65.166,-1023
65.199,-1095
65.233,-987
65.266,-983
65.299,-1048
65.333,-1083
65.366,-1151
65.399,-1098
65.433,-1070
65.466,-1276
65.499,-1221
65.533,-1198
65.566,-1202
65.599,-1036
65.633,-959
65.666,-903
65.699,-903
65.733,-785
65.766,-756
65.799,-652
65.833,-527
65.866,-455
65.899,-348
65.933,-290
65.966,-318
65.999,-589
66.033,-599
66.066,-499
66.099,-497
66.133,-671
66.166,-612
66.199,-549
66.233,-433
66.266,-368
66.299,-424
66.333,-494
66.366,-1024
66.399,-599
66.433,-445
66.466,-564
66.499,-540
66.533,-554
66.566,-584
66.599,-555
66.633,-711
66.666,-896
66.699,-924
66.733,-912
66.766,-457
66.799,-363
66.833,-731
66.866,-481
66.899,-499
66.933,-523
66.966,-491
66.999,-513
67.033,-575
67.066,-675
67.099,-746
67.133,-812
67.166,-912
67.199,-1022
67.233,-1043
67.266,-942
67.299,-856
67.333,-904
67.366,-956
67.399,-1023
67.433,-1029
67.466,-872
67.499,-789
67.533,-771
67.566,-802
67.599,-731
67.633,-844
67.666,-787
67.699,-664
67.733,-646
67.766,-660
67.799,-760
67.833,-820
67.866,-856
67.899,-874
67.933,-869
67.966,-870
67.999,-903
68.033,-910
68.066,-905
68.099,-881
68.133,-850
68.166,-796
68.199,-761
68.233,-780
68.266,-860
68.299,-824
68.333,-829
68.366,-965
68.399,-1157
68.433,-1091
68.466,-1100
68.499,-1022
68.533,-866
68.566,-714
68.599,-634
68.633,-654
68.666,-727
68.699,-816
68.733,-875
68.766,-897
68.799,-892
68.833,-892
68.866,-846
68.899,-923
68.933,-884
68.966,-892
68.999,-953
69.033,-873
69.066,-887
69.099,-968
69.133,-947
69.166,-854
69.199,-694
69.233,-612
69.266,-558
69.299,-580
69.333,-656
69.366,-748
69.399,-911
69.433,-1257
69.466,-1381
69.499,-998
69.533,-576
69.566,-736
69.599,-747
69.633,-709
69.666,-595
69.699,-752
69.733,-763
69.766,-642
69.799,-739
69.833,-738
69.866,-735
69.899,-752
69.933,-659
69.966,-648
69.999,-699
70.033,-762
70.066,-1000
70.099,-642
70.133,-475
70.166,-418
70.199,-397
70.233,-377
70.266,-667
70.299,-977
70.333,-817
70.366,-697
70.399,-612
70.433,-565
70.466,-550
70.499,-637
70.533,-687
70.566,-839
70.599,-640
70.633,-663
70.666,-702
70.699,-732
70.733,-684
70.766,-742
70.799,-749
70.833,-717
70.866,-734
70.899,-703
70.933,-525
70.966,-600
70.999,-841
71.033,-710
71.066,-866
71.099,-882
71.133,-845
71.166,-897
71.199,-912
71.233,-935
71.266,-983
71.299,-978
71.333,-955
71.366,-951
71.399,-949
71.433,-871
71.466,-868
71.499,-898
71.533,-949
71.566,-965
71.599,-992
71.633,-950
71.666,-966
71.699,-952
71.733,-899
71.766,-817
71.799,-761
71.833,-706
71.866,-782
71.899,-744
71.933,-773
71.966,-904
71.999,-929
72.033,-826
72.066,-718
72.099,-660
72.133,-722
72.166,-734
72.199,-759
72.233,-703
72.266,-591
72.299,-674
72.333,-683
72.366,-695
72.399,-621
72.433,-661
72.466,-690
72.499,-643
72.533,-650
72.566,-614
72.599,-548
72.633,-538
72.666,-551
72.699,-707
72.733,-600
72.766,-695
72.799,-729
72.833,-610
72.866,-534
72.899,-486
72.933,-793
72.966,-799
72.999,-798
73.033,-738
73.066,-580
73.099,-635
73.133,-657
73.166,-1322
73.199,-77
73.233,-732
73.266,-685
73.299,-698
73.333,-678
73.366,-650
73.399,-640
73.433,-588
73.466,-626
73.499,-695
73.533,-587
73.566,-579
73.599,-568
73.633,-601
73.666,-642
73.699,-651
73.733,-694
73.766,-742
73.799,-774
73.833,-804
73.866,-779
73.899,-747
73.933,-736
73.966,-717
73.999,-701
74.033,-740
74.066,-769
74.099,-775
74.133,-776
74.166,-818
74.199,-930
74.233,-886
74.266,-699
74.299,-656
74.333,-760
74.366,-792
74.399,-791
74.433,-786
74.466,-798
74.499,-803
74.533,-771
74.566,-822
74.599,-815
74.633,-810
74.666,-758
74.699,-749
74.733,-775
74.766,-775
74.799,-668
74.833,-643
74.866,-784
74.899,-607
74.933,-520
74.966,-810
74.999,-635
75.033,-688
75.066,-693
75.099,-747
75.133,-713
75.166,-820
75.199,-744
75.233,-716
75.266,-723
75.299,-718
75.333,-668
75.366,-677
75.399,-690
75.433,-765
75.466,-825
75.499,-909
75.533,-852
75.566,-845
75.599,-850
75.633,-782
75.666,-797
75.699,-875
75.733,-962
75.766,-1017
75.799,-986
75.833,-932
75.866,-925
75.899,-898
75.933,-879
75.966,-876
75.999,-900
76.033,-893
76.066,-855
76.099,-845
76.133,-839
76.166,-828
76.199,-835
76.233,-824
76.266,-826
76.299,-833
76.333,-886
76.366,-909
76.399,-912
76.433,-921
76.466,-944
76.499,-944
76.533,-971
76.566,-1045
76.599,-1039
76.633,-959
76.666,-1021
76.699,-1035
76.733,-742
76.766,-522
76.799,-623
76.833,-805
76.866,-909
76.899,-773
76.933,-790
76.966,-735
76.999,-742
77.033,-744
77.066,-742
77.099,-735
77.133,-762
77.166,-709
77.199,-716
77.233,-684
77.266,-770
77.299,-784
77.333,-774
77.366,-768
77.399,-709
77.433,-771
77.466,-764
77.499,-720
77.533,-587
77.566,-605
77.599,-606
77.633,-740
77.666,-690
77.699,-1366
77.733,-138
77.766,-451
77.799,-705
77.833,-733
77.866,-638
77.899,-690
77.933,-661
77.966,-607
77.999,-650
78.033,-630
78.066,-609
78.099,-607
78.133,-598
78.166,-589
78.199,-592
78.233,-621
78.266,-644
78.299,-666
78.333,-693
78.366,-658
78.399,-643
78.433,-630
78.466,-607
78.499,-680
78.533,-731
78.566,-775
78.599,-810
78.633,-826
78.666,-834
78.699,-858
78.733,-862
78.766,-866
78.799,-885
78.833,-885
78.866,-815
78.899,-738
78.933,-759
78.966,-757
78.999,-721
79.033,-582
79.066,-480
79.099,-636
79.133,-696
79.166,-630
79.199,-616
79.233,-653
79.266,-660
79.299,-709
79.333,-736
79.366,-670
79.399,-745
79.433,-840
79.466,-757
79.499,-747
79.533,-813
79.566,-827
79.599,-789
79.633,-694
79.666,-742
79.699,-801
79.733,-775
79.766,-757
79.799,-722
79.833,-769
79.866,-799
79.899,-784
79.933,-782
79.966,-858
79.999,-832
80.033,-763
80.066,-892
80.099,-796
80.133,-870
80.166,-810
80.199,-849
80.233,-835
80.266,-991
80.299,-841
80.333,-852
80.366,-903
80.399,-902
80.433,-939
80.466,-912
80.499,-900
80.533,-859
80.566,-238
80.599,-1233
80.633,-808
80.666,-930
80.699,-1022
80.733,-1016
80.766,-941
80.799,-869
80.833,-970
80.866,-993
80.899,-933
80.933,-942
80.966,-1016
80.999,-1065
81.033,-1049
81.066,-1029
81.099,-959
81.133,-979
81.166,-994
81.199,-978
81.233,-991
81.266,-972
81.299,-1000
81.333,-983
81.366,-937
81.399,-888
81.433,-874
81.466,-881
81.499,-875
81.533,-895
81.566,-919
81.599,-928
81.633,-944
81.666,-958
81.699,-1012
81.733,-1037
81.766,-1058
81.799,-1045
81.833,-1052
81.866,-1073
81.899,-1088
81.933,-1023
81.966,-1038
81.999,-910
82.033,-985
82.066,-985
82.099,-964
82.133,-942
82.166,-877
82.199,-923
82.233,-857
82.266,-928
82.299,-817
82.333,-872
82.366,-871
82.399,-982
82.433,-911
82.466,-938
82.499,-877
82.533,-887
82.566,-898
82.599,-898
82.633,-909
82.666,-899
82.699,-861
82.733,-864
82.766,-955
82.799,-936
82.833,-915
82.866,-862
82.899,-945
82.933,-888
82.966,-893
82.999,-843
83.033,-856
83.066,-831
83.099,-849
83.133,-872
83.166,-842
83.199,-875
83.233,-850
83.266,-826
83.299,-883
83.333,-947
83.366,-988
83.399,-932
83.432,-900
83.466,-977
83.499,-1021
83.532,-1011
83.566,-962
83.599,-967
83.632,-1025
83.666,-1041
83.699,-1060
83.732,-1105
83.766,-1137
83.799,-1140
83.832,-1103
83.866,-1061
83.899,-1008
83.932,-990
83.966,-926
83.999,-935
84.032,-906
84.066,-865
84.099,-812
84.132,-737
84.166,-701
84.199,-713
84.232,-693
84.266,-732
84.299,-807
84.332,-832
84.366,-869
84.399,-902
84.432,-864
84.466,-864
84.499,-864
84.532,-836
84.566,-817
84.599,-775
84.632,-806
84.666,-921
84.699,-982
84.732,-888
84.766,-814
84.799,-871
84.832,-877
84.866,-828
84.899,-794
84.932,-799
84.966,-818
84.999,-814
85.032,-853
85.066,-861
85.099,-856
85.132,-945
85.166,-1100
85.199,-1431
85.232,-1382
85.266,-1153
85.299,-1111
85.332,-1198
85.366,-1170
85.399,-1027
85.432,-844
85.466,-693
85.499,-607
85.532,-557
85.566,-563
85.599,-579
85.632,-568
85.666,-534
85.699,-529
85.732,-581
85.766,-617
85.799,-759
85.832,-987
85.866,-897
85.899,-1046
85.932,-1389
85.966,-1268
85.999,-979
86.032,-767
86.066,-673
86.099,-568
86.132,-542
86.166,-572
86.199,-613
86.232,-674
86.266,-778
86.299,-909
86.332,-1015
86.366,-1081
86.399,-1102
86.432,-1049
86.466,-1049
86.499,-1116
86.532,-1398
86.566,-1492
86.599,-1310
86.632,-1017
86.666,-814
86.699,-716
86.732,-678
86.766,-712
86.799,-771
86.832,-803
86.866,-827
86.899,-895
86.932,-874
86.966,-888
86.999,-822
87.032,-768
87.066,-874
87.099,-1229
87.132,-1278
87.166,-1149
87.199,-906
87.232,-661
87.266,-463
87.299,-340
87.332,-306
87.366,-332
87.399,-357
87.432,-339
87.466,-309
87.499,-382
87.532,-477
87.566,-420
87.599,-308
87.632,-150
87.666,-68
87.699,-13
87.732,-91
87.766,-121
87.799,-76
87.832,-39
87.866,-18
87.899,-82
87.932,-318
87.966,-523
87.999,-656
88.032,-440
88.066,-460
88.099,-592
88.132,-500
88.166,209
88.199,715
88.232,107
88.266,-28
88.299,422
88.332,409
88.366,193
88.399,119
88.432,206
88.466,213
88.499,173
88.532,210
88.566,213
88.599,209
88.632,236
88.666,207
88.699,329
88.732,288
88.766,315
88.799,346
88.832,297
88.866,120
88.899,108
88.932,154
88.966,225
88.999,409
89.032,660
89.066,608
89.099,317
89.132,68
89.166,285
89.199,-12
89.232,-59
89.266,-99
89.299,104
89.332,328
89.366,251
89.399,45
89.432,-113
89.466,-62
89.499,-18
89.532,-9
89.566,-114
89.599,-111
89.632,-169
89.666,-149
89.699,-94
89.732,-107
89.766,-141
89.799,-81
89.832,-38
89.866,-216
89.899,-174
89.932,-1427
89.966,-432
89.999,732
90.032,-225
90.066,-843
90.099,-131
90.132,139
90.166,-373
90.199,-84
90.232,170
90.266,-73
90.299,-91
90.332,52
90.366,-189
90.399,48
90.432,-435
90.466,-219
90.499,-387
90.532,-242
90.566,-102
90.599,-110
90.632,-114
90.666,-109
90.699,-167
90.732,-232
90.766,-314
90.799,-422
90.832,-313
90.866,-308
90.899,-247
90.932,-233
90.966,-234
90.999,-392
91.032,-414
91.066,-353
91.099,-530
91.132,-674
91.166,-734
91.199,-1083
91.232,-1187
91.266,-1188
91.299,-1232
91.332,-1316
91.366,-943
91.399,-901
91.432,-841
91.466,-882
91.499,-1030
91.532,-1015
91.566,-1064
91.599,-1105
91.632,-1048
91.666,-1080
91.699,-1042
91.732,-1003
91.766,-970
91.799,-941
91.832,-933
91.866,-889
91.899,-881
91.932,-902
91.966,-874
91.999,-780
92.032,-772
92.066,-791
92.099,-792
92.132,-815
92.166,-812
92.199,-812
92.232,-793
92.266,-803
92.299,-812
92.332,-811
92.366,-798
92.399,-802
92.432,-860
92.466,-881
92.499,-859
92.532,-894
92.566,-917
92.599,-919
92.632,-918
92.666,-907
92.699,-911
92.732,-925
92.766,-929
92.799,-910
92.832,-910
92.866,-915
92.899,-899
92.932,-897
92.966,-899
92.999,-888
93.032,-885
93.066,-884
93.099,-882
93.132,-878
93.166,-889
93.199,-916
93.232,-919
93.266,-896
93.299,-887
93.332,-874
93.366,-884
93.399,-864
93.432,-844
93.466,-882
93.499,-929
93.532,-980
93.566,-1004
93.599,-1000
93.632,-936
93.666,-944
93.699,-950
93.732,-951
93.766,-947
93.799,-888
93.832,-830
93.866,-812
93.899,-790
93.932,-753
93.966,-704
93.999,-661
94.032,-704
94.066,-575
94.099,-484
94.132,-376
94.166,-260
94.199,-237
94.232,-240
94.266,-205
94.299,-80
94.332,-103
94.366,-302
94.399,-531
94.432,-474
94.466,-265
94.499,197
94.532,404
94.566,355
94.599,118
94.632,-300
94.666,-278
94.699,-59
94.732,-27
94.766,-75
94.799,-746
94.832,91
94.866,168
94.899,-611
94.932,-332
94.966,318
94.999,46
95.032,317
95.066,767
95.099,-205
95.132,-522
95.166,-532
95.199,9
95.232,70
95.266,20
95.299,-116
95.332,-342
95.366,-94
95.399,-26
95.432,-389
95.466,-237
95.499,-157
95.532,-155
95.566,-44
95.599,-72
95.632,-11
95.666,64
95.699,52
95.732,71
95.766,80
95.799,124
95.832,137
95.866,128
95.899,166
95.932,208
95.966,144
95.999,189
96.032,263
96.066,258
96.099,192
96.132,196
96.166,146
96.199,154
96.232,220
96.266,240
96.299,219
96.332,161
96.366,171
96.399,225
96.432,112
96.466,43
96.499,47
96.532,50
96.566,105
96.599,90
96.632,85
96.666,60
96.699,88
96.732,162
96.766,162
96.799,92
96.832,135
96.866,96
96.899,79
96.932,87
96.966,105
96.999,114
97.032,105
97.066,124
97.099,147
97.132,163
97.166,174
97.199,189
97.232,119
97.266,96
97.299,124
97.332,220
97.366,292
97.399,69
97.432,-39
97.466,46
97.499,157
97.532,169
97.566,36
97.599,-105
97.632,-302
97.666,-446
97.699,-551
97.732,-575
97.766,-529
97.799,-594
97.832,-610
97.866,-630
97.899,-745
97.932,-1013
97.966,-1430
97.999,-1726
98.032,-1721
98.066,-1226
98.099,-930
98.132,-848
98.166,-753
98.199,-813
98.232,-887
98.266,-898
98.299,-925
98.332,-909
98.366,-902
98.399,-871
98.432,-876
98.466,-907
98.499,-886
98.532,-864
98.566,-823
98.599,-805
98.632,-826
98.666,-904
98.699,-927
98.732,-931
98.766,-816
98.799,-750
98.832,-879
98.866,-846
98.899,-895
98.932,-910
98.966,-872
98.999,-855
99.032,-879
99.066,-1250
99.099,-1204
99.132,-1205
99.166,-1074
99.199,-953
99.232,-795
99.266,-616
99.299,-491
99.332,-457
99.366,-516
99.399,-580
99.432,-652
99.466,-687
99.499,-698
99.532,-691
99.566,-725
99.599,-862
99.632,-956
99.666,-969
99.699,-1167
99.732,-1364
99.766,-1269
99.799,-1020
99.832,-814
99.866,-688
99.899,-584
99.932,-519
99.966,-527
99.999,-586
100.032,-637
100.066,-765
100.099,-1006
100.132,-1184
100.166,-1266
100.199,-1291
100.232,-1140
100.266,-1172
100.299,-1402
100.332,-1481
100.366,-1484
100.399,-1268
100.432,-1034
100.466,-840
100.499,-720
100.532,-647
100.566,-538
100.599,-489
100.632,-478
100.666,-393
100.699,-348
100.732,-375
100.766,-376
100.799,-478
100.832,-994
100.866,-988
100.899,-473
100.932,-101
100.966,86
100.999,189
101.032,164
101.066,143
101.099,136
101.132,51
101.166,-46
101.199,-134
101.232,-253
101.266,-310
101.299,-449
101.332,-215
101.366,-214
101.399,-273
101.432,288
101.466,-269
101.499,-593
101.532,357
101.566,513
101.599,187
101.632,172
101.666,493
101.699,523
101.732,295
101.766,393
101.799,480
101.832,364
101.866,412
101.899,321
101.932,313
101.966,313
101.999,331
102.032,329
102.066,340
102.099,317
102.132,310
102.166,295
102.199,254
102.232,261
102.266,187
102.299,135
102.332,105
102.366,66
102.399,48
102.432,-41
102.466,-135
102.499,-166
102.532,-163
102.566,-93
102.599,19
102.632,100
102.666,-84
102.699,-429
102.732,-266
102.766,-277
102.799,-250
102.832,-147
102.866,-164
102.899,-316
102.932,-302
102.966,-183
102.999,-186
103.032,-218
103.066,-387
103.099,-246
103.132,-532
103.166,-78
103.199,-69
103.232,-471
103.266,-173
103.299,-57
103.332,-278
103.366,-233
103.399,-77
103.432,-172
103.466,-237
103.499,-179
103.532,74
103.566,372
103.599,396
103.632,-177
103.666,-77
103.699,9
103.732,-144
103.766,-738
103.799,-124
103.832,85
103.866,-9
103.899,-91
103.932,-185
103.966,-269
103.999,-569
104.032,-590
104.066,-476
104.099,-671
104.132,-332
104.166,-171
104.199,-180
104.232,-362
104.266,-558
104.299,-1362
104.332,-1417
104.366,-1314
104.399,-1380
104.432,-1734
104.466,-821
104.499,-772
104.532,-754
104.566,-661
104.599,-783
104.632,-791
104.666,-915
104.699,-1080
104.732,-888
104.766,-849
104.799,-789
104.832,-806
104.866,-890
104.899,-899
104.932,-813
104.966,-761
104.999,-627
105.032,-773
105.066,-864
105.099,-1039
105.132,-912
105.166,-860
105.199,-802
105.232,-751
105.266,-724
105.299,-724
105.332,-693
105.366,-440
105.399,-168
105.432,-224
105.466,-315
105.499,-275
105.532,-483
105.566,-383
105.599,-257
105.632,-69
105.666,-265
105.699,-526
105.732,-1207
105.766,-597
105.799,-632
105.832,59
105.866,57
105.899,896
105.932,-474
105.966,-579
105.999,103
106.032,51
106.066,-112
106.099,-150
106.132,106
106.166,77
106.199,-168
106.232,-296
106.266,-194
106.299,-245
106.332,-443
106.366,-216
106.399,-261
106.432,-41
106.466,248
106.499,174
106.532,307
106.566,403
106.599,338
106.632,253
106.666,336
106.699,308
106.732,392
106.766,389
106.799,333
106.832,316
106.866,288
106.899,304
106.932,199
106.966,180
106.999,150
107.032,165
107.066,209
107.099,83
107.132,-22
107.166,-82
107.199,-56
107.232,-35
107.266,11
107.299,45
107.332,178
107.366,189
107.399,164
107.432,7
107.466,55
107.499,212
107.532,36
107.566,210
107.599,-40
107.632,174
107.666,55
107.699,43
107.732,43
107.766,11
107.799,-23
107.832,5
107.866,-7
107.899,-55
107.932,-27
107.966,19
107.999,-185
108.032,-329
108.066,-186
108.099,56
108.132,138
108.166,-15
108.199,-711
108.232,-732
108.266,-367
108.299,-793
108.332,-1840
108.366,-1560
108.399,-1272
108.432,-1044
108.466,-927
108.499,-1017
108.532,-1149
108.566,-1082
108.599,-996
108.632,-1004
108.666,-949
108.699,-867
108.732,-819
108.766,-796
108.799,-763
108.832,-749
108.866,-815
108.899,-925
108.932,-962
108.966,-1215
108.999,-1289
109.032,-1358
109.066,-1236
109.099,-1080
109.132,-869
109.166,-738
109.199,-691
109.232,-660
109.266,-720
109.299,-760
109.332,-697
109.366,-617
109.399,-577
109.432,-778
109.466,-1484
109.499,-1682
109.532,-1598
109.566,-1442
109.599,-1096
109.632,-790
109.666,-651
109.699,-606
109.732,-642
109.766,-867
109.799,-1161
109.832,-1205
109.866,-1009
109.899,-905
109.932,-885
109.966,-772
109.999,-678
110.032,-652
110.066,-594
110.099,-545
110.132,-579
110.166,-621
110.199,-628
110.232,-596
110.266,-570
110.299,-614
110.332,-682
110.366,-811
110.399,-1030
110.432,-1085
110.466,-979
110.499,-912
110.532,-913
110.566,-877
110.599,-720
110.632,-562
110.666,-444
110.699,-391
110.732,-357
110.766,-364
110.799,-411
110.832,-522
110.866,-708
110.899,-932
110.932,-1189
110.966,-1204
110.999,-1169
111.032,-1315
111.066,-1532
111.099,-1233
111.132,-870
111.166,-612
111.199,-454
111.232,-330
111.266,-313
111.299,-399
111.332,-522
111.366,-705
111.399,-955
111.432,-1300
111.466,-1274
111.499,-1413
111.532,-1297
111.566,-1176
111.599,-1418
111.632,-1519
111.666,-1367
111.699,-1136
111.732,-816
111.766,-630
111.799,-538
111.832,-509
111.866,-500
111.899,-492
111.932,-525
111.966,-596
111.999,-665
112.032,-788
112.066,-890
112.099,-824
112.132,-1291
112.166,-1540
112.199,-1345
112.232,-1018
112.266,-783
112.299,-582
112.332,-379
112.366,-285
112.399,-279
112.432,-293
112.466,-256
112.499,-247
112.532,-276
112.566,-512
112.599,-617
112.632,-754
112.666,-652
112.699,-601
112.732,-543
112.766,-475
112.799,-503
112.832,-425
112.866,-788
112.899,-335
112.932,-567
112.966,-356
112.999,-359
113.032,-371
113.066,-285
113.099,-248
113.132,-468
113.166,-413
113.199,-499
113.232,-587
113.266,-649
113.299,-616
113.332,-630
113.366,-778
113.399,-1026
113.432,-1025
113.466,-1204
113.499,-1548
113.532,-792
113.566,-767
113.599,-707
113.632,-806
113.666,-989
113.699,-1027
113.732,-933
113.766,-871
113.799,-888
113.832,-938
113.866,-968
113.899,-1023
113.932,-955
113.966,-812
113.999,-611
114.032,-651
114.066,-719
114.099,-705
114.132,-672
114.166,-681
114.199,-610
114.232,-355
114.266,-260
114.299,-197
114.332,-167
114.366,-132
114.399,-323
114.432,-1696
114.466,-924
114.499,-689
114.532,-512
114.566,-217
114.599,-195
114.632,-368
114.666,-270
114.699,-211
114.732,-217
114.766,-224
114.799,-309
114.832,-522
114.866,-863
114.899,-1293
114.932,-1268
114.966,-1255
114.999,-1183
115.032,-1170
115.066,-1052
115.099,-1290
115.132,-1146
115.166,-1112
115.199,-1282
115.232,-1009
115.266,-909
115.299,-890
115.332,-947
115.366,-980
115.399,-977
115.432,-978
115.466,-953
115.499,-960
115.532,-985
115.566,-979
115.599,-944
115.632,-819
115.666,-774
115.699,-1015
115.732,-1192
115.766,-1218
115.799,-1164
115.832,-1052
115.866,-854
115.899,-658
115.932,-535
115.966,-505
115.999,-530
116.032,-675
116.066,-832
116.099,-964
116.132,-1069
116.166,-1070
116.199,-1007
116.232,-1076
116.266,-1178
116.299,-1325
116.332,-1281
116.366,-1290
116.399,-1426
116.432,-1318
116.466,-1038
116.499,-798
116.532,-632
116.566,-503
116.599,-497
116.632,-589
116.666,-632
116.699,-676
116.732,-789
116.765,-893
116.799,-1010
116.832,-1245
116.865,-1359
116.899,-1241
116.932,-1342
116.965,-1339
116.999,-1076
117.032,-849
117.065,-698
117.099,-492
117.132,-371
117.165,-476
117.199,-574
117.232,-605
117.265,-652
117.299,-793
117.332,-982
117.365,-1083
117.399,-1049
117.432,-929
117.465,-830
117.499,-831
117.532,-919
117.565,-1091
117.599,-1150
117.632,-1024
117.665,-924
117.699,-832
117.732,-749
117.765,-702
117.799,-626
117.832,-565
117.865,-491
117.899,-472
117.932,-444
117.965,-301
117.999,-309
118.032,-342
118.065,-379
118.099,-478
118.132,-535
118.165,-570
118.199,-710
118.232,-889
118.265,-1030
118.299,-939
118.332,-873
118.365,-1005
118.399,-986
118.432,-1050
118.465,-1287
118.499,-1087
118.532,-980
118.565,-962
118.599,-973
118.632,-898
118.665,-959
118.699,-1010
118.732,-865
118.765,-801
118.799,-844
118.832,-917
118.865,-693
118.899,-580
118.932,-379
118.965,-234
118.999,-200
119.032,-347
119.065,-353
119.099,-386
119.132,-829
119.165,-1151
119.199,-1459
119.232,-1319
119.265,-1397
119.299,-1491
119.332,-1449
119.365,-1539
119.399,-1473
119.432,-1361
119.465,-1161
119.499,-825
119.532,-505
119.565,-240
119.599,218
119.632,181
119.665,-63
119.699,-296
119.732,-317
119.765,-633
119.799,-649
119.832,-582
119.865,-965
119.899,-945
119.932,-825
119.965,-1175
119.999,-1401
120.032,-1164
120.065,-1081
120.099,-1054
120.132,-1026
120.165,-1043
120.199,-1178
120.232,-1309
120.265,-1379
120.299,-1262
120.332,-1275
120.365,-1020
120.399,-903
120.432,-415
120.465,-190
120.499,198
120.532,452
120.565,159
120.599,140
120.632,-276
120.665,-944
120.699,-1157
120.732,-1368
120.765,-1499
120.799,-1429
120.832,-1291
120.865,-1188
120.899,-978
120.932,-832
120.965,-617
120.999,-586
121.032,-530
121.065,-588
121.099,-584
121.132,-570
121.165,-480
121.199,-458
121.232,-499
121.265,-622
121.299,-679
121.332,-639
121.365,-652
121.399,-834
121.432,-836
121.465,-804
121.499,-1012
121.532,-1146
121.565,-1106
121.599,-916
121.632,-727
121.665,-469
121.699,-263
121.732,-119
121.765,-57
121.799,-47
121.832,-63
121.865,-195
121.899,-458
121.932,-765
121.965,-927
121.999,-1019
122.032,-938
122.065,-1175
122.099,-874
122.132,-897
122.165,-975
122.199,-1086
122.232,-940
122.265,-723
122.299,-611
122.332,-602
122.365,-708
122.399,-751
122.432,-877
122.465,-978
122.499,-1142
122.532,-1240
122.565,-1058
122.599,-961
122.632,-948
122.665,-806
122.699,-876
122.732,-835
122.765,-826
122.799,-908
122.832,-845
122.865,-978
122.899,-1069
122.932,-1094
122.965,-1031
122.999,-921
123.032,-687
123.065,-526
123.099,-908
123.132,-762
123.165,-548
123.199,-658
123.232,-736
123.265,-799
123.299,-1060
123.332,-1133
123.365,-916
123.399,-593
123.432,-564
123.465,-569
123.499,-592
123.532,-515
123.565,-571
123.599,-554
123.632,-638
123.665,-661
123.699,-669
123.732,-522
123.765,-626
123.799,-648
123.832,-764
123.865,-527
123.899,-552
123.932,-654
123.965,-515
123.999,-589
124.032,-581
124.065,-638
124.099,-718
124.132,-654
124.165,-623
124.199,-630
124.232,-603
124.265,-565
124.299,-652
124.332,-814
124.365,-741
124.399,-805
124.432,-875
124.465,-856
124.499,-816
124.532,-729
124.565,-609
124.599,-692
124.632,-695
124.665,-718
124.699,-809
124.732,-839
124.765,-845
124.799,-812
124.832,-821
124.865,-844
124.899,-809
124.932,-818
124.965,-791
124.999,-797
125.032,-820
125.065,-842
125.099,-839
125.132,-853
125.165,-834
125.199,-799
125.232,-824
125.265,-861
125.299,-876
125.332,-916
125.365,-908
125.399,-896
125.432,-887
125.465,-888
125.499,-908
125.532,-919
125.565,-933
125.599,-936
125.632,-948
125.665,-938
125.699,-944
125.732,-897
125.765,-894
125.799,-920
125.832,-885
125.865,-917
125.899,-912
125.932,-815
125.965,-795
125.999,-788
126.032,-732
126.065,-791
126.099,-951
126.132,-1064
126.165,-1030
126.199,-1170
126.232,-1255
126.265,-1202
126.299,-1059
126.332,-907
126.365,-767
126.399,-678
126.432,-701
126.465,-671
126.499,-661
126.532,-678
126.565,-630
126.599,-616
126.632,-599
126.665,-563
126.699,-540
126.732,-510
126.765,-424
126.799,-313
126.832,-248
126.865,-271
126.899,-368
126.932,-439
126.965,-548
126.999,-758
127.032,-892
127.065,-966
127.099,-847
127.132,-651
127.165,-567
127.199,-530
127.232,-514
127.265,-567
127.299,-633
127.332,-610
127.365,-585
127.399,-581
127.432,-577
127.465,-561
127.499,-530
127.532,-626
127.565,-599
127.599,-640
127.632,-677
127.665,-631
127.699,-708
127.732,-673
127.765,-752
127.799,-794
127.832,-754
127.865,-681
127.899,-622
127.932,-544
127.965,-471
127.999,-381
128.032,-324
128.065,-243
128.099,-149
128.132,-83
128.165,10
128.199,86
128.232,123
128.265,199
128.299,238
128.332,291
128.365,341
128.399,360
128.432,383
128.465,423
128.499,454
128.532,476
128.565,495
128.599,538
128.632,530
128.665,580
128.699,592
128.732,593
128.765,589
128.799,636
128.832,657
128.865,676
128.899,684
128.932,688
128.965,697
128.999,703
129.032,708
129.065,709
129.099,700
129.132,694
129.165,708
129.199,688
129.232,695
129.265,710
129.299,730
129.332,755
129.365,765
129.399,747
129.432,738
129.465,751
129.499,754
129.532,754
129.565,764
129.599,752
129.632,763
129.665,765
129.699,753
129.732,736
129.765,744
129.799,760
129.832,742
129.865,753
129.899,739
129.932,723
129.965,710
129.999,718
130.032,712
130.065,699
130.099,687
130.132,654
130.165,653
130.199,648
130.232,633
130.265,601
130.299,565
130.332,531
130.365,520
130.399,483
130.432,472
130.465,441
130.499,413
130.532,382
130.565,324
130.599,300
130.632,242
130.665,147
130.699,88
130.732,71
130.765,-86
130.799,-108
130.832,-220
130.865,-291
130.899,-362
130.932,-399
130.965,-477
130.999,-556
131.032,-544
131.065,-609
131.099,-614
131.132,-598
131.165,-600
131.199,-558
131.232,-574
131.265,-541
131.299,-500
131.332,-509
131.365,-505
131.399,-497
131.432,-789
131.465,-631
131.499,-557
131.532,-577
131.565,-623
131.599,-690
131.632,-700
131.665,-686
131.699,-649
131.732,-721
131.765,-786
131.799,-837
131.832,-944
131.865,-919
131.899,-837
131.932,-774
131.965,-726
131.999,-689
132.032,-671
132.065,-675
132.099,-752
132.132,-1149
132.165,-1059
132.199,-933
132.232,-795
132.265,-852
132.299,-849
132.332,-947
132.365,-1046
132.399,-953
132.432,-1010
132.465,-992
132.499,-987
132.532,-978
132.565,-1002
132.599,-1030
132.632,-1060
132.665,-1060
132.699,-1050
132.732,-1007
132.765,-951
132.799,-917
132.832,-906
132.865,-842
132.899,-940
132.932,-1001
132.965,-1011
132.999,-991
133.032,-978
133.065,-948
133.099,-900
133.132,-866
133.165,-876
133.199,-862
133.232,-870
133.265,-847
133.299,-799
133.332,-766
133.365,-757
133.399,-814
133.432,-826
133.465,-811
133.499,-839
133.532,-841
133.565,-872
133.599,-941
133.632,-996
133.665,-1011
133.699,-1110
133.732,-1090
133.765,-1121
133.799,-1349
133.832,-1319
133.865,-1144
133.899,-962
133.932,-777
133.965,-715
133.999,-705
134.032,-773
134.065,-855
134.099,-866
134.132,-918
134.165,-1009
134.199,-959
134.232,-927
134.265,-853
134.299,-922
134.332,-931
134.365,-860
134.399,-1008
134.432,-859
134.465,-854
134.499,-838
134.532,-818
134.565,-684
134.599,-702
134.632,-877
134.665,-878
134.699,-844
134.732,-703
134.765,-619
134.799,-584
134.832,-675
134.865,-842
134.899,-916
134.932,-666
134.965,-559
134.999,-576
135.032,-617
135.065,-646
135.099,-625
135.132,-692
135.165,-664
135.199,-670
135.232,-715
135.265,-681
135.299,-731
135.332,-709
135.365,-613
135.399,-495
135.432,-384
135.465,-260
135.499,-294
135.532,-358
135.565,-405
135.599,-438
135.632,-429
135.665,-347
135.699,-233
135.732,-138
135.765,-34
135.799,129
135.832,353
135.865,539
135.899,527
135.932,422
135.965,391
135.999,292
136.032,188
136.065,61
136.099,-251
136.132,-460
136.165,-359
136.199,-282
136.232,-26
136.265,127
136.299,25
136.332,-97
136.365,-4
136.399,3
136.432,24
136.465,-106
136.499,-45
136.532,-13
136.565,8
136.599,40
136.632,55
136.665,5
136.699,35
136.732,6
136.765,26
136.799,-60
136.832,-65
136.865,92
136.899,30
136.932,13
136.965,54
136.999,-50
137.032,-70
137.065,-31
137.099,-15
137.132,-30
137.165,-17
137.199,40
137.232,76
137.265,153
137.299,278
137.332,315
137.365,415
137.399,450
137.432,482
137.465,569
137.499,534
137.532,556
137.565,586
137.599,604
137.632,605
137.665,642
137.699,666
137.732,688
137.765,686
137.799,677
137.832,677
137.865,673
137.899,672
137.932,651
137.965,630
137.999,627
138.032,637
138.065,643
138.099,658
138.132,668
138.165,661
138.199,656
138.232,666
138.265,676
138.299,669
138.332,669
138.365,685
138.399,674
138.432,691
138.465,686
138.499,675
138.532,674
138.565,658
138.599,654
138.632,660
138.665,652
138.699,671
138.732,669
138.765,666
138.799,699
138.832,646
138.865,632
138.899,636
138.932,633
138.965,614
138.999,616
139.032,574
139.065,525
139.099,494
139.132,475
139.165,467
139.199,374
139.232,405
139.265,343
139.299,357
139.332,263
139.365,248
139.399,222
139.432,174
139.465,101
139.499,159
139.532,87
139.565,61
139.599,36
139.632,97
139.665,-42
139.699,-71
139.732,0
139.765,-23
139.799,1
139.832,-14
139.865,25
139.899,-7
139.932,-4
139.965,24
139.999,1
140.032,-78
140.065,-131
140.099,-163
140.132,-208
140.165,-376
140.199,-595
140.232,-602
140.265,-456
140.299,-226
140.332,38
140.365,100
140.399,92
140.432,152
140.465,171
140.499,126
140.532,266
140.565,148
140.599,139
140.632,-243
140.665,-350
140.699,130
140.732,-176
140.765,-417
140.799,-413
140.832,-163
140.865,-50
140.899,-135
140.932,-175
140.965,-77
140.999,-65
141.032,-67
141.065,34
141.099,22
141.132,-13
141.165,-82
141.199,-118
141.232,-102
141.265,-88
141.299,-144
141.332,-201
141.365,-233
141.399,-211
141.432,-138
141.465,-112
141.499,-85
141.532,-49
141.565,-31
141.599,-11
141.632,-6
141.665,-76
141.699,-194
141.732,-330
141.765,-386
141.799,-374
141.832,-348
141.865,-484
141.899,-599
141.932,-640
141.965,-701
141.999,-786
142.032,-798
142.065,-779
142.099,-768
142.132,-723
142.165,-738
142.199,-670
142.232,-552
142.265,-424
142.299,-280
142.332,-259
142.365,-327
142.399,-599
142.432,-953
142.465,-1072
142.499,-1114
142.532,-1095
142.565,-991
142.599,-859
142.632,-763
142.665,-672
142.699,-553
142.732,-567
142.765,-558
142.799,-600
142.832,-643
142.865,-683
142.899,-718
142.932,-763
142.965,-811
142.999,-753
143.032,-752
143.065,-745
143.099,-803
143.132,-847
143.165,-807
143.199,-1086
143.232,-1258
143.265,-1349
143.299,-1346
143.332,-1128
143.365,-969
143.399,-884
143.432,-897
143.465,-886
143.499,-860
143.532,-895
143.565,-948
143.599,-1013
143.632,-969
143.665,-968
143.699,-759
143.732,-731
143.765,-955
143.799,-1066
143.832,-985
143.865,-966
143.899,-856
143.932,-736
143.965,-599
143.999,-551
144.032,-514
144.065,-481
144.099,-483
144.132,-647
144.165,-821
144.199,-946
144.232,-992
144.265,-906
144.299,-921
144.332,-906
144.365,-854
144.399,-856
144.432,-799
144.465,-881
144.499,-944
144.532,-981
144.565,-463
144.599,-668
144.632,-964
144.665,-1237
144.699,-1008
144.732,-909
144.765,-980
144.799,-914
144.832,-812
144.865,-717
144.899,-560
144.932,-774
144.965,-664
144.999,-710
145.032,-695
145.065,-529
145.099,-383
145.132,-338
145.165,-455
145.199,-850
145.232,-348
145.265,-521
145.299,-531
145.332,-733
145.365,-705
145.399,-662
145.432,-794
145.465,-807
145.499,-734
145.532,-686
145.565,-699
145.599,-622
145.632,-702
145.665,-615
145.699,-650
145.732,-722
145.765,-687
145.799,-669
145.832,-781
145.865,-828
145.899,-836
145.932,-630
145.965,-569
145.999,-467
146.032,-257
146.065,-227
146.099,-297
146.132,-437
146.165,-597
146.199,-449
146.232,-488
146.265,-452
146.299,-437
146.332,-514
146.365,-628
146.399,-796
146.432,-965
146.465,-806
146.499,-617
146.532,-578
146.565,-676
146.599,-808
146.632,-786
146.665,-760
146.699,-720
146.732,-710
146.765,-714
146.799,-710
146.832,-768
146.865,-750
146.899,-728
146.932,-672
146.965,-670
146.999,-655
147.032,-575
147.065,-530
147.099,-513
147.132,-489
147.165,-561
147.199,-573
147.232,-679
147.265,-694
147.299,-668
147.332,-611
147.365,-511
147.399,-551
147.432,-828
147.465,-1038
147.499,-825
147.532,-573
147.565,-594
147.599,-512
147.632,-531
147.665,-673
147.699,-552
147.732,-665
147.765,-852
147.799,-711
147.832,-1104
147.865,-1082
147.899,-712
147.932,-728
147.965,-957
147.999,-819
148.032,-717
148.065,-681
148.099,-723
148.132,-736
148.165,-713
148.199,-717
148.232,-761
148.265,-843
148.299,-877
148.332,-851
148.365,-982
148.399,-1196
148.432,-1066
148.465,-936
148.499,-902
148.532,-762
148.565,-778
148.599,-949
148.632,-890
148.665,-841
148.699,-1020
148.732,-479
148.765,-498
148.799,-483
148.832,-509
148.865,-544
148.899,-620
148.932,-650
148.965,-683
148.999,-675
149.032,-761
149.065,-867
149.099,-864
149.132,-773
149.165,-791
149.199,-993
149.232,-1004
149.265,-790
149.299,-717
149.332,-599
149.365,-590
149.399,-659
149.432,-634
149.465,-666
149.499,-730
149.532,-803
149.565,-904
149.599,-954
149.632,-979
149.665,-944
149.699,-854
149.732,-785
149.765,-702
149.799,-621
149.832,-536
149.865,-573
149.899,-562
149.932,-701
149.965,-765
149.999,-725
150.032,-668
150.065,-767
150.098,-825
150.132,-1017
150.165,-927
150.198,-385
150.232,-144
150.265,-278
150.298,-417
150.332,-360
150.365,-325
150.398,-1144
150.432,-1010
150.465,-921
150.498,-795
150.532,-516
150.565,-476
150.598,-470
150.632,-252
150.665,-109
150.698,53
150.732,-149
150.765,-745
150.798,-972
150.832,-378
150.865,-321
150.898,-537
150.932,-653
150.965,-647
150.998,-880
151.032,-876
151.065,-983
151.098,-881
151.132,-1062
151.165,-976
151.198,-1091
151.232,-1029
151.265,-1002
151.298,-1017
151.332,-934
151.365,-951
151.398,-1026
151.432,-985
151.465,-991
151.498,-1083
151.532,-1345
151.565,-1156
151.598,-1180
151.632,-1385
151.665,-1538
151.698,-1501
151.732,-1414
151.765,-1322
151.798,-1216
151.832,-1203
151.865,-1059
151.898,-856
151.932,-817
151.965,-681
151.998,-603
152.032,-503
152.065,-566
152.098,-537
152.132,-497
152.165,-494
152.198,-536
152.232,-703
152.265,-606
152.298,-635
152.332,-632
152.365,-702
152.398,-773
152.432,-770
152.465,-693
152.498,-649
152.532,-705
152.565,-747
152.598,-810
152.632,-941
152.665,-925
152.698,-862
152.732,-819
152.765,-809
152.798,-821
152.832,-891
152.865,-875
152.898,-837
152.932,-853
152.965,-776
152.998,-635
153.032,-640
153.065,-705
153.098,-599
153.132,-615
153.165,-528
153.198,-702
153.232,-943
153.265,-994
153.298,-1069
153.332,-1046
153.365,-1084
153.398,-1124
153.432,-1174
153.465,-1206
153.498,-1220
153.532,-1249
153.565,-1240
153.598,-1167
153.632,-1102
153.665,-1127
153.698,-1240
153.732,-1307
153.765,-1111
153.798,-1233
153.832,-1332
153.865,-1325
153.898,-1236
153.932,-1089
153.965,-1114
153.998,-1116
154.032,-1016
154.065,-917
154.098,-952
154.132,-973
154.165,-1064
154.198,-506
154.232,-144
154.265,-299
154.298,-442
154.332,-548
154.365,-1006
154.398,-478
154.432,-362
154.465,-599
154.498,-534
154.532,-608
154.565,-348
154.598,-555
154.632,-402
154.665,-484
154.698,-695
154.732,-670
154.765,-828
154.798,-666
154.832,-870
154.865,-211
154.898,-611
154.932,-477
154.965,-505
154.998,-554
155.032,-862
155.065,-999
155.098,-1081
155.132,-1096
155.165,-1086
155.198,-1020
155.232,-980
155.265,-1086
155.298,-1222
155.332,-1310
155.365,-1300
155.398,-1352
155.432,-1180
155.465,-862
155.498,-840
155.532,-767
155.565,-774
155.598,-762
155.632,-734
155.665,-744
155.698,-824
155.732,-1004
155.765,-1294
155.798,-1217
155.832,-1151
155.865,-1129
155.898,-1032
155.932,-907
155.965,-809
155.998,-842
156.032,-962
156.065,-1038
156.098,-1054
156.132,-1013
156.165,-902
156.198,-720
156.232,-518
156.265,-270
156.298,-261
156.332,-399
156.365,-522
156.398,-577
156.432,-619
156.465,-748
156.498,-896
156.532,-961
156.565,-894
156.598,-650
156.632,-640
156.665,-813
156.698,-828
156.732,-840
156.765,-858
156.798,-896
156.832,-1122
156.865,-1017
156.898,-819
156.932,-649
156.965,-657
156.998,-708
157.032,-752
157.065,-719
157.098,-649
157.132,-618
157.165,-683
157.198,-621
157.232,-505
157.265,-552
157.298,-743
157.332,-625
157.365,-595
157.398,-414
157.432,-287
157.465,-182
157.498,120
157.532,-214
157.565,-371
157.598,-807
157.632,-747
157.665,-335
157.698,-545
157.732,-669
157.765,-573
157.798,-661
157.832,-618
157.865,-611
157.898,-683
157.932,-668
157.965,-655
157.998,-689
158.032,-666
158.065,-677
158.098,-678
158.132,-664
158.165,-651
158.198,-675
158.232,-798
158.265,-432
158.298,-425
158.332,-868
158.365,-1050
158.398,-1049
158.432,-1130
158.465,-1249
158.498,-1236
158.532,-1232
158.565,-1132
158.598,-965
158.632,-897
158.665,-877
158.698,-871
158.732,-940
158.765,-922
158.798,-863
158.832,-782
158.865,-767
158.898,-839
158.932,-887
158.965,-951
158.998,-990
159.032,-971
159.065,-928
159.098,-950
159.132,-896
159.165,-889
159.198,-979
159.232,-993
159.265,-959
159.298,-1035
159.332,-1020
159.365,-904
159.398,-1384
159.432,-821
159.465,-440
159.498,-506
159.532,-390
159.565,-247
159.598,-368
159.632,-342
159.665,-460
159.698,-403
159.732,-382
159.765,-401
159.798,-371
159.832,-452
159.865,-400
159.898,-369
159.932,-365
159.965,-429
159.998,-495
160.032,-439
160.065,-441
160.098,-459
160.132,-477
160.165,-551
160.198,-608
160.232,-501
160.265,-388
160.298,-423
160.332,-461
160.365,-466
160.398,-469
160.432,-343
160.465,-1567
160.498,-571
160.532,-243
160.565,-458
160.598,-496
160.632,-471
160.665,-498
160.698,-368
160.732,-365
160.765,-572
160.798,-665
160.832,-565
160.865,-491
160.898,-409
160.932,-288
160.965,-314
160.998,-440
161.032,-513
161.065,-470
161.098,-541
161.132,-635
161.165,-805
161.198,-917
161.232,-972
161.265,-580
161.298,-679
161.332,-662
161.365,-713
161.398,-744
161.432,-786
161.465,-736
161.498,-634
161.532,-643
161.565,-668
161.598,-741
161.632,-721
161.665,-707
161.698,-718
161.732,-758
161.765,-739
161.798,-773
161.832,-733
161.865,-755
161.898,-847
161.932,-803
161.965,-737
161.998,-616
162.032,-559
162.065,-422
162.098,-407
162.132,-718
162.165,-991
162.198,-748
162.232,-566
162.265,-293
162.298,-643
162.332,-715
162.365,-865
162.398,-903
162.432,-1001
162.465,-869
162.498,-730
162.532,-683
162.565,-789
162.598,-870
162.632,-978
162.665,-1098
162.698,-1201
162.732,-1131
162.765,-1147
162.798,-1139
162.832,-1052
162.865,-1038
162.898,-1062
162.932,-956
162.965,-925
162.998,-792
163.032,-845
163.065,-865
163.098,-870
163.132,-872
163.165,-830
163.198,-711
163.232,-733
163.265,-779
163.298,-836
163.332,-819
163.365,-836
163.398,-853
163.432,-863
163.465,-954
163.498,-1205
163.532,-1114
163.565,-1346
163.598,-1706
163.632,-1206
163.665,-658
163.698,-391
163.732,-592
163.765,-832
163.798,-693
163.832,-595
163.865,-642
163.898,-673
163.932,-670
163.965,-729
163.998,-618
164.032,-626
164.065,-624
164.098,-632
164.132,-675
164.165,-758
164.198,-815
164.232,-811
164.265,-680
164.298,-685
164.332,-685
164.365,-704
164.398,-750
164.432,-653
164.465,-575
164.498,-489
164.532,-633
164.565,-774
164.598,-970
164.632,-1146
164.665,-314
164.698,-475
164.732,-720
164.765,-744
164.798,-281
164.832,-744
164.865,-753
164.898,-681
164.932,-512
164.965,-438
164.998,-459
165.032,-528
165.065,-580
165.098,-634
165.132,-688
165.165,-788
165.198,-829
165.232,-831
165.265,-888
165.298,-900
165.332,-878
165.365,-822
165.398,-755
165.432,-819
165.465,-825
165.498,-839
165.532,-850
165.565,-762
165.598,-669
165.632,-665
165.665,-613
165.698,-656
165.732,-703
165.765,-641
165.798,-719
165.832,-721
165.865,-700
165.898,-804
165.932,-777
165.965,-742
165.998,-769
166.032,-781
166.065,-785
166.098,-797
166.132,-789
166.165,-777
166.198,-796
166.232,-795
166.265,-779
166.298,-801
166.332,-801
166.365,-752
166.398,-727
166.432,-948
166.465,-846
166.498,-716
166.532,-920
166.565,-740
166.598,-929
166.632,-858
166.665,-890
166.698,-831
166.732,-821
166.765,-897
166.798,-840
166.832,-880
166.865,-861
166.898,-766
166.932,-1026
166.965,-831
166.998,-873
167.032,-970
167.065,-1024
167.098,-953
167.132,-978
167.165,-1037
167.198,-998
167.232,-1046
167.265,-1200
167.298,-1196
167.332,-1126
167.365,-1117
167.398,-1116
167.432,-1085
167.465,-1068
167.498,-1061
167.532,-1019
167.565,-1038
167.598,-983
167.632,-904
167.665,-864
167.698,-784
167.732,-779
167.765,-778
167.798,-819
167.832,-889
167.865,-978
167.898,-1050
167.932,-1099
167.965,-1129
167.998,-1128
168.032,-1187
168.065,-1253
168.098,-1190
168.132,-1097
168.165,-1218
168.198,-1551
168.232,-930
168.265,-813
168.298,-749
168.332,-1063
168.365,-944
168.398,-850
168.432,-772
168.465,-930
168.498,-814
168.532,-932
168.565,-866
168.598,-857
168.632,-870
168.665,-926
168.698,-853
168.732,-863
168.765,-851
168.798,-855
168.832,-841
168.865,-878
168.898,-874
168.932,-865
168.965,-813
168.998,-862
169.032,-848
169.065,-867
169.098,-865
169.132,-861
169.165,-830
169.198,-823
169.232,-867
169.265,-731
169.298,-815
169.332,-789
169.365,-837
169.398,-826
169.432,-734
169.465,-672
169.498,-619
169.532,-622
169.565,-718
169.598,-938
169.632,-885
169.665,-947
169.698,-680
169.732,-756
169.765,-692
169.798,-714
169.832,-780
169.865,-894
169.898,-1061
169.932,-1151
169.965,-1167
169.998,-1130
170.032,-1136
170.065,-1182
170.098,-1198
170.132,-1259
170.165,-1263
170.198,-1114
170.232,-982
170.265,-900
170.298,-864
170.332,-834
170.365,-871
170.398,-810
170.432,-683
170.465,-648
170.498,-591
170.532,-692
170.565,-654
170.598,-701
170.632,-689
170.665,-674
170.698,-760
170.732,-857
170.765,-856
170.798,-746
170.832,-667
170.865,-716
170.898,-781
170.932,-839
170.965,-907
170.998,-858
171.032,-788
171.065,-760
171.098,-729
171.132,-711
171.165,-702
171.198,-689
171.232,-659
171.265,-721
171.298,-862
171.332,-1039
171.365,-1205
171.398,-1078
171.432,-873
171.465,-938
171.498,-1022
171.532,-975
171.565,-889
171.598,-858
171.632,-815
171.665,-745
171.698,-715
171.732,-726
171.765,-788
171.798,-881
171.832,-898
171.865,-975
171.898,-1050
171.932,-1029
171.965,-1017
171.998,-1090
172.032,-1158
172.065,-1164
172.098,-1082
172.132,-964
172.165,-1001
172.198,-937
172.232,-862
172.265,-785
172.298,-691
172.332,-651
172.365,-666
172.398,-737
172.432,-807
172.465,-852
172.498,-877
172.532,-880
172.565,-855
172.598,-824
172.632,-844
172.665,-931
172.698,-1156
172.732,-1146
172.765,-944
172.798,-1030
172.832,-1081
172.865,-956
172.898,-899
172.932,-847
172.965,-789
172.998,-698
173.032,-650
173.065,-681
173.098,-753
173.132,-828
173.165,-804
173.198,-802
173.232,-876
173.265,-936
173.298,-922
173.332,-974
173.365,-1074
173.398,-1152
173.432,-1111
173.465,-1030
173.498,-921
173.532,-1074
173.565,-1155
173.598,-1074
173.632,-949
173.665,-832
173.698,-747
173.732,-763
173.765,-864
173.798,-916
173.832,-915
173.865,-946
173.898,-979
173.932,-987
173.965,-1141
173.998,-1200
174.032,-1247
174.065,-1204
174.098,-889
174.132,-905
174.165,-1032
174.198,-1007
174.232,-935
174.265,-898
174.298,-846
174.332,-764
174.365,-710
174.398,-705
174.432,-731
174.465,-732
174.498,-746
174.532,-746
174.565,-744
174.598,-783
174.632,-842
174.665,-834
174.698,-974
174.732,-997
174.765,-1091
174.798,-946
174.832,-799
174.865,-839
174.898,-917
174.932,-959
174.965,-848
174.998,-747
175.032,-610
175.065,-448
175.098,-350
175.132,-280
175.165,-303
175.198,-329
175.232,-356
175.265,-257
175.298,-201
175.332,-664
175.365,-134
175.398,395
175.432,475
175.465,243
175.498,250
175.532,232
175.565,347
175.598,247
175.632,210
175.665,367
175.698,492
175.732,428
175.765,388
175.798,404
175.832,388
175.865,387
175.898,424
175.932,420
175.965,485
175.998,470
176.032,430
176.065,407
176.098,455
176.132,384
176.165,318
176.198,239
176.232,505
176.265,435
176.298,256
176.332,-49
176.365,-101
176.398,178
176.432,219
176.465,63
176.498,69
176.532,113
176.565,125
176.598,70
176.632,47
176.665,90
176.698,161
176.732,238
176.765,199
176.798,109
176.832,-28
176.865,-48
176.898,-213
176.932,-106
176.965,-147
176.998,-190
177.032,-161
177.065,-89
177.098,-130
177.132,-108
177.165,-214
177.198,-40
177.232,-66
177.265,-180
177.298,-1516
177.332,-90
177.365,747
177.398,-440
177.432,-317
177.465,338
177.498,532
177.532,370
177.565,-22
177.598,-175
177.632,63
177.665,-39
177.698,50
177.732,361
177.765,108
177.798,-114
177.832,-235
177.865,-414
177.898,-527
177.932,-353
177.965,-353
177.998,-410
178.032,-482
178.065,-475
178.098,-567
178.132,-883
178.165,-1062
178.198,-1102
178.232,-1249
178.265,-1373
178.298,-1328
178.332,-1141
178.365,-893
178.398,-790
178.432,-800
178.465,-826
178.498,-960
178.532,-1077
178.565,-1084
178.598,-1013
178.632,-961
178.665,-959
178.698,-962
178.732,-973
178.765,-943
178.798,-940
178.832,-895
178.865,-834
178.898,-864
178.932,-974
178.965,-1026
178.998,-1008
179.032,-1014
179.065,-973
179.098,-913
179.132,-792
179.165,-594
179.198,-398
179.232,-220
179.265,-138
179.298,-117
179.332,-107
179.365,-164
179.398,-120
179.432,-148
179.465,-530
179.498,-500
179.532,39
179.565,-585
179.598,-713
179.632,370
179.665,-168
179.698,486
179.732,982
179.765,273
179.798,-974
179.832,-633
179.865,-7
179.898,357
179.932,153
179.965,-236
179.998,-371
180.032,-130
180.065,-115
180.098,-208
180.132,-126
180.165,-42
180.198,9
180.232,-5
180.265,39
180.298,138
180.332,229
180.365,176
180.398,243
180.432,292
180.465,312
180.498,299
180.532,389
180.565,402
180.598,428
180.632,431
180.665,450
180.698,618
180.732,713
180.765,560
180.798,442
180.832,-92
180.865,301
180.898,347
180.932,575
180.965,561
180.998,182
181.032,133
181.065,481
181.098,390
181.132,323
181.165,249
181.198,158
181.232,203
181.265,104
181.298,-57
181.332,36
181.365,243
181.398,238
181.432,227
181.465,55
181.498,-114
181.532,-40
181.565,-17
181.598,114
181.632,-112
181.665,-68
181.698,-92
181.732,-125
181.765,-224
181.798,-399
181.832,-403
181.865,-504
181.898,-536
181.932,-658
181.965,-715
181.998,-738
182.032,-918
182.065,-1171
182.098,-1542
182.132,-1802
182.165,-1844
182.198,-1732
182.232,-1375
182.265,-1224
182.298,-678
182.332,-613
182.365,-722
182.398,-707
182.432,-837
182.465,-1079
182.498,-1206
182.532,-1202
182.565,-913
182.598,-781
182.632,-688
182.665,-600
182.698,-584
182.732,-562
182.765,-590
182.798,-615
182.832,-602
182.865,-619
182.898,-645
182.932,-700
182.965,-880
182.998,-1024
183.032,-1074
183.065,-1244
183.098,-1426
183.132,-1472
183.165,-1186
183.198,-988
183.232,-801
183.265,-632
183.298,-531
183.332,-523
183.365,-584
183.398,-683
183.431,-774
183.465,-827
183.498,-1001
183.531,-1232
183.565,-1375
183.598,-1252
183.631,-1202
183.665,-1205
183.698,-1262
183.731,-1324
183.765,-1228
183.798,-1076
183.831,-851
183.865,-680
183.898,-601
183.931,-626
183.965,-638
183.998,-672
184.031,-791
184.065,-962
184.098,-1155
184.131,-1177
184.165,-1095
184.198,-950
184.231,-986
184.265,-1401
184.298,-1430
184.331,-1133
184.365,-841
184.398,-622
184.431,-486
184.465,-458
184.498,-508
184.531,-660
184.565,-751
184.598,-776
184.631,-799
184.665,-868
184.698,-1005
184.731,-1040
184.765,-1064
184.798,-1001
184.831,-956
184.865,-1129
184.898,-1223
184.931,-1248
184.965,-1223
184.998,-1074
185.031,-968
185.065,-876
185.098,-847
185.131,-781
185.165,-700
185.198,-674
185.231,-584
185.265,-432
185.298,-249
185.331,177
185.365,266
185.398,-11
185.431,-349
185.465,-364
185.498,-279
185.531,-413
185.565,-739
185.598,-1052
185.631,-467
185.665,342
185.698,328
185.731,130
185.765,205
185.798,311
185.831,340
185.865,307
185.898,303
185.931,331
185.965,430
185.998,381
186.031,301
186.065,324
186.098,357
186.131,361
186.165,392
186.198,330
186.231,292
186.265,301
186.298,310
186.331,278
186.365,245
186.398,248
186.431,232
186.465,185
186.498,92
186.531,57
186.565,91
186.598,72
186.631,80
186.665,451
186.698,604
186.731,-310
186.765,-283
186.798,-127
186.831,-65
186.865,-20
186.898,-214
186.931,-152
186.965,-176
186.998,-137
187.031,-165
187.065,-236
187.098,-252
187.131,-245
187.165,-213
187.198,-253
187.231,-215
187.265,-233
187.298,-196
187.331,-218
187.365,-256
187.398,-266
187.431,-162
187.465,-213
187.498,-241
187.531,-378
187.565,-335
187.598,-748
187.631,-31
187.665,-135
187.698,-510
187.731,198
187.765,846
187.798,-380
187.831,456
187.865,323
187.898,-1737
187.931,500
187.965,-235
187.998,-137
188.031,-99
188.065,2
188.098,-361
188.131,-606
188.165,-643
188.198,-628
188.231,-392
188.265,-389
188.298,-510
188.331,-782
188.365,-912
188.398,-1340
188.431,-1355
188.465,-1505
188.498,-1221
188.531,-1705
188.565,-854
188.598,-642
188.631,-786
188.665,-815
188.698,-781
188.731,-832
188.765,-974
188.798,-1116
188.831,-988
188.865,-886
188.898,-847
188.931,-883
188.965,-620
188.998,-906
189.031,-1193
189.065,-1006
189.098,-813
189.131,-655
189.165,-682
189.198,-615
189.231,-542
189.265,-560
189.298,-483
189.331,-536
189.365,-520
189.398,-398
189.431,-737
189.465,-164
189.498,150
189.531,-651
189.565,-48
189.598,527
189.631,-12
189.665,-308
189.698,-261
189.731,410
189.765,-87
189.798,-90
189.831,34
189.865,-128
189.898,-72
189.931,-153
189.965,-378
189.998,-497
190.031,-568
190.065,-216
190.098,-66
190.131,-63
190.165,150
190.198,56
190.231,206
190.265,292
190.298,446
190.331,302
190.365,309
190.398,338
190.431,384
190.465,395
190.498,437
190.531,464
190.565,482
190.598,493
190.631,461
190.665,418
190.698,290
190.731,215
190.765,236
190.798,367
190.831,489
190.865,189
190.898,-232
190.931,-226
190.965,-75
190.998,98
191.031,195
191.065,215
191.098,115
191.131,158
191.165,237
191.198,144
191.231,62
191.265,92
191.298,98
191.331,177
191.365,173
191.398,256
191.431,236
191.465,148
191.498,117
191.531,208
191.565,218
191.598,204
191.631,120
191.665,247
191.698,55
191.731,-250
191.765,-324
191.798,-305
191.831,-150
191.865,-184
191.898,-440
191.931,-259
191.965,-368
191.998,-856
192.031,-1099
192.065,-1148
192.098,-1424
192.131,-1613
192.165,-1682
192.198,-1702
192.231,-1564
192.265,-1330
192.298,-1106
192.331,-874
192.365,-699
192.398,-622
192.431,-602
192.465,-600
192.498,-646
192.531,-723
192.565,-782
192.598,-880
192.631,-967
192.665,-1085
192.698,-1313
192.731,-1121
192.765,-1008
192.798,-1154
192.831,-1184
192.865,-1083
192.898,-901
192.931,-741
192.965,-666
192.998,-684
193.031,-729
193.065,-778
193.098,-792
193.131,-782
193.165,-780
193.198,-798
193.231,-888
193.265,-931
193.298,-1036
193.331,-1066
193.365,-1063
193.398,-998
193.431,-1015
193.465,-1187
193.498,-1006
193.531,-793
193.565,-635
193.598,-547
193.631,-506
193.665,-514
193.698,-600
193.731,-702
193.765,-769
193.798,-795
193.831,-981
193.865,-1267
193.898,-1338
193.931,-1301
193.965,-1100
193.998,-1026
194.031,-1177
194.065,-1259
194.098,-1164
194.131,-967
194.165,-752
194.198,-603
194.231,-519
194.265,-491
194.298,-518
194.331,-625
194.365,-699
194.398,-871
194.431,-1118
194.465,-1154
194.498,-1405
194.531,-1231
194.565,-1052
194.598,-1057
194.631,-1349
194.665,-1224
194.698,-948
194.731,-688
194.765,-518
194.798,-430
194.831,-422
194.865,-484
194.898,-563
194.931,-630
194.965,-657
194.998,-846
195.031,-1225
195.065,-1365
195.098,-1374
195.131,-1313
195.165,-1159
195.198,-1382
195.231,-1288
195.265,-1137
195.298,-917
195.331,-715
195.365,-580
195.398,-523
195.431,-555
195.465,-626
195.498,-692
195.531,-787
195.565,-863
195.598,-932
195.631,-886
195.665,-999
195.698,-972
195.731,-766
195.765,-817
195.798,-1124
195.831,-1220
195.865,-1045
195.898,-896
195.931,-689
195.965,-495
195.998,-351
196.031,-345
196.065,-439
196.098,-491
196.131,-555
196.165,-517
196.198,-490
196.231,-580
196.265,-631
196.298,-990
196.331,-819
196.365,-802
196.398,-598
196.431,-353
196.465,-355
196.498,-481
196.531,-345
196.565,-141
196.598,-309
196.631,-282
196.665,-468
196.698,-461
196.731,-214
196.765,-269
196.798,-520
196.831,-646
196.865,-786
196.898,-1012
196.931,-982
196.965,-1087
196.998,-1277
197.031,-1341
197.065,-1238
197.098,-1000
197.131,-1190
197.165,-843
197.198,-931
197.231,-797
197.265,-818
197.298,-964
197.331,-1129
197.365,-1158
197.398,-1080
197.431,-1080
197.465,-1041
197.498,-875
197.531,-915
197.565,-976
197.598,-960
197.631,-859
197.665,-734
197.698,-678
197.731,-555
197.765,-526
197.798,-666
197.831,-638
197.865,-641
197.898,-674
197.931,-520
197.965,-568
197.998,-754
198.031,-861
198.065,-877
198.098,-576
198.131,-352
198.165,-159
198.198,-192
198.231,-332
198.265,-387
198.298,-425
198.331,-332
198.365,-357
198.398,-441
198.431,-429
198.465,-420
198.498,-413
198.531,-387
198.565,-427
198.598,-736
198.631,-1550
198.665,-1353
198.698,-1280
198.731,-1101
198.765,-1046
198.798,-1350
198.831,-920
198.865,-1015
198.898,-858
198.931,-1180
198.965,-1275
198.998,-1127
199.031,-1131
199.065,-1017
199.098,-912
199.131,-823
199.165,-784
199.198,-754
199.231,-669
199.265,-646
199.298,-660
199.331,-719
199.365,-736
199.398,-735
199.431,-940
199.465,-1227
199.498,-1160
199.531,-1227
199.565,-1286
199.598,-1345
199.631,-1137
199.665,-1187
199.698,-1208
199.731,-1093
199.765,-904
199.798,-710
199.831,-580
199.865,-532
199.898,-588
199.931,-721
199.965,-820
199.998,-845
200.031,-851
200.065,-864
200.098,-995
200.131,-1106
200.165,-1182
200.198,-1172
200.231,-902
200.265,-1067
200.298,-1377
200.331,-1206
200.365,-943
200.398,-761
200.431,-570
200.465,-505
200.498,-532
200.531,-582
200.565,-570
200.598,-514
200.631,-428
200.665,-374
200.698,-477
200.731,-726
200.765,-870
200.798,-865
200.831,-883
200.865,-1034
200.898,-1194
200.931,-1089
200.965,-993
200.998,-742
201.031,-600
201.065,-529
201.098,-497
201.131,-463
201.165,-459
201.198,-566
201.231,-757
201.265,-1002
201.298,-1137
201.331,-1337
201.365,-1616
201.398,-1743
201.431,-1221
201.465,-1234
201.498,-994
201.531,-717
201.565,-539
201.598,-341
201.631,-13
201.665,133
201.698,-85
201.731,-236
201.765,-143
201.798,-314
201.831,-472
201.865,-947
201.898,-1404
201.931,-1082
201.965,-1112
201.998,-1111
202.031,-1221
202.065,-1167
202.098,-1149
202.131,-1318
202.165,-1336
202.198,-1302
202.231,-1395
202.265,-1329
202.298,-1215
202.331,-1031
202.365,-662
202.398,-463
202.431,-17
202.465,280
202.498,248
202.531,33
202.565,-187
202.598,-354
202.631,-681
202.665,-992
202.698,-1035
202.731,-1191
202.765,-1134
202.798,-1095
202.831,-1200
202.865,-1264
202.898,-1166
202.931,-1150
202.965,-1121
202.998,-1085
203.031,-1032
203.065,-927
203.098,-738
203.131,-639
203.165,-504
203.198,-350
203.231,-239
203.265,-180
203.298,-162
203.331,-263
203.365,-360
203.398,-394
203.431,-485
203.465,-840
203.498,-1289
203.531,-1200
203.565,-965
203.598,-1092
203.631,-1094
203.665,-963
203.698,-927
203.731,-793
203.765,-646
203.798,-589
203.831,-591
203.865,-812
203.898,-1041
203.931,-1058
203.965,-970
203.998,-835
204.031,-616
204.065,-613
204.098,-538
204.131,-567
204.165,-691
204.198,-698
204.231,-718
204.265,-748
204.298,-676
204.331,-676
204.365,-706
204.398,-604
204.431,-596
204.465,-660
204.498,-816
204.531,-893
204.565,-819
204.598,-718
204.631,-615
204.665,-585
204.698,-572
204.731,-582
204.765,-544
204.798,-569
204.831,-573
204.865,-478
204.898,-422
204.931,-448
204.965,-555
204.998,-554
205.031,-530
205.065,-555
205.098,-470
205.131,-489
205.165,-501
205.198,-589
205.231,-654
205.265,-673
205.298,-704
205.331,-775
205.365,-819
205.398,-850
205.431,-826
205.465,-788
205.498,-670
205.531,-670
205.565,-714
205.598,-705
205.631,-711
205.665,-645
205.698,-589
205.731,-523
205.765,-505
205.798,-573
205.831,-634
205.865,-634
205.898,-728
205.931,-770
205.965,-797
205.998,-824
206.031,-798
206.065,-736
206.098,-705
206.131,-610
206.165,-502
206.198,-341
206.231,-218
206.265,-151
206.298,-31
206.331,48
206.365,105
206.398,224
206.431,286
206.465,325
206.498,370
206.531,391
206.565,404
206.598,364
206.631,390
206.665,385
206.698,402
206.731,450
206.765,510
206.798,560
206.831,610
206.865,637
206.898,654
206.931,679
206.965,701
206.998,731
207.031,728
207.065,730
207.098,751
207.131,747
207.165,758
207.198,750
207.231,746
207.265,772
207.298,796
207.331,768
207.365,762
207.398,749
207.431,746
207.465,747
207.498,772
207.531,783
207.565,776
207.598,767
207.631,774
207.665,765
207.698,764
207.731,761
207.765,752
207.798,750
207.831,745
207.865,718
207.898,657
207.931,616
207.965,599
207.998,517
208.031,478
208.065,497
208.098,488
208.131,497
208.165,449
208.198,421
208.231,374
208.265,362
208.298,355
208.331,256
208.365,172
208.398,118
208.431,82
208.465,-1
208.498,-38
208.531,-169
208.565,-183
208.598,-351
208.631,-485
208.665,-473
208.698,-615
208.731,-640
208.765,-705
208.798,-778
208.831,-685
208.865,-691
208.898,-681
208.931,-621
208.965,-600
208.998,-586
209.031,-553
209.065,-567
209.098,-574
209.131,-588
209.165,-601
209.198,-605
209.231,-580
209.265,-598
209.298,-586
209.331,-630
209.365,-671
209.398,-711
209.431,-759
209.465,-829
209.498,-850
209.531,-839
209.565,-900
209.598,-945
209.631,-939
209.665,-876
209.698,-835
209.731,-808
209.765,-674
209.798,-534
209.831,-503
209.865,-529
209.898,-828
209.931,-1232
209.965,-1235
209.998,-668
210.031,-1203
210.065,-771
210.098,-764
210.131,-804
210.165,-979
210.198,-1064
210.231,-1005
210.265,-935
210.298,-883
210.331,-912
210.365,-996
210.398,-1044
210.431,-1012
210.465,-1021
210.498,-1015
210.531,-1005
210.565,-970
210.598,-963
210.631,-923
210.665,-873
210.698,-845
210.731,-847
210.765,-859
210.798,-839
210.831,-839
210.865,-816
210.898,-810
210.931,-823
210.965,-811
210.998,-851
211.031,-806
211.065,-787
211.098,-755
211.131,-775
211.165,-809
211.198,-899
211.231,-1071
211.265,-1161
211.298,-1173
211.331,-1158
211.365,-1022
211.398,-1039
211.431,-1036
211.465,-947
211.498,-815
211.531,-829
211.565,-806
211.598,-870
211.631,-856
211.665,-852
211.698,-868
211.731,-917
211.765,-789
211.798,-921
211.831,-941
211.865,-880
211.898,-819
211.931,-848
211.965,-766
211.998,-774
212.031,-719
212.065,-893
212.098,-897
212.131,-821
212.165,-818
212.198,-856
212.231,-839
212.265,-763
212.298,-689
212.331,-755
212.365,-746
212.398,-728
212.431,-791
212.465,-737
212.498,-799
212.531,-813
212.565,-787
212.598,-730
212.631,-605
212.665,-504
212.698,-450
212.731,-422
212.765,-386
212.798,-490
212.831,-452
212.865,-426
212.898,-341
212.931,-256
212.965,-182
212.998,-184
213.031,-167
213.065,-69
213.098,92
213.131,366
213.165,705
213.198,638
213.231,509
213.265,483
213.298,412
213.331,266
213.365,47
213.398,-204
213.431,-412
213.465,-591
213.498,-291
213.531,-90
213.565,-32
213.598,-59
213.631,-66
213.665,79
213.698,33
213.731,2
213.765,-40
213.798,57
213.831,-3
213.865,92
213.898,20
213.931,63
213.965,75
213.998,54
214.031,-42
214.065,-15
214.098,-36
214.131,26
214.165,-6
214.198,-11
214.231,-19
214.265,-31
214.298,3
214.331,50
214.365,66
214.398,148
214.431,243
214.465,279
214.498,328
214.531,430
214.565,491
214.598,538
214.631,559
214.665,605
214.698,630
214.731,672
214.765,687
214.798,710
214.831,735
214.865,724
214.898,722
214.931,734
214.965,731
214.998,727
215.031,729
215.065,739
215.098,756
215.131,729
215.165,745
215.198,772
215.231,776
215.265,776
215.298,779
215.331,781
215.365,785
215.398,777
215.431,766
215.465,755
215.498,759
215.531,761
215.565,764
215.598,777
215.631,773
215.665,753
215.698,752
215.731,756
215.765,757
215.798,759
215.831,764
215.865,760
215.898,757
215.931,745
215.965,736
215.998,741
216.031,734
216.065,744
216.098,712
216.131,716
216.165,724
216.198,713
216.231,726
216.265,700
216.298,656
216.331,695
216.365,681
216.398,642
216.431,625
216.465,612
216.498,565
216.531,558
216.565,539
216.598,468
216.631,354
216.665,283
216.698,218
216.731,182
216.764,146
216.798,152
216.831,57
216.864,21
216.898,25
216.931,-10
216.964,-37
216.998,-36
217.031,-7
217.064,42
217.098,42
217.131,9
217.164,-31
217.198,35
217.231,13
217.264,13
217.298,10
217.331,8
217.364,-63
217.398,-22
217.431,-53
217.464,-86
217.498,-161
217.531,-221
217.564,-345
217.598,-577
217.631,-930
217.664,-601
217.698,-244
217.731,-34
217.764,169
217.798,257
217.831,406
217.864,363
217.898,180
217.931,23
217.964,-25
217.998,-137
218.031,-332
218.064,-235
218.098,43
218.131,-49
218.164,-433
218.198,-478
218.231,-306
218.264,-236
218.298,-281
218.331,-283
218.364,-270
218.398,-229
218.431,-146
218.464,-165
218.498,-183
218.531,-158
218.564,-129
218.598,-139
218.631,-116
218.664,-95
218.698,-105
218.731,-112
218.764,-115
218.798,-97
218.831,-115
218.864,-156
218.898,-119
218.931,-96
218.964,-98
218.998,-65
219.031,-13
219.064,15
219.098,-17
219.131,-50
219.164,-32
219.198,-19
219.231,-49
219.264,-79
219.298,-84
219.331,-89
219.364,-129
219.398,-187
219.431,-239
219.464,-277
219.498,-258
219.531,-265
219.564,-325
219.598,-394
219.631,-430
219.664,-435
219.698,-472
219.731,-511
219.764,-511
219.798,-477
219.831,-472
219.864,-479
219.898,-468
219.931,-461
219.964,-447
219.998,-438
220.031,-421
220.064,-415
220.098,-424
220.131,-415
220.164,-396
220.198,-397
220.231,-399
220.264,-402
220.298,-401
220.331,-395
220.364,-379
220.398,-384
220.431,-378
220.464,-371
220.498,-384
220.531,-392
220.564,-359
220.598,-368
220.631,-402
220.664,-394
220.698,-386
220.731,-372
220.764,-370
220.798,-357
220.831,-367
220.864,-377
220.898,-364
220.931,-341
220.964,-361
220.998,-387
221.031,-388
221.064,-368
221.098,-362
221.131,-366
221.164,-370
221.198,-363
221.231,-366
221.264,-372
221.298,-372
221.331,-383
221.364,-430
221.398,-457
221.431,-378
221.464,-296
221.498,-302
221.531,-356
221.564,-413
221.598,-412
221.631,-405
221.664,-404
221.698,-400
221.731,-392
221.764,-545
221.798,-448
221.831,-434
221.864,-620
221.898,-544
221.931,-560
221.964,-595
221.998,-633
222.031,-609
222.064,-725
222.098,-793
222.131,-776
222.164,-775
222.198,-761
222.231,-694
222.264,-589
222.298,-497
222.331,-449
222.364,-507
222.398,-703
222.431,-928
222.464,-1050
222.498,-1055
222.531,-1063
222.564,-977
222.598,-850
222.631,-772
222.664,-684
222.698,-646
222.731,-667
222.764,-674
222.798,-699
222.831,-752
222.864,-786
222.898,-776
222.931,-794
222.964,-827
222.998,-836
223.031,-828
223.064,-813
223.098,-883
223.131,-851
223.164,-943
223.198,-945
223.231,-995
223.264,-1131
223.298,-1292
223.331,-1198
223.364,-959
223.398,-843
223.431,-810
223.464,-789
223.498,-827
223.531,-862
223.564,-877
223.598,-900
223.631,-973
223.664,-1025
223.698,-1025
223.731,-946
223.764,-791
223.798,-548
223.831,-747
223.864,-1122
223.898,-1075
223.931,-1032
223.964,-984
223.998,-872
224.031,-810
224.064,-744
224.098,-740
224.131,-709
224.164,-686
224.198,-686
224.231,-741
224.264,-869
224.298,-1066
224.331,-977
224.364,-974
224.398,-900
224.431,-931
224.464,-864
224.498,-889
224.531,-833
224.564,-757
224.598,-745
224.631,-733
224.664,-610
224.698,-591
224.731,-649
224.764,-931
224.798,-1024
224.831,-943
224.864,-919
224.898,-946
224.931,-719
224.964,-518
224.998,-548
225.031,-772
225.064,-740
225.098,-692
225.131,-660
225.164,-733
225.198,-569
225.231,-287
225.264,-341
225.298,-416
225.331,-404
225.364,-201
225.398,-173
225.431,-389
225.464,-509
225.498,-706
225.531,-1039
225.564,-1212
225.598,-808
225.631,-669
225.664,-696
225.698,-712
225.731,-658
225.764,-650
225.798,-702
225.831,-675
225.864,-721
225.898,-655
225.931,-637
225.964,-737
225.998,-872
226.031,-1048
226.064,-1061
226.098,-936
226.131,-782
226.164,-658
226.198,-543
226.231,-494
226.264,-517
226.298,-614
226.331,-677
226.364,-553
226.398,-401
226.431,-339
226.464,-377
226.498,-444
226.531,-485
226.564,-453
226.598,-495
226.631,-658
226.664,-678
226.698,-804
226.731,-864
226.764,-997
226.798,-1047
226.831,-891
226.864,-690
226.898,-671
226.931,-679
226.964,-685
226.998,-688
227.031,-604
227.064,-546
227.098,-655
227.131,-584
227.164,-543
227.198,-623
227.231,-582
227.264,-571
227.298,-567
227.331,-494
227.364,-553
227.398,-462
227.431,-384
227.464,-791
227.498,-709
227.531,-563
227.564,-697
227.598,-587
227.631,-729
227.664,-916
227.698,-761
227.731,-635
227.764,-551
227.798,-634
227.831,-631
227.864,-665
227.898,-614
227.931,-538
227.964,-646
227.998,-727
228.031,-744
228.064,-977
228.098,-697
228.131,-666
228.164,-942
228.198,-786
228.231,-726
228.264,-712
228.298,-779
228.331,-790
228.364,-870
228.398,-884
228.431,-877
228.464,-924
228.498,-1014
228.531,-1048
228.564,-945
228.598,-872
228.631,-841
228.664,-807
228.698,-845
228.731,-946
228.764,-1190
228.798,-1467
228.831,-1579
228.864,-1228
228.898,-1123
228.931,-1084
228.964,-997
228.998,-873
229.031,-707
229.064,-670
229.098,-680
229.131,-682
229.164,-699
229.198,-711
229.231,-744
229.264,-809
229.298,-877
229.331,-912
229.364,-930
229.398,-917
229.431,-870
229.464,-966
229.498,-1035
229.531,-954
229.564,-941
229.598,-789
229.631,-771
229.664,-944
229.698,-940
229.731,-910
229.764,-851
229.798,-867
229.831,-910
229.864,-1015
229.898,-1037
229.931,-1035
229.964,-960
229.998,-810
230.031,-604
230.064,-541
230.098,-600
230.131,-501
230.164,-495
230.198,-654
230.231,-730
230.264,-826
230.298,-891
230.331,-1001
230.364,-758
230.398,-638
230.431,-581
230.464,-529
230.498,-615
230.531,-348
230.564,-305
230.598,-455
230.631,-536
230.664,-490
230.698,-371
230.731,-409
230.764,-412
230.798,-1193
230.831,-1119
230.864,-1097
230.898,-989
230.931,-509
230.964,-300
230.998,-506
231.031,-486
231.064,-294
231.098,-195
231.131,-243
231.164,-336
231.198,-386
231.231,-874
231.264,-856
231.298,-921
231.331,-881
231.364,-872
231.398,-854
231.431,-742
231.464,-842
231.498,-891
231.531,-875
231.564,-882
231.598,-852
231.631,-831
231.664,-869
231.698,-942
231.731,-970
231.764,-846
231.798,-823
231.831,-880
231.864,-879
231.898,-1024
231.931,-1078
231.964,-1063
231.998,-1009
232.031,-1008
232.064,-1091
232.098,-1087
232.131,-1239
232.164,-1318
232.198,-1506
232.231,-1422
232.264,-1362
232.298,-1258
232.331,-1187
232.364,-1140
232.398,-1070
232.431,-930
232.464,-837
232.498,-725
232.531,-588
232.564,-600
232.598,-580
232.631,-534
232.664,-531
232.698,-539
232.731,-625
232.764,-563
232.798,-568
232.831,-597
232.864,-545
232.898,-677
232.931,-762
232.964,-841
232.998,-860
233.031,-819
233.064,-759
233.098,-708
233.131,-632
233.164,-592
233.198,-705
233.231,-908
233.264,-965
233.298,-1046
233.331,-1050
233.364,-922
233.398,-801
233.431,-741
233.464,-779
233.498,-823
233.531,-768
233.564,-798
233.598,-867
233.631,-903
233.664,-858
233.698,-833
233.731,-716
233.764,-789
233.798,-860
233.831,-779
233.864,-779
233.898,-718
233.931,-782
233.964,-833
233.998,-920
234.031,-940
234.064,-934
234.098,-1016
234.131,-867
234.164,-890
234.198,-952
234.231,-888
234.264,-994
234.298,-1054
234.331,-1084
234.364,-1073
234.398,-1122
234.431,-1085
234.464,-1012
234.498,-985
234.531,-1116
234.564,-1185
234.598,-1095
234.631,-1016
234.664,-1039
234.698,-1004
234.731,-1002
234.764,-975
234.798,-947
234.831,-892
234.864,-842
234.898,-722
234.931,-684
234.964,-667
234.998,-639
235.031,-666
235.064,-647
235.098,-669
235.131,-676
235.164,-616
235.198,-577
235.231,-642
235.264,-540
235.298,-543
235.331,-505
235.364,-537
235.398,-843
235.431,-791
235.464,-758
235.498,-850
235.531,-696
235.564,-617
235.598,-568
235.631,-557
235.664,-550
235.698,-497
235.731,-518
235.764,-547
235.798,-514
235.831,-527
235.864,-505
235.898,-517
235.931,-471
235.964,-588
235.998,-1091
236.031,-616
236.064,-500
236.098,-441
236.131,-732
236.164,-662
236.198,-537
236.231,-524
236.264,-848
236.298,-975
236.331,-1044
236.364,-1043
236.398,-1094
236.431,-1018
236.464,-980
236.498,-1047
236.531,-1111
236.564,-1193
236.598,-1210
236.631,-1220
236.664,-1227
236.698,-1097
236.731,-908
236.764,-774
236.798,-911
236.831,-1061
236.864,-1002
236.898,-936
236.931,-880
236.964,-814
236.998,-731
237.031,-662
237.064,-656
237.098,-702
237.131,-749
237.164,-784
237.198,-825
237.231,-870
237.264,-922
237.298,-942
237.331,-920
237.364,-900
237.398,-988
237.431,-1143
237.464,-1153
237.498,-981
237.531,-897
237.564,-940
237.598,-1078
237.631,-1079
237.664,-923
237.698,-716
237.731,-605
237.764,-622
237.798,-561
237.831,-474
237.864,-477
237.898,-492
237.931,-444
237.964,-402
237.998,-443
238.031,-493
238.064,-540
238.098,-609
238.131,-701
238.164,-885
238.198,-1116
238.231,-1202
238.264,-1120
238.298,-1004
238.331,-895
238.364,-874
238.398,-848
238.431,-648
238.464,-688
238.498,-661
238.531,-677
238.564,-833
238.598,-823
238.631,-713
238.664,-678
238.698,-631
238.731,-628
238.764,-695
238.798,-684
238.831,-662
238.864,-717
238.898,-786
238.931,-678
238.964,-594
238.998,-557
239.031,-660
239.064,-662
239.098,-574
239.131,-338
239.164,-260
239.198,-822
239.231,-652
239.264,-745
239.298,-625
239.331,-609
239.364,-569
239.398,-645
239.431,-713
239.464,-714
239.498,-671
239.531,-679
239.564,-711
239.598,-733
239.631,-659
239.664,-755
239.698,-726
239.731,-681
239.764,-704
239.798,-691
239.831,-736
239.864,-758
239.898,-676
239.931,-782
239.964,-774
239.998,-857
240.031,-908
240.064,-865
240.098,-1057
240.131,-1039
240.164,-895
240.198,-877
240.231,-836
240.264,-915
240.298,-824
240.331,-1346
240.364,-882
240.398,-924
240.431,-848
240.464,-823
240.498,-858
240.531,-1183
240.564,-911
240.598,-478
240.631,-623
240.664,-781
240.698,-742
240.731,-1485
240.764,-1545
240.798,-639
240.831,-539
240.864,-527
240.898,-581
240.931,-395
240.964,-443
240.998,-510
241.031,-630
241.064,-514
241.098,-561
241.131,-534
241.164,-529
241.198,-525
241.231,-555
241.264,-534
241.298,-525
241.331,-638
241.364,-602
241.398,-644
241.431,-694
241.464,-586
241.498,-518
241.531,-593
241.564,-626
241.598,-569
241.631,-591
241.664,-640
241.698,-522
241.731,-543
241.764,-548
241.798,-536
241.831,-424
241.864,-1334
241.898,-511
241.931,-496
241.964,-503
241.998,-669
242.031,-644
242.064,-549
242.098,-800
242.131,-995
242.164,-931
242.198,-902
242.231,-868
242.264,-861
242.298,-867
242.331,-812
242.364,-856
242.398,-1116
242.431,-844
242.464,-490
242.498,-566
242.531,-818
242.564,-864
242.598,-863
242.631,-884
242.664,-826
242.698,-707
242.731,-549
242.764,-412
242.798,-502
242.831,-606
242.864,-804
242.898,-775
242.931,-747
242.964,-869
242.998,-876
243.031,-1007
243.064,-1122
243.098,-1079
243.131,-985
243.164,-895
243.198,-702
243.231,-795
243.264,-654
243.298,-517
243.331,-494
243.364,-836
243.398,-836
243.431,-750
243.464,-703
243.498,-656
243.531,-684
243.564,-760
243.598,-721
243.631,-704
243.664,-679
243.698,-700
243.731,-787
243.764,-738
243.798,-520
243.831,-357
243.864,-109
243.898,-212
243.931,-462
243.964,-869
243.998,-851
244.031,-443
244.064,-468
244.098,-640
244.131,-637
244.164,-681
244.198,-562
244.231,-706
244.264,-714
244.298,-682
244.331,-736
244.364,-761
244.398,-842
244.431,-984
244.464,-1027
244.498,-1042
244.531,-1051
244.564,-1029
244.598,-980
244.631,-939
244.664,-977
244.698,-966
244.731,-882
244.764,-1002
244.798,-867
244.831,-802
244.864,-781
244.898,-732
244.931,-757
244.964,-866
244.998,-888
245.031,-892
245.064,-874
245.098,-968
245.131,-997
245.164,-963
245.198,-948
245.231,-1016
245.264,-984
245.298,-990
245.331,-934
245.364,-1007
245.398,-1374
245.431,-958
245.464,-381
245.498,-534
245.531,-630
245.564,-604
245.598,-537
245.631,-569
245.664,-536
245.698,-565
245.731,-538
245.764,-602
245.798,-585
245.831,-591
245.864,-683
245.898,-649
245.931,-614
245.964,-621
245.998,-563
246.031,-641
246.064,-641
246.098,-625
246.131,-644
246.164,-716
246.198,-570
246.231,-527
246.264,-734
246.298,-1446
246.331,-346
246.364,-474
246.398,-623
246.431,-866
246.464,-676
246.498,-667
246.531,-471
246.564,-680
246.598,-699
246.631,-698
246.664,-711
246.698,-704
246.731,-682
246.764,-655
246.798,-596
246.831,-538
246.864,-551
246.898,-613
246.931,-757
246.964,-937
246.998,-960
247.031,-903
247.064,-828
247.098,-902
247.131,-927
247.164,-945
247.198,-915
247.231,-817
247.264,-864
247.298,-846
247.331,-825
247.364,-696
247.398,-672
247.431,-797
247.464,-686
247.498,-542
247.531,-442
247.564,-566
247.598,-580
247.631,-586
247.664,-589
247.698,-647
247.731,-631
247.764,-655
247.798,-644
247.831,-668
247.864,-746
247.898,-751
247.931,-762
247.964,-760
247.998,-752
248.031,-763
248.064,-780
248.098,-758
248.131,-759
248.164,-760
248.198,-776
248.231,-772
248.264,-783
248.298,-785
248.331,-800
248.364,-818
248.398,-775
248.431,-869
248.464,-877
248.498,-613
248.531,-1070
248.564,-788
248.598,-874
248.631,-815
248.664,-867
248.698,-812
248.731,-838
248.764,-859
248.798,-829
248.831,-853
248.864,-850
248.898,-849
248.931,-839
248.964,-863
248.998,-833
249.031,-967
249.064,-990
249.098,-1106
249.131,-1134
249.164,-1145
249.198,-1099
249.231,-1101
249.264,-1068
249.298,-991
249.331,-978
249.364,-952
249.398,-964
249.431,-961
249.464,-796
249.498,-812
249.531,-824
249.564,-813
249.598,-832
249.631,-726
249.664,-766
249.698,-731
249.731,-662
249.764,-772
249.798,-955
249.831,-1133
249.864,-1283
249.898,-1632
249.931,-1677
249.964,-981
249.998,-925
250.031,-843
250.064,-943
250.097,-815
250.131,-827
250.164,-888
250.197,-968
250.231,-912
250.264,-982
250.297,-904
250.331,-865
250.364,-928
250.397,-890
250.431,-860
250.464,-883
250.497,-890
250.531,-920
250.564,-900
250.597,-925
250.631,-919
250.664,-895
250.697,-893
250.731,-883
250.764,-843
250.797,-821
250.831,-814
250.864,-897
250.897,-930
250.931,-940
250.964,-931
250.997,-824
251.031,-793
251.064,-841
251.097,-819
251.131,-764
251.164,-777
251.197,-727
251.231,-657
251.264,-664
251.297,-865
251.331,-1077
251.364,-753
251.397,-802
251.431,-913
251.464,-863
251.497,-938
251.531,-866
251.564,-1054
251.597,-1080
251.631,-1041
251.664,-1077
251.697,-1055
251.731,-1065
251.764,-1023
251.797,-984
251.831,-974
251.864,-994
251.897,-1003
251.931,-1012
251.964,-989
251.997,-957
252.031,-989
252.064,-919
252.097,-830
252.131,-751
252.164,-707
252.197,-626
252.231,-573
252.264,-548
252.297,-576
252.331,-586
252.364,-653
252.397,-757
252.431,-865
252.464,-908
252.497,-822
252.531,-774
252.564,-754
252.597,-733
252.631,-799
252.664,-837
252.697,-822
252.731,-809
252.764,-772
252.797,-726
252.831,-695
252.864,-669
252.897,-662
252.931,-738
252.964,-855
252.997,-1081
253.031,-1115
253.064,-1200
253.097,-1178
253.131,-1009
253.164,-1100
253.197,-1064
253.231,-917
253.264,-727
253.297,-595
253.331,-487
253.364,-406
253.397,-444
253.431,-567
253.464,-692
253.497,-762
253.531,-834
253.564,-1124
253.597,-1046
253.631,-1187
253.664,-1143
253.697,-1026
253.731,-944
253.764,-1172
253.797,-1235
253.831,-1175
253.864,-1018
253.897,-839
253.931,-745
253.964,-701
253.997,-692
254.031,-726
254.064,-733
254.097,-713
254.131,-706
254.164,-796
254.197,-884
254.231,-979
254.264,-956
254.297,-751
254.331,-800
254.364,-1153
254.397,-1099
254.431,-840
254.464,-699
254.497,-646
254.531,-601
254.564,-578
254.597,-607
254.631,-654
254.664,-697
254.697,-779
254.731,-813
254.764,-862
254.797,-919
254.831,-863
254.864,-928
254.897,-904
254.931,-990
254.964,-1158
254.997,-1222
255.031,-1236
255.064,-1084
255.097,-842
255.131,-666
255.164,-569
255.197,-543
255.231,-545
255.264,-528
255.297,-598
255.331,-714
255.364,-558
255.397,-296
255.431,9
255.464,314
255.497,434
255.531,100
255.564,-348
255.597,-408
255.631,-312
255.664,-103
255.697,75
255.731,-25
255.764,-1670
255.797,-404
255.831,906
255.864,869
255.897,418
255.931,393
255.964,578
255.997,629
256.031,550
256.064,454
256.097,118
256.131,529
256.164,302
256.197,180
256.231,737
256.264,337
256.297,427
256.331,342
256.364,514
256.397,719
256.431,773
256.464,778
256.497,403
256.531,366
256.564,339
256.597,300
256.631,458
256.664,373
256.697,290
256.731,280
256.764,333
256.797,277
256.831,225
256.864,167
256.897,178
256.931,176
256.964,347
256.997,291
257.031,53
257.064,45
257.097,141
257.131,173
257.164,154
257.197,212
257.231,267
257.264,-65
257.297,-112
257.331,-124
257.364,-95
257.397,-38
257.431,-83
257.464,-96
257.497,-35
257.531,-47
257.564,-86
257.597,-74
257.631,66
257.664,-69
257.697,-354
257.731,61
257.764,268
257.797,-236
257.831,-5
257.864,297
257.897,459
257.931,313
257.964,380
257.997,-245
258.031,-770
258.064,-330
258.097,22
258.131,-62
258.164,-237
258.197,-558
258.231,-750
258.264,-625
258.297,-366
258.331,-351
258.364,-481
258.397,-686
258.431,-957
258.464,-1164
258.497,-1371
258.531,-1595
258.564,-1664
258.597,-1524
258.631,-1019
258.664,-734
258.697,-600
258.731,-693
258.764,-752
258.797,-910
258.831,-1054
258.864,-1182
258.897,-1104
258.931,-1055
258.964,-992
258.997,-946
259.031,-958
259.064,-947
259.097,-967
259.131,-941
259.164,-877
259.197,-913
259.231,-965
259.264,-955
259.297,-951
259.331,-837
259.364,-606
259.397,-459
259.431,-384
259.464,-489
259.497,-456
259.531,-407
259.564,-672
259.597,-919
259.631,-1249
259.664,346
259.697,-362
259.731,-642
259.764,757
259.797,1070
259.831,-224
259.864,-113
259.897,-567
259.931,219
259.964,159
259.997,-6
260.031,-27
260.064,20
260.097,137
260.131,65
260.164,134
260.197,174
260.231,182
260.264,268
260.297,273
260.331,290
260.364,334
260.397,387
260.431,344
260.464,412
260.497,477
260.531,366
260.564,309
260.597,345
260.631,384
260.664,310
260.697,369
260.731,480
260.764,564
260.797,319
260.831,39
260.864,-12
260.897,161
260.931,338
260.964,254
260.997,209
261.031,240
261.064,214
261.097,132
261.131,129
261.164,186
261.197,273
261.231,403
261.264,511
261.297,383
261.331,183
261.364,58
261.397,163
261.431,260
261.464,102
261.497,99
261.531,194
261.564,253
261.597,216
261.631,128
261.664,-11
261.697,-182
261.731,-413
261.764,-558
261.797,-567
261.831,-442
261.864,-391
261.897,-436
261.931,-505
261.964,-622
261.997,-715
262.031,-871
262.064,-1310
262.097,-1605
262.131,-1491
262.164,-1220
262.197,-973
262.231,-832
262.264,-647
262.297,-647
262.331,-638
262.364,-679
262.397,-749
262.431,-837
262.464,-841
262.497,-881
262.531,-883
262.564,-867
262.597,-870
262.631,-986
262.664,-1116
262.697,-927
262.731,-724
262.764,-978
262.797,-1042
262.831,-1163
262.864,-1098
262.897,-998
262.931,-878
262.964,-735
262.997,-669
263.031,-770
263.064,-840
263.097,-914
263.131,-935
263.164,-918
263.197,-877
263.231,-854
263.264,-963
263.297,-1089
263.331,-1181
263.364,-1344
263.397,-982
263.431,-749
263.464,-1126
263.497,-1289
263.531,-1145
263.564,-903
263.597,-692
263.631,-582
263.664,-490
263.697,-424
263.731,-517
263.764,-657
263.797,-684
263.831,-758
263.864,-874
263.897,-1046
263.931,-1220
263.964,-1263
263.997,-1229
264.031,-1164
264.064,-964
264.097,-1159
264.131,-1298
264.164,-1229
264.197,-1018
264.231,-844
264.264,-716
264.297,-635
264.331,-615
264.364,-671
264.397,-730
264.431,-820
264.464,-946
264.497,-933
264.531,-909
264.564,-943
264.597,-788
264.631,-653
264.664,-882
264.697,-1062
264.731,-898
264.764,-690
264.797,-533
264.831,-396
264.864,-269
264.897,-168
264.931,-112
264.964,-123
264.997,-87
265.031,-103
265.064,-153
265.097,-248
265.131,-314
265.164,-299
265.197,-134
265.231,-192
265.264,-345
265.297,-360
265.331,-292
265.364,-156
265.397,-133
265.431,-210
265.464,-276
265.497,-613
265.531,-656
265.564,-534
265.597,-729
265.631,-169
265.664,754
265.697,694
265.731,386
265.764,-77
265.797,74
265.831,574
265.864,653
265.897,166
265.931,328
265.964,362
265.997,412
266.031,450
266.064,471
266.097,493
266.131,326
266.164,304
266.197,381
266.231,419
266.264,618
266.297,694
266.331,499
266.364,256
266.397,173
266.431,-56
266.464,-329
266.497,-119
266.531,-18
266.564,15
266.597,107
266.631,152
266.664,-86
266.697,-204
266.731,-29
266.764,-29
266.797,87
266.831,94
266.864,-129
266.897,-220
266.931,-284
266.964,-95
266.997,-227
267.031,-209
267.064,-39
267.097,-189
267.131,-252
267.164,-223
267.197,-198
267.231,-157
267.264,-238
267.297,-203
267.331,-195
267.364,-414
267.397,-412
267.431,-365
267.464,-433
267.497,-268
267.531,-367
267.564,-171
267.597,79
267.631,211
267.664,72
267.697,-65
267.731,-397
267.764,-112
267.797,-188
267.831,-612
267.864,-69
267.897,-252
267.931,-285
267.964,-398
267.997,-570
268.031,-526
268.064,-367
268.097,-339
268.131,-358
268.164,-463
268.197,-577
268.231,-787
268.264,-1277
268.297,-1153
268.331,-1201
268.364,-1133
268.397,-1100
268.431,-1145
268.464,-892
268.497,-857
268.531,-827
268.564,-969
268.597,-1052
268.631,-1018
268.664,-948
268.697,-990
268.731,-1020
268.764,-949
268.797,-884
268.831,-809
268.864,-626
268.897,-479
268.931,-371
268.964,-261
268.997,-112
269.031,-83
269.064,-65
269.097,-229
269.131,-354
269.164,-248
269.197,86
269.231,205
269.264,-380
269.297,-104
269.331,1327
269.364,-275
269.397,1014
269.431,-1320
269.464,57
269.497,120
269.531,201
269.564,-75
269.597,-30
269.631,21
269.664,17
269.697,-253
269.731,-251
269.764,-118
269.797,-36
269.831,87
269.864,148
269.897,225
269.931,324
269.964,345
269.997,405
270.031,426
270.064,418
270.097,379
270.131,413
270.164,502
270.197,430
270.231,448
270.264,375
270.297,374
270.331,301
270.364,304
270.397,316
270.431,334
270.464,285
270.497,191
270.531,295
270.564,336
270.597,260
270.631,210
270.664,187
270.697,148
270.731,158
270.764,243
270.797,250
270.831,294
270.864,343
270.897,345
270.931,274
270.964,290
270.997,319
271.031,135
271.064,181
271.097,194
271.131,276
271.164,215
271.197,83
271.231,35
271.264,141
271.297,144
271.331,121
271.364,124
271.397,65
271.431,56
271.464,-2
271.497,42
271.531,5
271.564,88
271.597,110
271.631,107
271.664,-107
271.697,-450
271.731,-817
271.764,-1596
271.797,-1299
271.831,-1149
271.864,-1357
271.897,-1373
271.931,-1678
271.964,-1610
271.997,-1416
272.031,-1094
272.064,-962
272.097,-822
272.131,-700
272.164,-694
272.197,-762
272.231,-874
272.264,-918
272.297,-959
272.331,-948
272.364,-883
272.397,-861
272.431,-832
272.464,-822
272.497,-813
272.531,-819
272.564,-783
272.597,-760
272.631,-798
272.664,-931
272.697,-884
272.731,-882
272.764,-1043
272.797,-1343
272.831,-1583
272.864,-1487
272.897,-1212
272.931,-959
272.964,-706
272.997,-517
273.031,-407
273.064,-447
273.097,-598
273.131,-748
273.164,-822
273.197,-897
273.231,-1002
273.264,-1088
273.297,-1266
273.331,-1431
273.364,-1182
273.397,-1072
273.431,-1092
273.464,-1195
273.497,-1163
273.531,-972
273.564,-803
273.597,-651
273.631,-617
273.664,-608
273.697,-602
273.731,-622
273.764,-650
273.797,-768
273.831,-926
273.864,-1037
273.897,-1240
273.931,-1278
273.964,-1467
273.997,-1018
274.031,-1251
274.064,-1286
274.097,-1046
274.131,-788
274.164,-578
274.197,-457
274.231,-387
274.264,-391
274.297,-463
274.331,-566
274.364,-649
274.397,-756
274.431,-1136
274.464,-1358
274.497,-1430
274.531,-1451
274.564,-1337
274.597,-1130
274.631,-1236
274.664,-1214
274.697,-1059
274.731,-825
274.764,-625
274.797,-561
274.831,-526
274.864,-588
274.897,-623
274.931,-676
274.964,-782
274.997,-929
275.031,-984
275.064,-1117
275.097,-1247
275.131,-1124
275.164,-1208
275.197,-1534
275.231,-1412
275.264,-994
275.297,-718
275.331,-521
275.364,-405
275.397,-338
275.431,-373
275.464,-490
275.497,-623
275.531,-742
275.564,-921
275.597,-1178
275.631,-1083
275.664,-1148
275.697,-999
275.731,-803
275.764,-853
275.797,-1140
275.831,-1227
275.864,-1287
275.897,-1210
275.931,-1067
275.964,-992
275.997,-940
276.031,-931
276.064,-901
276.097,-969
276.131,-981
276.164,-849
276.197,-647
276.231,-289
276.264,-414
276.297,-360
276.331,-316
276.364,-378
276.397,-354
276.431,-357
276.464,-390
276.497,-393
276.531,-278
276.564,-394
276.597,-202
276.631,-130
276.664,-106
276.697,-36
276.731,-295
276.764,-487
276.797,-436
276.831,-299
276.864,-157
276.897,-160
276.931,-390
276.964,-558
276.997,-527
277.031,-602
277.064,-686
277.097,-801
277.131,-861
277.164,-839
277.197,-854
277.231,-849
277.264,-848
277.297,-944
277.331,-594
277.364,-694
277.397,-748
277.431,-879
277.464,-976
277.497,-804
277.531,-887
277.564,-854
277.597,-835
277.631,-817
277.664,-897
277.697,-1039
277.731,-977
277.764,-901
277.797,-853
277.831,-766
277.864,-602
277.897,-479
277.931,-458
277.964,-411
277.997,-442
278.031,-446
278.064,-470
278.097,-349
278.131,-880
278.164,-727
278.197,-721
278.231,-316
278.264,-151
278.297,-135
278.331,-304
278.364,-355
278.397,-400
278.431,-387
278.464,-326
278.497,-228
278.531,-256
278.564,-236
278.597,-212
278.631,-166
278.664,-160
278.697,-254
278.731,-415
278.764,-529
278.797,-787
278.831,-992
278.864,-1211
278.897,-1199
278.931,-1107
278.964,-1088
278.997,-1123
279.031,-1439
279.064,-983
279.097,-1140
279.131,-1177
279.164,-996
279.197,-936
279.231,-1001
279.264,-945
279.297,-944
279.331,-960
279.364,-942
279.397,-927
279.431,-942
279.464,-1018
279.497,-1047
279.531,-1055
279.564,-965
279.597,-987
279.631,-944
279.664,-838
279.697,-837
279.731,-868
279.764,-969
279.797,-1063
279.831,-1167
279.864,-1115
279.897,-979
279.931,-873
279.964,-820
279.997,-814
280.031,-830
280.064,-865
280.097,-863
280.131,-767
280.164,-801
280.197,-835
280.231,-881
280.264,-907
280.297,-904
280.331,-990
280.364,-1159
280.397,-1250
280.431,-1252
280.464,-1153
280.497,-1075
280.531,-1210
280.564,-1218
280.597,-1158
280.631,-956
280.664,-775
280.697,-633
280.731,-589
280.764,-600
280.797,-700
280.831,-827
280.864,-905
280.897,-984
280.931,-1126
280.964,-1138
280.997,-1108
281.031,-987
281.064,-940
281.097,-1032
281.131,-1189
281.164,-1216
281.197,-1032
281.231,-906
281.264,-784
281.297,-674
281.331,-626
281.364,-557
281.397,-529
281.431,-510
281.464,-465
281.497,-448
281.531,-500
281.564,-538
281.597,-602
281.631,-620
281.664,-594
281.697,-596
281.731,-618
281.764,-692
281.797,-713
281.831,-665
281.864,-563
281.897,-447
281.931,-362
281.964,-362
281.997,-462
282.031,-477
282.064,-656
282.097,-897
282.131,-1167
282.164,-1495
282.197,-1723
282.231,-1791
282.264,-1467
282.297,-1060
282.331,-870
282.364,-660
282.397,-539
282.431,-500
282.464,-359
282.497,-307
282.531,-418
282.564,-375
282.597,-384
282.631,-429
282.664,-745
282.697,-1202
282.731,-1532
282.764,-1548
282.797,-1340
282.831,-1441
282.864,-1659
282.897,-1268
282.931,-1180
282.964,-1182
282.997,-1118
283.031,-1081
283.064,-1095
283.097,-850
283.131,-722
283.164,-664
283.197,-693
283.231,-740
283.264,-646
283.297,-497
283.331,-520
283.364,-519
283.397,-398
283.43,-525
283.464,-563
283.497,-618
283.53,-632
283.564,-529
283.597,-630
283.63,-649
283.664,-706
283.697,-655
283.73,-543
283.764,-541
283.797,-542
283.83,-633
283.864,-687
283.897,-734
283.93,-794
283.964,-905
283.997,-1177
284.03,-1314
284.064,-1228
284.097,-1067
284.13,-1075
284.164,-956
284.197,-811
284.23,-700
284.264,-678
284.297,-627
284.33,-568
284.364,-550
284.397,-433
284.43,-465
284.464,-543
284.497,-546
284.53,-752
284.564,-750
284.597,-801
284.63,-892
284.664,-927
284.697,-937
284.73,-928
284.764,-751
284.797,-778
284.83,-778
284.864,-581
284.897,-501
284.93,-253
284.964,-256
284.997,-320
285.03,-468
285.064,-784
285.097,-1049
285.13,-1041
285.164,-993
285.197,-751
285.23,-983
285.264,-1100
285.297,-864
285.33,-884
285.364,-897
285.397,-1003
285.43,-1063
285.464,-980
285.497,-946
285.53,-995
285.564,-1001
285.597,-830
285.63,-727
285.664,-690
285.697,-695
285.73,-887
285.764,-1096
285.797,-1315
285.83,-1221
285.864,-835
285.897,-653
285.93,-740
285.964,-744
285.997,-682
286.03,-712
286.064,-879
286.097,-972
286.13,-960
286.164,-910
286.197,-903
286.23,-902
286.264,-924
286.297,-919
286.33,-910
286.364,-837
286.397,-796
286.43,-810
286.464,-833
286.497,-815
286.53,-827
286.564,-839
286.597,-848
286.63,-856
286.664,-883
286.697,-920
286.73,-937
286.764,-937
286.797,-950
286.83,-946
286.864,-950
286.897,-856
286.93,-832
286.964,-808
286.997,-665
287.03,-622
287.064,-510
287.097,-445
287.13,-327
287.164,-306
287.197,-475
287.23,-866
287.264,-1126
287.297,-1175
287.33,-1060
287.364,-901
287.397,-800
287.43,-743
287.464,-705
287.497,-669
287.53,-729
287.564,-655
287.597,-716
287.63,-660
287.664,-614
287.697,-673
287.73,-641
287.764,-713
287.797,-769
287.83,-840
287.864,-782
287.897,-825
287.93,-757
287.964,-661
287.997,-581
288.03,-488
288.064,-370
288.097,-239
288.13,-79
288.164,-100
288.197,41
288.23,196
288.264,277
288.297,308
288.33,368
288.364,350
288.397,311
288.43,316
288.464,318
288.497,339
288.53,387
288.564,442
288.597,491
288.63,530
288.664,572
288.697,603
288.73,612
288.764,584
288.797,610
288.83,655
288.864,628
288.897,635
288.93,660
288.964,645
288.997,627
289.03,659
289.064,687
289.097,682
289.13,713
289.164,727
289.197,706
289.23,709
289.264,717
289.297,732
289.33,747
289.364,710
289.397,715
289.43,763
289.464,770
289.497,750
289.53,761
289.564,756
289.597,757
289.63,753
289.664,758
289.697,750
289.73,749
289.764,744
289.797,742
289.83,748
289.864,747
289.897,743
289.93,754
289.964,750
289.997,741
290.03,749
290.064,752
290.097,753
290.13,750
290.164,748
290.197,756
290.23,754
290.264,750
290.297,764
290.33,757
290.364,764
290.397,783
290.43,779
290.464,767
290.497,761
290.53,750
290.564,751
290.597,758
290.63,757
290.664,756
290.697,757
290.73,752
290.764,758
290.797,753
290.83,770
290.864,781
290.897,768
290.93,770
290.964,768
290.997,759
291.03,742
291.064,742
291.097,745
291.13,720
291.164,680
291.197,670
291.23,651
291.264,654
291.297,690
291.33,678
291.364,671
291.397,629
291.43,575
291.464,552
291.497,512
291.53,536
291.564,489
291.597,449
291.63,477
291.664,394
291.697,364
291.73,339
291.764,304
291.797,281
291.83,263
291.864,247
291.897,202
291.93,216
291.964,156
291.997,114
292.03,52
292.064,25
292.097,-16
292.13,-128
292.164,-154
292.197,-245
292.23,-334
292.264,-379
292.297,-395
292.33,-522
292.364,-715
292.397,-755
292.43,-727
292.464,-765
292.497,-756
292.53,-678
292.564,-620
292.597,-606
292.63,-547
292.664,-538
292.697,-563
292.73,-569
292.764,-647
292.797,-721
292.83,-575
292.864,-595
292.897,-594
292.93,-601
292.964,-640
292.997,-690
293.03,-729
293.064,-832
293.097,-933
293.13,-958
293.164,-957
293.197,-849
293.23,-894
293.264,-882
293.297,-789
293.33,-744
293.364,-783
293.397,-779
293.43,-851
293.464,-1094
293.497,-1187
293.53,-1078
293.564,-915
293.597,-895
293.63,-878
293.664,-984
293.697,-1066
293.73,-925
293.764,-865
293.797,-869
293.83,-888
293.864,-904
293.897,-963
293.93,-981
293.964,-961
293.997,-907
294.03,-899
294.064,-918
294.097,-867
294.13,-806
294.164,-827
294.197,-827
294.23,-857
294.264,-920
294.297,-951
294.33,-913
294.364,-841
294.397,-776
294.43,-724
294.464,-708
294.497,-708
294.53,-717
294.564,-728
294.597,-755
294.63,-839
294.664,-901
294.697,-894
294.73,-841
294.764,-842
294.797,-891
294.83,-975
294.864,-1100
294.897,-1197
294.93,-1177
294.964,-1096
294.997,-1065
295.03,-1059
295.064,-1008
295.097,-952
295.13,-904
295.164,-889
295.197,-884
295.23,-876
295.264,-860
295.297,-890
295.33,-936
295.364,-913
295.397,-889
295.43,-913
295.464,-926
295.497,-846
295.53,-781
295.564,-751
295.597,-762
295.63,-842
295.664,-849
295.697,-802
295.73,-1015
295.764,-757
295.797,-1112
295.83,-1008
295.864,-863
295.897,-864
295.93,-806
295.964,-796
295.997,-782
296.03,-798
296.064,-731
296.097,-746
296.13,-781
296.164,-742
296.197,-755
296.23,-803
296.264,-725
296.297,-671
296.33,-589
296.364,-556
296.397,-579
296.43,-601
296.464,-656
296.497,-592
296.53,-431
296.564,-356
296.597,-322
296.63,-284
296.664,-338
296.697,-339
296.73,-291
296.764,-274
296.797,-228
296.83,-197
296.864,-198
296.897,-269
296.93,-306
296.964,-395
296.997,-418
297.03,-391
297.064,-232
297.097,-93
297.13,23
297.164,260
297.197,479
297.23,455
297.264,415
297.297,428
297.33,375
297.364,353
297.397,248
297.43,86
297.464,-109
297.497,-225
297.53,-262
297.564,-172
297.597,-64
297.63,-57
297.664,-99
297.697,-6
297.73,-1
297.764,21
297.797,66
297.83,73
297.864,18
297.897,34
297.93,59
297.964,37
297.997,121
298.03,47
298.064,96
298.097,49
298.13,87
298.164,130
298.197,-2
298.23,29
298.264,138
298.297,-30
298.33,61
298.364,38
298.397,-45
298.43,-16
298.464,-27
298.497,-3
298.53,11
298.564,77
298.597,181
298.63,226
298.664,300
298.697,363
298.73,399
298.764,482
298.797,547
298.83,545
298.864,574
298.897,583
298.93,621
298.964,646
298.997,709
299.03,759
299.064,771
299.097,783
299.13,767
299.164,750
299.197,761
299.23,754
299.264,751
299.297,754
299.33,761
299.364,754
299.397,760
299.43,755
299.464,770
299.497,774
299.53,765
299.564,777
299.597,774
299.63,777
299.664,782
299.697,787
299.73,791
299.764,793
299.797,803
299.83,796
299.864,793
299.897,791
299.93,798
299.964,789
299.997,791
300.03,799
300.064,793
300.097,787
300.13,795
300.164,796
300.197,792
300.23,800
300.264,795
300.297,798
300.33,794
300.364,792
300.397,789
300.43,794
300.464,794
300.497,790
300.53,793
300.564,793
300.597,801
300.63,796
300.664,793
300.697,800
300.73,802
300.764,798
300.797,803
300.83,807
300.864,803
300.897,804
300.93,811
300.964,799
300.997,803
301.03,805
301.064,798
301.097,798
301.13,804
301.164,809
301.197,807
301.23,803
301.264,803
301.297,808
301.33,812
301.364,803
301.397,803
301.43,801
301.464,804
301.497,811
301.53,805
301.564,800
301.597,796
301.63,774
301.664,772
301.697,786
301.73,796
301.764,800
301.797,791
301.83,782
301.864,771
301.897,760
301.93,757
301.964,755
301.997,767
302.03,768
302.064,779
302.097,752
302.13,748
302.164,737
302.197,709
302.23,699
302.264,671
302.297,701
302.33,706
302.364,685
302.397,681
302.43,687
302.464,655
302.497,652
302.53,618
302.564,593
302.597,585
302.63,572
302.664,546
302.697,477
302.73,417
302.764,343
302.797,290
302.83,203
302.864,138
302.897,91
302.93,69
302.964,11
302.997,-16
303.03,-14
303.064,-1
303.097,4
303.13,47
303.164,21
303.197,4
303.23,32
303.264,15
303.297,-2
303.33,-6
303.364,-26
303.397,-42
303.43,-194
303.464,-37
303.497,-50
303.53,-38
303.564,-46
303.597,-132
303.63,-231
303.664,-286
303.697,-538
303.73,-819
303.764,-645
303.797,-360
303.83,-159
303.864,176
303.897,289
303.93,232
303.964,268
303.997,125
304.03,197
304.064,350
304.097,299
304.13,194
304.164,78
304.197,-192
304.23,-1613
304.264,-1164
304.297,-96
304.33,35
304.364,-380
304.397,-427
304.43,-343
304.464,-301
304.497,-327
304.53,-246
304.564,-256
304.597,-252
304.63,-172
304.664,-105
304.697,-136
304.73,-180
304.764,-151
304.797,-141
304.83,-166
304.864,-202
304.897,-186
304.93,-142
304.964,-139
304.997,-113
305.03,-55
305.064,-34
305.097,-41
305.13,-26
305.164,-44
305.197,-66
305.23,-65
305.264,-63
305.297,-50
305.33,-78
305.364,-95
305.397,-83
305.43,-104
305.464,-110
305.497,-112
305.53,-87
305.564,-94
305.597,-85
305.63,-93
305.664,-150
305.697,-217
305.73,-242
305.764,-273
305.797,-247
305.83,-227
305.864,-261
305.897,-303
305.93,-473
305.964,-607
305.997,-639
306.03,-764
306.064,-808
306.097,-944
306.13,-903
306.164,-1063
306.197,-946
306.23,-999
306.264,-984
306.297,-1009
306.33,-1064
306.364,-1044
306.397,-1065
306.43,-1136
306.464,-1034
306.497,-958
306.53,-912
306.564,-783
306.597,-560
306.63,-435
306.664,-374
306.697,-403
306.73,-662
306.764,-1037
306.797,-1395
306.83,-1446
306.864,-1416
306.897,-1306
306.93,-1115
306.964,-959
306.997,-819
307.03,-755
307.064,-767
307.097,-758
307.13,-789
307.164,-787
307.197,-807
307.23,-767
307.264,-719
307.297,-666
307.33,-696
307.364,-814
307.397,-859
307.43,-938
307.464,-1096
307.497,-1251
307.53,-1248
307.564,-1248
307.597,-1151
307.63,-1137
307.664,-1016
307.697,-882
307.73,-777
307.764,-711
307.797,-749
307.83,-812
307.864,-807
307.897,-828
307.93,-860
307.964,-878
307.997,-996
308.03,-854
308.064,-732
308.097,-777
308.13,-932
308.164,-836
308.197,-806
308.23,-643
308.264,-581
308.297,-537
308.33,-600
308.364,-607
308.397,-675
308.43,-721
308.464,-879
308.497,-859
308.53,-870
308.564,-802
308.597,-807
308.63,-893
308.664,-937
308.697,-916
308.73,-917
308.764,-529
308.797,-456
308.83,-819
308.864,-1061
308.897,-970
308.93,-962
308.964,-970
308.997,-882
309.03,-705
309.064,-704
309.097,-599
309.13,-685
309.164,-714
309.197,-626
309.23,-568
309.264,-413
309.297,-204
309.33,-179
309.364,-344
309.397,-494
309.43,-825
309.464,-869
309.497,-776
309.53,-706
309.564,-659
309.597,-682
309.63,-751
309.664,-934
309.697,-976
309.73,-863
309.764,-873
309.797,-938
309.83,-809
309.864,-726
309.897,-718
309.93,-728
309.964,-730
309.997,-713
310.03,-711
310.064,-756
310.097,-733
310.13,-743
310.164,-715
310.197,-694
310.23,-653
310.264,-646
310.297,-634
310.33,-630
310.364,-686
310.397,-625
310.43,-566
310.464,-568
310.497,-613
310.53,-728
310.564,-697
310.597,-752
310.63,-661
310.664,-537
310.697,-520
310.73,-468
310.764,-356
310.797,-328
310.83,-344
310.864,-374
310.897,-482
310.93,-570
310.964,-605
310.997,-789
311.03,-977
311.064,-1007
311.097,-729
311.13,-520
311.164,-679
311.197,-749
311.23,-715
311.264,-727
311.297,-781
311.33,-836
311.364,-759
311.397,-822
311.43,-775
311.464,-502
311.497,-309
311.53,-266
311.564,-375
311.597,-255
311.63,-297
311.664,-427
311.697,-648
311.73,-748
311.764,-804
311.797,-689
311.83,-627
311.864,-748
311.897,-729
311.93,-626
311.964,-616
311.997,-652
312.03,-685
312.064,-730
312.097,-715
312.13,-698
312.164,-656
312.197,-724
312.23,-718
312.264,-664
312.297,-732
312.33,-695
312.364,-702
312.397,-790
312.43,-842
312.464,-822
312.497,-809
312.53,-758
312.564,-741
312.597,-1107
312.63,-774
312.664,-948
312.697,-855
312.73,-718
312.764,-796
312.797,-739
312.83,-805
312.864,-803
312.897,-811
312.93,-1057
312.964,-1076
312.997,-1015
313.03,-951
313.064,-852
313.097,-884
313.13,-935
313.164,-847
313.197,-910
313.23,-1057
313.264,-1119
313.297,-1161
313.33,-1190
313.364,-1160
313.397,-1084
313.43,-1023
313.464,-876
313.497,-790
313.53,-820
313.564,-848
313.597,-849
313.63,-965
313.664,-804
313.697,-801
313.73,-799
313.764,-812
313.797,-806
313.83,-818
313.864,-806
313.897,-838
313.93,-850
313.964,-815
313.997,-818
314.03,-847
314.064,-832
314.097,-802
314.13,-871
314.164,-910
314.197,-936
314.23,-1159
314.264,-1131
314.297,-934
314.33,-965
314.364,-976
314.397,-858
314.43,-798
314.464,-788
314.497,-818
314.53,-902
314.564,-963
314.597,-887
314.63,-817
314.664,-755
314.697,-619
314.73,-441
314.764,-377
314.797,-379
314.83,-325
314.864,-494
314.897,-649
314.93,-725
314.964,-835
314.997,-827
315.03,-780
315.064,-864
315.097,-768
315.13,-750
315.164,-574
315.197,-535
315.23,-580
315.264,-446
315.297,-523
315.33,-435
315.364,-420
315.397,-1294
315.43,-993
315.464,-972
315.497,-841
315.53,-710
315.564,-451
315.597,-352
315.63,-183
315.664,-281
315.697,-490
315.73,-643
315.764,-385
315.797,-492
315.83,-377
315.864,-564
315.897,-867
315.93,-819
315.964,-834
315.997,-890
316.03,-805
316.064,-816
316.097,-813
316.13,-710
316.164,-661
316.197,-737
316.23,-723
316.264,-851
316.297,-990
316.33,-1012
316.364,-921
316.397,-943
316.43,-1077
316.464,-1105
316.497,-1098
316.53,-1109
316.564,-1277
316.597,-1259
316.63,-1039
316.664,-1033
316.697,-1192
316.73,-1272
316.763,-1474
316.797,-1423
316.83,-1309
316.863,-1223
316.897,-1149
316.93,-1087
316.963,-1076
316.997,-1089
317.03,-967
317.063,-826
317.097,-618
317.13,-850
317.163,-585
317.197,-651
317.23,-656
317.263,-472
317.297,-765
317.33,-849
317.363,-698
317.397,-637
317.43,-650
317.463,-574
317.497,-603
317.53,-580
317.563,-644
317.597,-836
317.63,-1019
317.663,-1034
317.697,-955
317.73,-957
317.763,-977
317.797,-908
317.83,-817
317.863,-821
317.897,-809
317.93,-742
317.963,-668
317.997,-609
318.03,-648
318.063,-743
318.097,-711
318.13,-687
318.163,-655
318.197,-642
318.23,-602
318.263,-536
318.297,-534
318.33,-529
318.363,-540
318.397,-647
318.43,-775
318.463,-875
318.497,-990
318.53,-1005
318.563,-1053
318.597,-995
318.63,-769
318.663,-739
318.697,-834
318.73,-1064
318.763,-1053
318.797,-1059
318.83,-1134
318.863,-1100
318.897,-1127
318.93,-1142
318.963,-1031
318.997,-1069
319.03,-1228
319.063,-1363
319.097,-1411
319.13,-1387
319.163,-1110
319.197,-1212
319.23,-1399
319.263,-1364
319.297,-1216
319.33,-1122
319.363,-1077
319.397,-1072
319.43,-1010
319.463,-868
319.497,-764
319.53,-662
319.563,-555
319.597,-582
319.63,-494
319.663,-378
319.697,-408
319.73,-526
319.763,-615
319.797,-529
319.83,-468
319.863,-477
319.897,-656
319.93,-786
319.963,-557
319.997,-548
320.03,-284
320.063,-238
320.097,-361
320.13,-567
320.163,-618
320.197,-1063
320.23,-743
320.263,-551
320.297,-661
320.33,-619
320.363,-602
320.397,-568
320.43,-583
320.463,-684
320.497,-1171
320.53,-451
320.563,-921
320.597,-781
320.63,-827
320.663,-775
320.697,-636
320.73,-749
320.763,-781
320.797,-886
320.83,-1080
320.863,-1181
320.897,-1138
320.93,-1107
320.963,-1113
320.997,-1133
321.03,-1207
321.063,-1295
321.097,-1321
321.13,-1313
321.163,-1265
321.197,-1154
321.23,-1006
321.263,-902
321.297,-828
321.33,-768
321.363,-718
321.397,-691
321.43,-701
321.463,-745
321.497,-873
321.53,-1054
321.563,-933
321.597,-1018
321.63,-925
321.663,-1427
321.697,-1305
321.73,-1200
321.763,-924
321.797,-896
321.83,-760
321.863,-712
321.897,-739
321.93,-830
321.963,-933
321.997,-966
322.03,-952
322.063,-926
322.097,-837
322.13,-794
322.163,-776
322.197,-783
322.23,-875
322.263,-963
322.297,-914
322.33,-856
322.363,-856
322.397,-739
322.43,-535
322.463,-411
322.497,-387
322.53,-427
322.563,-526
322.597,-726
322.63,-1033
322.663,-1216
322.697,-1215
322.73,-1066
322.763,-937
322.797,-1083
322.83,-680
322.863,-685
322.897,-835
322.93,-808
322.963,-803
322.997,-747
323.03,-638
323.063,-588
323.097,-601
323.13,-508
323.163,-504
323.197,-507
323.23,-535
323.263,-516
323.297,-446
323.33,-435
323.363,-470
323.397,-504
323.43,-469
323.463,-560
323.497,-426
323.53,-514
323.563,-608
323.597,-542
323.63,-472
323.663,-530
323.697,-579
323.73,-576
323.763,-620
323.797,-682
323.83,-632
323.863,-647
323.897,-646
323.93,-684
323.963,-750
323.997,-794
324.03,-844
324.063,-837
324.097,-897
324.13,-904
324.163,-856
324.197,-760
324.23,-718
324.263,-707
324.297,-702
324.33,-666
324.363,-680
324.397,-656
324.43,-629
324.463,-902
324.497,-1464
324.53,-1216
324.563,-908
324.597,-923
324.63,-851
324.663,-858
324.697,-863
324.73,-808
324.763,-761
324.797,-721
324.83,-813
324.863,-730
324.897,-881
324.93,-814
324.963,-932
324.997,-1008
325.03,-896
325.063,-816
325.097,-806
325.13,-741
325.163,-1054
325.197,-675
325.23,-392
325.263,-344
325.297,-416
325.33,-374
325.363,-397
325.397,-494
325.43,-510
325.463,-475
325.497,-588
325.53,-631
325.563,-507
325.597,-668
325.63,-643
325.663,-604
325.697,-585
325.73,-594
325.763,-642
325.797,-608
325.83,-531
325.863,-506
325.897,-664
325.93,-614
325.963,-659
325.997,-605
326.03,-534
326.063,-1553
326.097,-276
326.13,-556
326.163,-544
326.197,-477
326.23,-531
326.263,-615
326.297,-681
326.33,-707
326.363,-748
326.397,-790
326.43,-834
326.463,-884
326.497,-975
326.53,-1001
326.563,-878
326.597,-977
326.63,-917
326.663,-870
326.697,-866
326.73,-850
326.763,-860
326.797,-901
326.83,-895
326.863,-895
326.897,-911
326.93,-902
326.963,-860
326.997,-796
327.03,-806
327.063,-774
327.097,-693
327.13,-470
327.163,-463
327.197,-622
327.23,-730
327.263,-708
327.297,-612
327.33,-631
327.363,-635
327.397,-683
327.43,-684
327.463,-689
327.497,-673
327.53,-691
327.563,-725
327.597,-702
327.63,-699
327.663,-795
327.697,-820
327.73,-730
327.763,-582
327.797,-429
327.83,-344
327.863,-659
327.897,-658
327.93,-791
327.963,-628
327.997,-728
328.03,-560
328.063,-650
328.097,-661
328.13,-727
328.163,-727
328.197,-733
328.23,-695
328.263,-767
328.297,-832
328.33,-808
328.363,-821
328.397,-855
328.43,-894
328.463,-925
328.497,-920
328.53,-974
328.563,-979
328.597,-1015
328.63,-1018
328.663,-989
328.697,-981
328.73,-844
328.763,-797
328.797,-851
328.83,-849
328.863,-789
328.897,-842
328.93,-897
328.963,-908
328.997,-931
329.03,-943
329.063,-928
329.097,-928
329.13,-944
329.163,-959
329.197,-934
329.23,-925
329.263,-934
329.297,-986
329.33,-972
329.363,-971
329.397,-956
329.43,-983
329.463,-916
329.497,-766
329.53,-785
329.563,-877
329.597,-957
329.63,-918
329.663,-854
329.697,-867
329.73,-856
329.763,-880
329.797,-876
329.83,-844
329.863,-792
329.897,-788
329.93,-891
329.963,-761
329.997,-772
330.03,-796
330.063,-755
330.097,-740
330.13,-736
330.163,-820
330.197,-845
330.23,-748
330.263,-690
330.297,-762
330.33,-647
330.363,-1250
330.397,-1122
330.43,-487
330.463,-490
330.497,-590
330.53,-716
330.563,-589
330.597,-519
330.63,-798
330.663,-817
330.697,-942
330.73,-848
330.763,-702
330.797,-699
330.83,-746
330.863,-852
330.897,-866
330.93,-879
330.963,-777
330.997,-631
331.03,-591
331.063,-622
331.097,-753
331.13,-830
331.163,-852
331.197,-871
331.23,-925
331.263,-999
331.297,-1094
331.33,-917
331.363,-912
331.397,-839
331.43,-804
331.463,-805
331.497,-717
331.53,-564
331.563,-555
331.597,-719
331.63,-754
331.663,-658
331.697,-707
331.73,-762
331.763,-847
331.797,-790
331.83,-789
331.863,-753
331.897,-811
331.93,-870
331.963,-907
331.997,-835
332.03,-734
332.063,-805
332.097,-784
332.13,-676
332.163,-621
332.197,-623
332.23,-737
332.263,-796
332.297,-826
332.33,-983
332.363,-805
332.397,-843
332.43,-963
332.463,-899
332.497,-926
332.53,-805
332.563,-906
332.597,-856
332.63,-870
332.663,-866
332.697,-865
332.73,-901
332.763,-911
332.797,-898
332.83,-922
332.863,-874
332.897,-868
332.93,-932
332.963,-919
332.997,-921
333.03,-943
333.063,-971
333.097,-988
333.13,-980
333.163,-949
333.197,-960
333.23,-970
333.263,-981
333.297,-979
333.33,-972
333.363,-969
333.397,-934
333.43,-929
333.463,-955
333.497,-934
333.53,-919
333.563,-922
333.597,-928
333.63,-941
333.663,-900
333.697,-1035
333.73,-991
333.763,-1027
333.797,-1006
333.83,-951
333.863,-985
333.897,-987
333.93,-929
333.963,-966
333.997,-1006
334.03,-974
334.063,-964
334.097,-931
334.13,-935
334.163,-950
334.197,-939
334.23,-933
334.263,-968
334.297,-998
334.33,-978
334.363,-987
334.397,-1000
334.43,-890
334.463,-931
334.497,-907
334.53,-948
334.563,-914
334.597,-904
334.63,-868
334.663,-902
334.697,-954
334.73,-1020
334.763,-1037
334.797,-992
334.83,-1009
334.863,-1009
334.897,-1049
334.93,-1062
334.963,-1087
334.997,-1103
335.03,-1107
335.063,-1124
335.097,-1111
335.13,-1106
335.163,-1096
335.197,-1065
335.23,-1082
335.263,-996
335.297,-865
335.33,-856
335.363,-820
335.397,-747
335.43,-718
335.463,-713
335.497,-668
335.53,-668
335.563,-727
335.597,-836
335.63,-923
335.663,-937
335.697,-881
335.73,-848
335.763,-876
335.797,-971
335.83,-1021
335.863,-896
335.897,-856
335.93,-845
335.963,-811
335.997,-761
336.03,-741
336.063,-757
336.097,-752
336.13,-769
336.163,-811
336.197,-831
336.23,-802
336.263,-772
336.297,-762
336.33,-803
336.363,-884
336.397,-925
336.43,-891
336.463,-867
336.497,-826
336.53,-813
336.563,-852
336.597,-807
336.63,-694
336.663,-667
336.697,-626
336.73,-562
336.763,-472
336.797,-352
336.83,-317
336.863,-272
336.897,-277
336.93,-307
336.963,-318
336.997,-327
337.03,-325
337.063,-321
337.097,-301
337.13,-299
337.163,-325
337.197,-403
337.23,-487
337.263,-505
337.297,-440
337.33,-427
337.363,-467
337.397,-482
337.43,-487
337.463,-477
337.497,-476
337.53,-509
337.563,-542
337.597,-549
337.63,-540
337.663,-549
337.697,-528
337.73,-491
337.763,-433
337.797,-385
337.83,-396
337.863,-384
337.897,-363
337.93,-393
337.963,-434
337.997,-484
338.03,-485
338.063,-459
338.097,-427
338.13,-410
338.163,-391
338.197,-371
338.23,-348
338.263,-315
338.297,-288
338.33,-280
338.363,-289
338.397,-289
338.43,-280
338.463,-267
338.497,-256
338.53,-273
338.563,-264
338.597,-288
338.63,-197
338.663,-246
338.697,-270
338.73,-259
338.763,-327
338.797,-294
338.83,-283
338.863,-255
338.897,-232
338.93,-207
338.963,-177
338.997,-217
339.03,-235
339.063,-62
339.097,-117
339.13,-78
339.163,-145
339.197,-67
339.23,-130
339.263,-120
339.297,-196
339.33,-266
339.363,-127
339.397,-211
339.43,-227
339.463,-170
339.497,-198
339.53,-196
339.563,-219
339.597,-220
339.63,-120
339.663,-149
339.697,-171
339.73,-171
339.763,-154
339.797,-114
339.83,-108
339.863,-153
339.897,-130
339.93,-80
339.963,-161
339.997,-93
340.03,-124
340.063,-96
340.097,-150
340.13,-165
340.163,-82
340.197,-118
340.23,-113
340.263,-90
340.297,-109
340.33,-121
340.363,-158
340.397,-159
340.43,-102
340.463,-124
340.497,-122
340.53,-139
340.563,-84
340.597,-99
340.63,-121
340.663,-122
340.697,-111
340.73,-55
340.763,-88
340.797,-41
340.83,-77
340.863,4
340.897,-44
340.93,-42
340.963,-73
340.997,-81
341.03,-52
341.063,-18
341.097,107
341.13,-99
341.163,-64
341.197,-183
341.23,-121
341.263,-80
341.297,5
341.33,-83
341.363,-56
341.397,-146
341.43,-62
341.463,-14
341.497,-15
341.53,-119
341.563,-89
341.597,-40
341.63,-70
341.663,12
341.697,-36
341.73,-7
341.763,-37
341.797,-37
341.83,-80
341.863,-42
341.897,-66
341.93,-63
341.963,-30
341.997,-30
342.03,-37
342.063,-31
342.097,-17
342.13,-47
342.163,-46
342.197,-55
342.23,-2
342.263,-3
342.297,14
342.33,8
342.363,-51
342.397,6
342.43,-49
342.463,-11
342.497,-29
342.53,14
342.563,37
342.597,36
342.63,-12
342.663,12
342.697,-22
342.73,52
342.763,36
342.797,14
342.83,15
342.863,21
342.897,46
342.93,31
342.963,102
342.997,55
343.03,55
343.063,59
343.097,8
343.13,13
343.163,94
343.197,98
343.23,87
343.263,86
343.297,39
343.33,24
343.363,41
343.397,138
343.43,93
343.463,98
343.497,85
343.53,68
343.563,47
343.597,18
343.63,-6
343.663,78
343.697,112
343.73,40
343.763,135
343.797,69
343.83,-6
343.863,-48
343.897,-12
343.93,42
343.963,97
343.997,-55
344.03,63
344.063,-6
344.097,23
344.13,-13
344.163,17
344.197,24
344.23,-14
344.263,-16
344.297,-64
344.33,-47
344.363,-109
344.397,66
344.43,76
344.463,19
344.497,68
344.53,-20
344.563,11
344.597,-24
344.63,1
344.663,-55
344.697,15
344.73,77
344.763,17
344.797,15
344.83,61
344.863,-57
344.897,62
344.93,-5
344.963,53
344.997,169
345.03,22
345.063,133
345.097,30
345.13,-16
345.163,-39
345.197,32
345.23,56
345.263,103
345.297,22
345.33,64
345.363,-12
345.397,2
345.43,30
345.463,35
345.497,88
345.53,15
345.563,50
345.597,77
345.63,70
345.663,27
345.697,16
345.73,16
345.763,69
345.797,78
345.83,84
345.863,68
345.897,45
345.93,3
345.963,69
345.997,68
346.03,147
346.063,91
346.097,115
346.13,85
346.163,235
346.197,-2
346.23,28
346.263,73
346.297,98
346.33,65
346.363,103
346.397,75
346.43,74
346.463,42
346.497,37
346.53,71
346.563,53
346.597,40
346.63,25
346.663,-11
346.697,-62
346.73,26
346.763,5
346.797,62
346.83,-40
346.863,9
346.897,-136
346.93,62
346.963,55
346.997,-22
347.03,-84
347.063,-33
347.097,-52
347.13,-40
347.163,12
347.197,52
347.23,96
347.263,268
347.297,188
347.33,244
347.363,351
347.397,281
347.43,-254
347.463,328
347.497,196
347.53,252
347.563,151
347.597,154
347.63,269
347.663,218
347.697,250
347.73,277
347.763,293
347.797,290
347.83,220
347.863,240
347.897,198
347.93,156
347.963,154
347.997,227
348.03,314
348.063,398
348.097,272
348.13,286
348.163,220
348.197,210
348.23,167
348.263,168
348.297,157
348.33,153
348.363,120
348.397,251
348.43,175
348.463,210
348.497,180
348.53,188
348.563,202
348.597,202
348.63,252
348.663,150
348.697,188
348.73,204
348.763,154
348.797,118
348.83,116
348.863,104
348.897,74
348.93,23
348.963,142
348.997,151
349.03,60
349.063,141
349.097,89
349.13,107
349.163,250
349.197,111
349.23,64
349.263,96
349.297,175
349.33,141
349.363,90
349.397,50
349.43,45
349.463,89
349.497,51
349.53,140
349.563,33
349.597,69
349.63,62
349.663,20
349.697,33
349.73,125
349.763,53
349.797,8
349.83,-13
349.863,22
349.897,15
349.93,94
349.963,58
349.997,15
350.03,110
350.063,38
350.096,81
350.13,122
350.163,68
350.196,-7
350.23,29
350.263,-40
350.296,30
350.33,64
350.363,53
350.396,36
350.43,81
350.463,80
350.496,55
350.53,68
350.563,73
350.596,87
350.63,71
350.663,82
350.696,66
350.73,51
350.763,62
350.796,65
350.83,85
350.863,74
350.896,75
350.93,90
350.963,78
350.996,75
351.03,83
351.063,83
351.096,70
351.13,72
351.163,86
351.196,71
351.23,71
351.263,97
351.296,116
351.33,99
351.363,41
351.396,53
351.43,53
351.463,55
351.496,38
351.53,74
351.563,93
351.596,86
351.63,39
351.663,63
351.696,61
351.73,67
351.763,71
351.796,76
351.83,84
351.863,97
351.896,104
351.93,84
351.963,58
351.996,51
352.03,86
352.063,62
352.096,103
352.13,99
352.163,77
352.196,73
352.23,62
352.263,74
352.296,87
352.33,87
352.363,119
352.396,59
352.43,1
352.463,-16
352.496,-55
352.53,-96
352.563,-95
352.596,-82
352.63,-73
352.663,-113
352.696,-127
352.73,-136
352.763,-129
352.796,-155
352.83,-139
352.863,-123
352.896,-132
352.93,-117
352.963,-101
352.996,-98
353.03,-123
353.063,-113
353.096,-77
353.13,-112
353.163,-73
353.196,-46
353.23,-6
353.263,-33
353.296,-75
353.33,-65
353.363,-56
353.396,-80
353.43,-87
353.463,11
353.496,-25
353.53,-45
353.563,-56
353.596,-69
353.63,-77
353.663,-47
353.696,-24
353.73,-48
353.763,-26
353.796,-9
353.83,48
353.863,-30
353.896,-36
353.93,-30
353.963,-66
353.996,-52
354.03,-34
354.063,61
354.096,145
354.13,26
354.163,84
354.196,-23
354.23,-22
354.263,-99
354.296,-59
354.33,-30
354.363,36
354.396,-38
354.43,34
354.463,-76
354.496,44
354.53,1
354.563,8
354.596,-8
354.63,-17
354.663,61
354.696,14
354.73,30
354.763,26
354.796,108
354.83,-100
354.863,-68
354.896,-2
354.93,-60
354.963,41
354.996,12
355.03,-3
355.063,4
355.096,-18
355.13,-49
355.163,-30
355.196,36
355.23,-97
355.263,-12
355.296,22
355.33,0
355.363,32
355.396,-3
355.43,-31
355.463,-23
355.496,-31
355.53,-13
355.563,-52
355.596,22
355.63,-15
355.663,-38
355.696,3
355.73,-75
355.763,45
355.796,0
355.83,-77
355.863,5
355.896,-19
355.93,1
355.963,59
355.996,-48
356.03,-61
356.063,-15
356.096,-52
356.13,-70
356.163,-15
356.196,-60
356.23,-78
356.263,-25
356.296,-22
356.33,-53
356.363,4
356.396,-67
356.43,-103
356.463,-105
356.496,-76
356.53,-100
356.563,-94
356.596,-63
356.63,-174
356.663,-129
356.696,-208
356.73,-78
356.763,-132
356.796,-122
356.83,-248
356.863,-281
356.896,-356
356.93,-255
356.963,-294
356.996,-435
357.03,-220
357.063,12
357.096,-165
357.13,-203
357.163,-254
357.196,-161
357.23,-192
357.263,-235
357.296,-430
357.33,-295
357.363,-399
357.396,-206
357.43,-177
357.463,-246
357.496,-257
357.53,-257
357.563,-303
357.596,-292
357.63,-360
357.663,-243
357.696,-249
357.73,-355
357.763,-421
357.796,-344
357.83,-313
357.863,-302
357.896,-122
357.93,-238
357.963,-197
357.996,-172
358.03,-102
358.063,-47
358.096,-119
358.13,-83
358.163,-68
358.196,-155
358.23,-184
358.263,-245
358.296,-206
358.33,-214
358.363,-172
358.396,-135
358.43,-126
358.463,-118
358.496,-156
358.53,-168
358.563,-122
358.596,-168
358.63,-148
358.663,-122
358.696,-124
358.73,-194
358.763,-206
358.796,-188
358.83,-198
358.863,-188
358.896,-176
358.93,-176
358.963,-182
358.996,-169
359.03,-179
359.063,-162
359.096,-174
359.13,-171
359.163,-162
359.196,-174
359.23,-158
359.263,-162
359.296,-174
359.33,-170
359.363,-184
359.396,-192
359.43,-218
359.463,-187
359.496,-208
359.53,-185
359.563,-179
359.596,-188
359.63,-196
359.663,-178
359.696,-180
359.73,-172
359.763,-175
359.796,-120
359.83,-171
359.863,-171
359.896,-149
359.93,-139
359.963,-113
359.996,-102
360.03,-114
360.063,-92
360.096,-74
360.13,-47
360.163,-60
360.196,-39
360.23,-48
360.263,-45
360.296,-40
360.33,-68
360.363,-50
360.396,-57
360.43,-52
360.463,-33
360.496,-34
360.53,-48
360.563,-27
360.596,-72
360.63,-70
360.663,-56
360.696,-16
360.73,-32
360.763,-25
360.796,-5
360.83,-31
360.863,-51
360.896,34
360.93,-20
360.963,-31
360.996,15
361.03,-16
361.063,-40
361.096,-65
361.13,-34
361.163,-43
361.196,-24
361.23,-47
361.263,-42
361.296,-39
361.33,-34
361.363,-36
361.396,-26
361.43,-23
361.463,-21
361.496,-5
361.53,-23
361.563,-22
361.596,-28
361.63,-25
361.663,-16
361.696,-16
361.73,-12
361.763,-43
361.796,-76
361.83,-62
361.863,-26
361.896,-26
361.93,-75
361.963,-71
361.996,-132
362.03,-98
362.063,-91
362.096,-75
362.13,-54
362.163,-76
362.196,-67
362.23,-50
362.263,-37
362.296,-34
362.33,-78
362.363,-64
362.396,-62
362.43,-92
362.463,-71
362.496,-133
362.53,-143
362.563,-150
362.596,-154
362.63,-156
362.663,-149
362.696,-157
362.73,-189
362.763,-237
362.796,-219
362.83,-156
362.863,-91
362.896,-102
362.93,-165
362.963,-203
362.996,-205
363.03,-159
363.063,-119
363.096,-136
363.13,-167
363.163,-178
363.196,-168
363.23,-157
363.263,-129
363.296,-105
363.33,-112
363.363,-109
363.396,-106
363.43,-89
363.463,-80
363.496,-71
363.53,-60
363.563,6
363.596,7
363.63,30
363.663,97
363.696,118
363.73,142
363.763,91
363.796,162
363.83,222
363.863,325
363.896,359
363.93,291
363.963,307
363.996,357
364.03,401
364.063,442
364.096,492
364.13,547
364.163,558
364.196,552
364.23,565
364.263,553
364.296,543
364.33,517
364.363,502
364.396,518
364.43,514
364.463,505
364.496,505
364.53,470
364.563,461
364.596,464
364.63,481
364.663,463
364.696,473
364.73,425
364.763,429
364.796,385
364.83,389
364.863,418
364.896,389
364.93,394
364.963,378
364.996,427
365.03,411
365.063,394
365.096,355
365.13,359
365.163,290
365.196,328
365.23,315
365.263,307
365.296,312
365.33,284
365.363,256
365.396,254
365.43,172
365.463,142
365.496,105
365.53,82
365.563,94
365.596,75
365.63,79
365.663,123
365.696,132
365.73,109
365.763,62
365.796,38
365.83,48
365.863,56
365.896,43
365.93,42
365.963,44
365.996,39
366.03,46
366.063,43
366.096,40
366.13,36
366.163,43
366.196,45
366.23,38
366.263,32
366.296,30
366.33,25
366.363,16
366.396,9
366.43,12
366.463,8
366.496,9
366.53,7
366.563,-3
366.596,-7
366.63,-3
366.663,-3
366.696,-7
366.73,-13
366.763,-7
366.796,-14
366.83,-1
366.863,-20
366.896,-57
366.93,23
366.963,33
366.996,-6
367.03,-8
367.063,-27
367.096,-28
367.13,24
367.163,19
367.196,-18
367.23,-63
367.263,-50
367.296,-75
367.33,-8
367.363,-29
367.396,-9
367.43,-79
367.463,-31
367.496,-66
367.53,-36
367.563,-85
367.596,-23
367.63,-48
367.663,-46
367.696,-70
367.73,-78
367.763,-56
367.796,-97
367.83,-69
367.863,-78
367.896,-34
367.93,-44
367.963,-66
367.996,-71
368.03,-55
368.063,-58
368.096,-59
368.13,-60
368.163,-60
368.196,-73
368.23,-72
368.263,-65
368.296,-60
368.33,-53
368.363,-61
368.396,-60
368.43,-75
368.463,-74
368.496,-67
368.53,-63
368.563,-58
368.596,-57
368.63,-54
368.663,-55
368.696,-59
368.73,-54
368.763,-60
368.796,-55
368.83,-56
368.863,-59
368.896,-62
368.93,-76
368.963,-124
368.996,-187
369.03,-255
369.063,-306
369.096,-380
369.13,-420
369.163,-495
369.196,-585
369.23,-728
369.263,-858
369.296,-937
369.33,-970
369.363,-971
369.396,-923
369.43,-880
369.463,-842
369.496,-776
369.53,-749
369.563,-753
369.596,-779
369.63,-787
369.663,-803
369.696,-812
369.73,-798
369.763,-806
369.796,-802
369.83,-805
369.863,-804
369.896,-812
369.93,-819
369.963,-827
369.996,-798
370.03,-774
370.063,-810
370.096,-829
370.13,-815
370.163,-826
370.196,-845
370.23,-830
370.263,-829
370.296,-813
370.33,-789
370.363,-772
370.396,-774
370.43,-810
370.463,-843
370.496,-806
370.53,-740
370.563,-665
370.596,-598
370.63,-550
370.663,-533
370.696,-535
370.73,-489
370.763,-340
370.796,-301
370.83,-339
370.863,-399
370.896,-464
370.93,-522
370.963,-554
370.996,-525
371.03,-429
371.063,-363
371.096,-332
371.13,-338
371.163,-315
371.196,-260
371.23,-193
371.263,-155
371.296,-147
371.33,-151
371.363,-185
371.396,-231
371.43,-259
371.463,-257
371.496,-261
371.53,-264
371.563,-286
371.596,-313
371.63,-347
371.663,-400
371.696,-463
371.73,-483
371.763,-517
371.796,-555
371.83,-580
371.863,-672
371.896,-735
371.93,-805
371.963,-901
371.996,-970
372.03,-976
372.063,-977
372.096,-959
372.13,-944
372.163,-889
372.196,-844
372.23,-815
372.263,-812
372.296,-830
372.33,-842
372.363,-852
372.396,-878
372.43,-908
372.463,-913
372.496,-914
372.53,-899
372.563,-867
372.596,-841
372.63,-806
372.663,-777
372.696,-778
372.73,-797
372.763,-802
372.796,-823
372.83,-862
372.863,-904
372.896,-941
372.93,-951
372.963,-949
372.996,-921
373.03,-865
373.063,-831
373.096,-838
373.13,-874
373.163,-901
373.196,-932
373.23,-943
373.263,-974
373.296,-990
373.33,-972
373.363,-943
373.396,-924
373.43,-915
373.463,-842
373.496,-788
373.53,-793
373.563,-857
373.596,-894
373.63,-919
373.663,-920
373.696,-923
373.73,-905
373.763,-883
373.796,-870
373.83,-871
373.863,-867
373.896,-889
373.93,-934
373.963,-951
373.996,-972
374.03,-958
374.063,-946
374.096,-970
374.13,-1056
374.163,-1055
374.196,-957
374.23,-805
374.263,-706
374.296,-641
374.33,-593
374.363,-638
374.396,-727
374.43,-846
374.463,-896
374.496,-902
374.53,-878
374.563,-813
374.596,-776
374.63,-753
374.663,-756
374.696,-771
374.73,-808
374.763,-830
374.796,-838
374.83,-831
374.863,-817
374.896,-875
374.93,-1048
374.963,-1218
374.996,-1001
375.03,-772
375.063,-733
375.096,-790
375.13,-816
375.163,-825
375.196,-844
375.23,-758
375.263,-697
375.296,-723
375.33,-862
375.363,-1012
375.396,-1073
375.43,-1104
375.463,-982
375.496,-923
375.53,-930
375.563,-934
375.596,-974
375.63,-1051
375.663,-988
375.696,-985
375.73,-1010
375.763,-1019
375.796,-1008
375.83,-1019
375.863,-907
375.896,-793
375.93,-730
375.963,-729
375.996,-823
376.03,-900
376.063,-909
376.096,-964
376.13,-909
376.163,-831
376.196,-783
376.23,-783
376.263,-821
376.296,-820
376.33,-805
376.363,-797
376.396,-779
376.43,-768
376.463,-728
376.496,-684
376.53,-695
376.563,-738
376.596,-825
376.63,-1022
376.663,-1178
376.696,-1297
376.73,-1219
376.763,-989
376.796,-895
376.83,-941
376.863,-906
376.896,-754
376.93,-593
376.963,-541
376.996,-485
377.03,-489
377.063,-599
377.096,-731
377.13,-801
377.163,-812
377.196,-839
377.23,-930
377.263,-1058
377.296,-1049
377.33,-1116
377.363,-1157
377.396,-1130
377.43,-1031
377.463,-1147
377.496,-1307
377.53,-1313
377.563,-1089
377.596,-902
377.63,-788
377.663,-741
377.696,-745
377.73,-749
377.763,-705
377.796,-711
377.83,-726
377.863,-682
377.896,-584
377.93,-569
377.963,-483
377.996,-551
378.03,-644
378.063,-631
378.096,-487
378.13,-399
378.163,-341
378.196,-321
378.23,-269
378.263,-105
378.296,73
378.33,207
378.363,305
378.396,301
378.43,207
378.463,92
378.496,-37
378.53,-165
378.563,-238
378.596,-1246
378.63,-914
378.663,-268
378.696,325
378.73,262
378.763,87
378.796,50
378.83,30
378.863,91
378.896,47
378.93,57
378.963,162
378.996,172
379.03,206
379.063,139
379.096,76
379.13,45
379.163,80
379.196,183
379.23,75
379.263,72
379.296,132
379.33,158
379.363,171
379.396,159
379.43,129
379.463,129
379.496,27
379.53,-1
379.563,86
379.596,204
379.63,153
379.663,35
379.696,45
379.73,114
379.763,225
379.796,265
379.83,17
379.863,-72
379.896,-67
379.93,3
379.963,36
379.996,55
380.03,148
380.063,76
380.096,-140
380.13,-202
380.163,-163
380.196,-346
380.23,-161
380.263,-138
380.296,-271
380.33,-265
380.363,-317
380.396,-257
380.43,-679
380.463,-103
380.496,230
380.53,-383
380.563,96
380.596,181
380.63,-282
380.663,101
380.696,-736
380.73,-652
380.763,-205
380.796,-133
380.83,-175
380.863,-522
380.896,-618
380.93,-474
380.963,-388
380.996,-484
381.03,-356
381.063,-522
381.096,-654
381.13,-891
381.163,-872
381.196,-936
381.23,-1115
381.263,-1094
381.296,-1022
381.33,-1125
381.363,-805
381.396,-793
381.43,-776
381.463,-772
381.496,-887
381.53,-949
381.563,-949
381.596,-897
381.63,-903
381.663,-882
381.696,-866
381.73,-868
381.763,-889
381.796,-868
381.83,-845
381.863,-839
381.896,-864
381.93,-880
381.963,-831
381.996,-771
382.03,-913
382.063,-912
382.096,-855
382.13,-820
382.163,-720
382.196,-606
382.23,-432
382.263,-253
382.296,-256
382.33,-165
382.363,-146
382.396,-718
382.43,-799
382.463,-530
382.496,-269
382.53,-887
382.563,-220
382.596,571
382.63,44
382.663,-739
382.696,-220
382.73,-76
382.763,51
382.796,-134
382.83,-85
382.863,15
382.896,-5
382.93,-16
382.963,52
382.996,129
383.03,155
383.063,162
383.096,230
383.13,293
383.163,286
383.196,340
383.23,324
383.263,304
383.296,280
383.33,292
383.363,261
383.396,300
383.429,290
383.463,271
383.496,307
383.529,450
383.563,528
383.596,563
383.629,382
383.663,227
383.696,273
383.729,-16
383.763,251
383.796,416
383.829,169
383.863,38
383.896,210
383.929,282
383.963,227
383.996,216
384.029,235
384.063,226
384.096,102
384.129,101
384.163,190
384.196,215
384.229,124
384.263,159
384.296,242
384.329,150
384.363,100
384.396,-45
384.429,-232
384.463,-419
384.496,-441
384.529,-443
384.563,-468
384.596,-501
384.629,-545
384.663,-506
384.696,-510
384.729,-881
384.763,-951
384.796,-1233
384.829,-1120
384.863,-868
384.896,-527
384.929,-289
384.963,-104
384.996,-97
385.029,-134
385.063,-201
385.096,-181
385.129,-101
385.163,-106
385.196,-130
385.229,-160
385.263,-200
385.296,-240
385.329,-303
385.363,-401
385.396,-535
385.429,-718
385.463,-890
385.496,-986
385.529,-1290
385.563,-1753
385.596,-1760
385.629,-1423
385.663,-1036
385.696,-795
385.729,-693
385.763,-713
385.796,-695
385.829,-669
385.863,-672
385.896,-722
385.929,-766
385.963,-932
385.996,-1055
386.029,-1074
386.063,-1139
386.096,-1128
386.129,-1080
386.163,-1076
386.196,-1316
386.229,-1435
386.263,-1300
386.296,-1067
386.329,-880
386.363,-757
386.396,-681
386.429,-662
386.463,-665
386.496,-729
386.529,-779
386.563,-776
386.596,-668
386.629,-653
386.663,-627
386.696,-601
386.729,-802
386.763,-1260
386.796,-1223
386.829,-1008
386.863,-796
386.896,-618
386.929,-438
386.963,-291
386.996,-243
387.029,-300
387.063,-372
387.096,-596
387.129,-1027
387.163,-1052
387.196,-815
387.229,-815
387.263,-710
387.296,-769
387.329,-816
387.363,-1118
387.396,-1178
387.429,-946
387.463,-752
387.496,-676
387.529,-650
387.563,-655
387.596,-680
387.629,-765
387.663,-850
387.696,-817
387.729,-683
387.763,-473
387.796,-318
387.829,-323
387.863,-332
387.896,-658
387.929,-1057
387.963,-951
387.996,-619
388.029,-285
388.063,-27
388.096,-846
388.129,-725
388.163,521
388.196,294
388.229,308
388.263,175
388.296,230
388.329,331
388.363,266
388.396,268
388.429,282
388.463,297
388.496,279
388.529,270
388.563,260
388.596,281
388.629,272
388.663,262
388.696,260
388.729,253
388.763,267
388.796,234
388.829,241
388.863,283
388.896,267
388.929,286
388.963,333
388.996,284
389.029,270
389.063,307
389.096,369
389.129,353
389.163,293
389.196,293
389.229,286
389.263,247
389.296,204
389.329,218
389.363,227
389.396,196
389.429,175
389.463,145
389.496,-153
389.529,-65
389.563,25
389.596,-46
389.629,-136
389.663,-36
389.696,-164
389.729,-237
389.763,-215
389.796,-158
389.829,-141
389.863,-154
389.896,-224
389.929,-167
389.963,-195
389.996,-204
390.029,-224
390.063,-214
390.096,-321
390.129,-211
390.163,198
390.196,-72
390.229,-658
390.263,45
390.296,191
390.329,237
390.363,350
390.396,-325
390.429,233
390.463,-113
390.496,-682
390.529,-361
390.563,-116
390.596,-196
390.629,-146
390.663,-168
390.696,-200
390.729,-338
390.763,-491
390.796,-479
390.829,-401
390.863,-395
390.896,-291
390.929,-376
390.963,-444
390.996,-849
391.029,-1409
391.063,-1112
391.096,-1428
391.129,-1389
391.163,-1134
391.196,-1794
391.229,-794
391.263,-914
391.296,-806
391.329,-798
391.363,-978
391.396,-1161
391.429,-1122
391.463,-994
391.496,-989
391.529,-993
391.563,-992
391.596,-1100
391.629,-1040
391.663,-935
391.696,-938
391.729,-1013
391.763,-1045
391.796,-1047
391.829,-878
391.863,-812
391.896,-709
391.929,-572
391.963,-505
391.996,-264
392.029,79
392.063,237
392.096,216
392.129,120
392.163,-257
392.196,-651
392.229,-760
392.263,-238
392.296,509
392.329,-1339
392.363,-739
392.396,1008
392.429,355
392.463,370
392.496,-945
392.529,-131
392.563,221
392.596,357
392.629,-201
392.663,-93
392.696,8
392.729,-86
392.763,-419
392.796,-213
392.829,-272
392.863,-156
392.896,123
392.929,190
392.963,170
392.996,162
393.029,333
393.063,246
393.096,273
393.129,282
393.163,224
393.196,207
393.229,234
393.263,227
393.296,195
393.329,170
393.363,152
393.396,213
393.429,168
393.463,-171
393.496,-352
393.529,-366
393.563,-155
393.596,-15
393.629,-84
393.663,-129
393.696,-186
393.729,-194
393.763,-170
393.796,-172
393.829,-170
393.863,-134
393.896,-62
393.929,-16
393.963,-28
393.996,-73
394.029,-106
394.063,-99
394.096,-95
394.129,-28
394.163,-9
394.196,-4
394.229,-3
394.263,-16
394.296,26
394.329,52
394.363,47
394.396,38
394.429,32
394.463,67
394.496,60
394.529,20
394.563,13
394.596,-22
394.629,-69
394.663,-92
394.696,-127
394.729,-83
394.763,-226
394.796,-330
394.829,-397
394.863,-412
394.896,-642
394.929,-1293
394.963,-1471
394.996,-1454
395.029,-1837
395.063,-1847
395.096,-1679
395.129,-1630
395.163,-1514
395.196,-1174
395.229,-916
395.263,-854
395.296,-844
395.329,-672
395.363,-513
395.396,-475
395.429,-546
395.463,-699
395.496,-853
395.529,-1324
395.563,-1738
395.596,-1867
395.629,-1106
395.663,-1091
395.696,-1214
395.729,-1230
395.763,-1006
395.796,-759
395.829,-606
395.863,-535
395.896,-503
395.929,-523
395.963,-594
395.996,-711
396.029,-902
396.063,-1117
396.096,-1208
396.129,-1216
396.163,-1226
396.196,-1217
396.229,-1013
396.263,-1258
396.296,-1247
396.329,-921
396.363,-634
396.396,-438
396.429,-357
396.463,-356
396.496,-419
396.529,-558
396.563,-688
396.596,-787
396.629,-1032
396.663,-1330
396.696,-1422
396.729,-1335
396.763,-1301
396.796,-1143
396.829,-1253
396.863,-1239
396.896,-1112
396.929,-919
396.963,-730
396.996,-603
397.029,-550
397.063,-565
397.096,-617
397.129,-693
397.163,-778
397.196,-929
397.229,-1072
397.263,-955
397.296,-1127
397.329,-1142
397.363,-956
397.396,-900
397.429,-1226
397.463,-1184
397.496,-942
397.529,-753
397.563,-674
397.596,-645
397.629,-604
397.663,-622
397.696,-676
397.729,-688
397.763,-677
397.796,-743
397.829,-939
397.863,-1147
397.896,-1310
397.929,-1219
397.963,-921
397.996,-1039
398.029,-1250
398.063,-1196
398.096,-1108
398.129,-925
398.163,-776
398.196,-662
398.229,-620
398.263,-617
398.296,-642
398.329,-810
398.363,-825
398.396,-762
398.429,-563
398.463,-658
398.496,-577
398.529,-386
398.563,-291
398.596,-239
398.629,-297
398.663,-350
398.696,-435
398.729,-329
398.763,-305
398.796,-156
398.829,-476
398.863,-320
398.896,-393
398.929,-497
398.963,-421
398.996,-276
399.029,-162
399.063,-221
399.096,-266
399.129,-447
399.163,-702
399.196,-755
399.229,-591
399.263,-699
399.296,-805
399.329,-710
399.363,-598
399.396,-627
399.429,-694
399.463,-693
399.496,-626
399.529,-610
399.563,-614
399.596,-461
399.629,-378
399.663,-315
399.696,-256
399.729,-231
399.763,-228
399.796,-220
399.829,-260
399.863,-268
399.896,-230
399.929,-245
399.963,-239
399.996,-205
400.029,-212
400.063,-281
400.096,-368
400.129,-366
400.163,-298
400.196,-176
400.229,-213
400.263,-216
400.296,-725
400.329,-920
400.363,-674
400.396,-579
400.429,-662
400.463,-372
400.496,-120
400.529,-330
400.563,-318
400.596,-334
400.629,-363
400.663,-405
400.696,-444
400.729,-666
400.763,-1470
400.796,-1803
400.829,-1496
400.863,-1162
400.896,-1648
400.929,-1048
400.963,-1178
400.996,-882
401.029,-932
401.063,-835
401.096,-695
401.129,-823
401.163,-962
401.196,-1081
401.229,-1007
401.263,-1055
401.296,-1039
401.329,-960
401.363,-892
401.396,-922
401.429,-1004
401.463,-1036
401.496,-1046
401.529,-1043
401.563,-1023
401.596,-970
401.629,-951
401.663,-872
401.696,-900
401.729,-885
401.763,-876
401.796,-875
401.829,-874
401.863,-887
401.896,-914
401.929,-921
401.963,-906
401.996,-904
402.029,-913
402.063,-928
402.096,-888
402.129,-817
402.163,-1048
402.196,-1363
402.229,-1285
402.263,-1074
402.296,-863
402.329,-822
402.363,-905
402.396,-1000
402.429,-1003
402.463,-939
402.496,-878
402.529,-853
402.563,-849
402.596,-891
402.629,-921
402.663,-894
402.696,-834
402.729,-769
402.763,-808
402.796,-865
402.829,-1029
402.863,-1121
402.896,-1035
402.929,-1019
402.963,-914
402.996,-931
403.029,-958
403.063,-1007
403.096,-1005
403.129,-932
403.163,-902
403.196,-925
403.229,-972
403.263,-966
403.296,-970
403.329,-980
403.363,-984
403.396,-1033
403.429,-1064
403.463,-1091
403.496,-1253
403.529,-1255
403.563,-1347
403.596,-1305
403.629,-1041
403.663,-964
403.696,-912
403.729,-810
403.763,-699
403.796,-649
403.829,-612
403.863,-597
403.896,-638
403.929,-649
403.963,-573
403.996,-464
404.029,-394
404.063,-370
404.096,-376
404.129,-464
404.163,-585
404.196,-963
404.229,-699
404.263,-829
404.296,-726
404.329,-641
404.363,-563
404.396,-439
404.429,-372
404.463,-334
404.496,-285
404.529,-292
404.563,-309
404.596,-362
404.629,-399
404.663,-467
404.696,-844
404.729,-1389
404.763,-1675
404.796,-1847
404.829,-1808
404.863,-1370
404.896,-1399
404.929,-1134
404.963,-980
404.996,-791
405.029,-605
405.063,-261
405.096,-22
405.129,20
405.163,-286
405.196,-485
405.229,-477
405.263,-451
405.296,-651
405.329,-1008
405.363,-1420
405.396,-1849
405.429,-1724
405.463,-1682
405.496,-1589
405.529,-1396
405.563,-1008
405.596,-603
405.629,-327
405.663,236
405.696,220
405.729,125
405.763,111
405.796,-128
405.829,-254
405.863,-480
405.896,-1157
405.929,-1812
405.963,-907
405.996,-1070
406.029,-1266
406.063,-1310
406.096,-1224
406.129,-1385
406.163,-1459
406.196,-1443
406.229,-1394
406.263,-1296
406.296,-1195
406.329,-1047
406.363,-1021
406.396,-817
406.429,-768
406.463,-721
406.496,-692
406.529,-692
406.563,-687
406.596,-883
406.629,-1147
406.663,-920
406.696,-885
406.729,-793
406.763,-655
406.796,-750
406.829,-694
406.863,-563
406.896,-514
406.929,-439
406.963,-653
406.996,-884
407.029,-934
407.063,-721
407.096,-397
407.129,-207
407.163,-278
407.196,-421
407.229,-555
407.263,-651
407.296,-1186
407.329,-1375
407.363,-977
407.396,-1036
407.429,-1110
407.463,-1185
407.496,-1229
407.529,-1258
407.563,-1278
407.596,-1127
407.629,-1004
407.663,-882
407.696,-681
407.729,-566
407.763,-616
407.796,-674
407.829,-708
407.863,-699
407.896,-709
407.929,-661
407.963,-584
407.996,-358
408.029,-277
408.063,-302
408.096,-243
408.129,-234
408.163,-507
408.196,-836
408.229,-824
408.263,-896
408.296,-944
408.329,-880
408.363,-937
408.396,-938
408.429,-911
408.463,-834
408.496,-697
408.529,-554
408.563,-538
408.596,-548
408.629,-646
408.663,-962
408.696,-1225
408.729,-1107
408.763,-1100
408.796,-1001
408.829,-778
408.863,-828
408.896,-773
408.929,-753
408.963,-798
408.996,-1011
409.029,-861
409.063,-897
409.096,-989
409.129,-1073
409.163,-1071
409.196,-930
409.229,-816
409.263,-885
409.296,-972
409.329,-1032
409.363,-1017
409.396,-969
409.429,-971
409.463,-978
409.496,-970
409.529,-955
409.563,-953
409.596,-956
409.629,-932
409.663,-929
409.696,-946
409.729,-931
409.763,-847
409.796,-850
409.829,-921
409.863,-954
409.896,-949
409.929,-880
409.963,-851
409.996,-766
410.029,-768
410.063,-742
410.096,-666
410.129,-603
410.163,-586
410.196,-520
410.229,-554
410.263,-582
410.296,-599
410.329,-606
410.363,-606
410.396,-634
410.429,-651
410.463,-657
410.496,-632
410.529,-628
410.563,-662
410.596,-609
410.629,-544
410.663,-548
410.696,-513
410.729,-555
410.763,-546
410.796,-543
410.829,-529
410.863,-563
410.896,-560
410.929,-551
410.963,-517
410.996,-509
411.029,-589
411.063,-585
411.096,-642
411.129,-660
411.163,-688
411.196,-693
411.229,-666
411.263,-587
411.296,-580
411.329,-529
411.363,-412
411.396,-362
411.429,-210
411.463,-89
411.496,4
411.529,125
411.563,177
411.596,206
411.629,297
411.663,334
411.696,378
411.729,454
411.763,492
411.796,517
411.829,552
411.863,578
411.896,578
411.929,598
411.963,632
411.996,664
412.029,692
412.063,709
412.096,733
412.129,746
412.163,758
412.196,771
412.229,763
412.263,778
412.296,784
412.329,778
412.363,781
412.396,788
412.429,802
412.463,815
412.496,809
412.529,824
412.563,818
412.596,817
412.629,820
412.663,812
412.696,810
412.729,814
412.763,825
412.796,819
412.829,804
412.863,814
412.896,809
412.929,812
412.963,822
412.996,830
413.029,815
413.063,812
413.096,827
413.129,823
413.163,827
413.196,819
413.229,825
413.263,831
413.296,822
413.329,838
413.363,843
413.396,825
413.429,826
413.463,833
413.496,834
413.529,832
413.563,824
413.596,817
413.629,828
413.663,831
413.696,825
413.729,833
413.763,823
413.796,822
413.829,813
413.863,812
413.896,800
413.929,801
413.963,782
413.996,780
414.029,774
414.063,777
414.096,812
414.129,839
414.163,824
414.196,773
414.229,731
414.263,698
414.296,696
414.329,766
414.363,782
414.396,745
414.429,700
414.463,639
414.496,597
414.529,583
414.563,559
414.596,516
414.629,456
414.663,432
414.696,425
414.729,411
414.763,410
414.796,396
414.829,365
414.863,324
414.896,287
414.929,182
414.963,96
414.996,16
415.029,-83
415.063,-162
415.096,-277
415.129,-369
415.163,-381
415.196,-306
415.229,-497
415.263,-644
415.296,-659
415.329,-689
415.363,-730
415.396,-679
415.429,-657
415.463,-631
415.496,-623
415.529,-560
415.563,-417
415.596,-619
415.629,-597
415.663,-569
415.696,-576
415.729,-582
415.763,-695
415.796,-817
415.829,-876
415.863,-917
415.896,-776
415.929,-684
415.963,-656
415.996,-685
416.029,-710
416.063,-716
416.096,-675
416.129,-574
416.163,-545
416.196,-706
416.229,-912
416.263,-898
416.296,-1449
416.329,-845
416.363,-823
416.396,-772
416.429,-780
416.463,-901
416.496,-949
416.529,-916
416.563,-922
416.596,-903
416.629,-881
416.663,-862
416.696,-875
416.729,-888
416.762,-905
416.796,-897
416.829,-889
416.862,-893
416.896,-898
416.929,-914
416.962,-918
416.996,-922
417.029,-922
417.062,-925
417.096,-953
417.129,-967
417.162,-960
417.196,-952
417.229,-942
417.262,-933
417.296,-932
417.329,-883
417.362,-869
417.396,-977
417.429,-1068
417.462,-1074
417.496,-982
417.529,-922
417.562,-860
417.596,-872
417.629,-901
417.662,-899
417.696,-928
417.729,-989
417.762,-1044
417.796,-1034
417.829,-920
417.862,-782
417.896,-674
417.929,-650
417.962,-688
417.996,-737
418.029,-773
418.062,-768
418.096,-757
418.129,-730
418.162,-737
418.196,-780
418.229,-818
418.262,-934
418.296,-1239
418.329,-1201
418.362,-1205
418.396,-1153
418.429,-1139
418.462,-1170
418.496,-1126
418.529,-1091
418.562,-970
418.596,-869
418.629,-894
418.662,-892
418.696,-971
418.729,-974
418.762,-896
418.796,-945
418.829,-887
418.862,-780
418.896,-771
418.929,-880
418.962,-889
418.996,-851
419.029,-916
419.062,-950
419.096,-949
419.129,-972
419.162,-964
419.196,-911
419.229,-932
419.262,-1039
419.296,-793
419.329,-889
419.362,-836
419.396,-823
419.429,-793
419.462,-781
419.496,-736
419.529,-736
419.562,-766
419.596,-773
419.629,-772
419.662,-774
419.696,-735
419.729,-730
419.762,-721
419.796,-619
419.829,-557
419.862,-502
419.896,-466
419.929,-477
419.962,-519
419.996,-510
420.029,-453
420.062,-445
420.096,-420
420.129,-347
420.162,-297
420.196,-309
420.229,-308
420.262,-292
420.296,-313
420.329,-333
420.362,-371
420.396,-408
420.429,-386
420.462,-406
420.496,-407
420.529,-323
420.562,-222
420.596,-151
420.629,-48
420.662,103
420.696,261
420.729,405
420.762,532
420.796,616
420.829,688
420.862,712
420.896,654
420.929,545
420.962,362
420.996,197
421.029,46
421.062,-66
421.096,-187
421.129,-270
421.162,-277
421.196,-114
421.229,-71
421.262,5
421.296,-34
421.329,-54
421.362,-11
421.396,-25
421.429,32
421.462,8
421.496,-6
421.529,-11
421.562,12
421.596,3
421.629,7
421.662,31
421.696,-5
421.729,28
421.762,2
421.796,-124
421.829,-100
421.862,-149
421.896,-162
421.929,-124
421.962,-111
421.996,-85
422.029,-56
422.062,-14
422.096,72
422.129,189
422.162,288
422.196,417
422.229,463
422.262,558
422.296,590
422.329,595
422.362,646
422.396,692
422.429,705
422.462,727
422.496,702
422.529,709
422.562,717
422.596,727
422.629,730
422.662,729
422.696,738
422.729,734
422.762,708
422.796,736
422.829,766
422.862,789
422.896,800
422.929,800
422.962,795
422.996,773
423.029,767
423.062,764
423.096,783
423.129,784
423.162,782
423.196,780
423.229,782
423.262,780
423.296,785
423.329,784
423.362,788
423.396,789
423.429,784
423.462,777
423.496,777
423.529,782
423.562,775
423.596,769
423.629,783
423.662,785
423.696,786
423.729,786
423.762,786
423.796,787
423.829,779
423.862,783
423.896,787
423.929,784
423.962,785
423.996,792
424.029,790
424.062,788
424.096,784
424.129,778
424.162,794
424.196,789
424.229,794
424.262,795
424.296,793
424.329,795
424.362,779
424.396,783
424.429,791
424.462,796
424.496,797
424.529,799
424.562,806
424.596,802
424.629,795
424.662,792
424.696,787
424.729,784
424.762,785
424.796,797
424.829,798
424.862,798
424.896,798
424.929,794
424.962,798
424.996,789
425.029,786
425.062,788
425.096,787
425.129,791
425.162,789
425.196,782
425.229,781
425.262,783
425.296,777
425.329,776
425.362,780
425.396,773
425.429,762
425.462,761
425.496,764
425.529,766
425.562,754
425.596,738
425.629,726
425.662,716
425.696,708
425.729,696
425.762,680
425.796,702
425.829,749
425.862,774
425.896,778
425.929,783
425.962,733
425.996,640
426.029,558
426.062,507
426.096,379
426.129,296
426.162,150
426.196,114
426.229,33
426.262,-55
426.296,-88
426.329,-225
426.362,-233
426.396,-223
426.429,-274
426.462,-156
426.496,-108
426.529,-58
426.562,-92
426.596,-70
426.629,-91
426.662,-112
426.696,-153
426.729,-219
426.762,-265
426.796,-498
426.829,-961
426.862,-923
426.896,-496
426.929,-187
426.962,221
426.996,660
427.029,645
427.062,618
427.096,362
427.129,390
427.162,506
427.196,407
427.229,142
427.262,-151
427.296,-870
427.329,-932
427.362,-213
427.396,-45
427.429,-294
427.462,-353
427.496,-270
427.529,-260
427.562,-322
427.596,-267
427.629,-150
427.662,-97
427.696,-100
427.729,-131
427.762,-153
427.796,-175
427.829,-201
427.862,-148
427.896,-130
427.929,-145
427.962,-130
427.996,-113
428.029,-113
428.062,-103
428.096,-92
428.129,-84
428.162,-86
428.196,-98
428.229,-82
428.262,-55
428.296,-62
428.329,-105
428.362,-103
428.396,-61
428.429,-55
428.462,-82
428.496,-129
428.529,-124
428.562,-91
428.596,-141
428.629,-150
428.662,-86
428.696,-12
428.729,37
428.762,36
428.796,1
428.829,-28
428.862,-172
428.896,-322
428.929,-232
428.962,-418
428.996,-502
429.029,-728
429.062,-814
429.096,-900
429.129,-873
429.162,-894
429.196,-935
429.229,-911
429.262,-1050
429.296,-1173
429.329,-999
429.362,-1154
429.396,-1146
429.429,-1140
429.462,-1115
429.496,-878
429.529,-748
429.562,-779
429.596,-800
429.629,-801
429.662,-736
429.696,-687
429.729,-781
429.762,-795
429.796,-782
429.829,-816
429.862,-836
429.896,-872
429.929,-950
429.962,-921
429.996,-921
430.029,-907
430.062,-845
430.096,-767
430.129,-700
430.162,-713
430.196,-800
430.229,-906
430.262,-1111
430.296,-1138
430.329,-963
430.362,-1063
430.396,-1086
430.429,-1197
430.462,-1252
430.496,-1080
430.529,-954
430.562,-886
430.596,-863
430.629,-885
430.662,-926
430.696,-947
430.729,-992
430.762,-1025
430.796,-1045
430.829,-1075
430.862,-952
430.896,-850
430.929,-679
430.962,-560
430.996,-685
431.029,-972
431.062,-939
431.096,-893
431.129,-817
431.162,-710
431.196,-688
431.229,-675
431.262,-649
431.296,-620
431.329,-568
431.362,-538
431.396,-720
431.429,-1008
431.462,-1090
431.496,-1009
431.529,-929
431.562,-868
431.596,-929
431.629,-851
431.662,-775
431.696,-858
431.729,-945
431.762,-938
431.796,-449
431.829,-567
431.862,-963
431.896,-1074
431.929,-1090
431.962,-1075
431.996,-894
432.029,-612
432.062,-673
432.096,-496
432.129,-592
432.162,-370
432.196,-72
432.229,71
432.262,-69
432.296,-711
432.329,-645
432.362,-723
432.396,-514
432.429,-612
432.462,-540
432.496,-615
432.529,-755
432.562,-821
432.596,-793
432.629,-703
432.662,-631
432.696,-584
432.729,-593
432.762,-643
432.796,-724
432.829,-818
432.862,-823
432.896,-752
432.929,-858
432.962,-817
432.996,-728
433.029,-638
433.062,-537
433.096,-511
433.129,-526
433.162,-700
433.196,-842
433.229,-1110
433.262,-1220
433.296,-812
433.329,-610
433.362,-696
433.396,-851
433.429,-872
433.462,-893
433.496,-880
433.529,-830
433.562,-813
433.596,-849
433.629,-863
433.662,-858
433.696,-854
433.729,-718
433.762,-556
433.796,-524
433.829,-473
433.862,-426
433.896,-377
433.929,-345
433.962,-463
433.996,-711
434.029,-921
434.062,-933
434.096,-794
434.129,-842
434.162,-769
434.196,-617
434.229,-548
434.262,-617
434.296,-677
434.329,-740
434.362,-729
434.396,-635
434.429,-634
434.462,-615
434.496,-621
434.529,-609
434.562,-711
434.596,-717
434.629,-636
434.662,-594
434.696,-566
434.729,-498
434.762,-455
434.796,-480
434.829,-554
434.862,-589
434.896,-540
434.929,-517
434.962,-660
434.996,-773
435.029,-745
435.062,-798
435.096,-792
435.129,-611
435.162,-652
435.196,-616
435.229,-686
435.262,-735
435.296,-646
435.329,-610
435.362,-609
435.396,-679
435.429,-706
435.462,-877
435.496,-1068
435.529,-576
435.562,-860
435.596,-760
435.629,-815
435.662,-775
435.696,-810
435.729,-844
435.762,-775
435.796,-786
435.829,-905
435.862,-910
435.896,-892
435.929,-851
435.962,-835
435.996,-869
436.029,-1000
436.062,-1181
436.096,-1347
436.129,-1364
436.162,-1215
436.196,-1076
436.229,-965
436.262,-895
436.296,-891
436.329,-939
436.362,-915
436.396,-904
436.429,-839
436.462,-767
436.496,-785
436.529,-840
436.562,-838
436.596,-863
436.629,-871
436.662,-889
436.696,-916
436.729,-970
436.762,-976
436.796,-958
436.829,-885
436.862,-871
436.896,-1039
436.929,-949
436.962,-779
436.996,-904
437.029,-918
437.062,-873
437.096,-1038
437.129,-1043
437.162,-913
437.196,-921
437.229,-927
437.262,-972
437.296,-984
437.329,-1027
437.362,-1027
437.396,-972
437.429,-893
437.462,-844
437.496,-799
437.529,-759
437.562,-681
437.596,-619
437.629,-511
437.662,-546
437.696,-574
437.729,-525
437.762,-624
437.796,-756
437.829,-868
437.862,-949
437.896,-888
437.929,-787
437.962,-701
437.996,-551
438.029,-758
438.062,-782
438.096,-641
438.129,-514
438.162,-97
438.196,-414
438.229,-664
438.262,-479
438.296,-292
438.329,-643
438.362,-1360
438.396,-968
438.429,-930
438.462,-828
438.496,-761
438.529,-452
438.562,-325
438.596,-321
438.629,-407
438.662,-565
438.696,-536
438.729,-672
438.762,-332
438.796,-435
438.829,-786
438.862,-827
438.896,-786
438.929,-985
438.962,-1059
438.996,-803
439.029,-755
439.062,-762
439.096,-785
439.129,-953
439.162,-813
439.196,-907
439.229,-959
439.262,-946
439.296,-1042
439.329,-1050
439.362,-1038
439.396,-1097
439.429,-1078
439.462,-1141
439.496,-1115
439.529,-1327
439.562,-1112
439.596,-1074
439.629,-1194
439.662,-1246
439.696,-1299
439.729,-1427
439.762,-1325
439.796,-1269
439.829,-1191
439.862,-1155
439.896,-1156
439.929,-1139
439.962,-1089
439.996,-1019
440.029,-944
440.062,-811
440.096,-614
440.129,-688
440.162,-512
440.196,-594
440.229,-515
440.262,-463
440.296,-600
440.329,-501
440.362,-539
440.396,-626
440.429,-715
440.462,-691
440.496,-640
440.529,-580
440.562,-610
440.596,-702
440.629,-830
440.662,-756
440.696,-638
440.729,-635
440.762,-779
440.796,-847
440.829,-877
440.862,-865
440.896,-840
440.929,-800
440.962,-761
440.996,-700
441.029,-715
441.062,-897
441.096,-892
441.129,-738
441.162,-855
441.196,-1022
441.229,-976
441.262,-1058
441.296,-1010
441.329,-946
441.362,-889
441.396,-855
441.429,-721
441.462,-670
441.496,-704
441.529,-750
441.562,-873
441.596,-950
441.629,-1005
441.662,-1114
441.696,-1192
441.729,-1155
441.762,-1196
441.796,-1238
441.829,-1115
441.862,-1075
441.896,-1242
441.929,-1176
441.962,-1129
441.996,-1151
442.029,-1154
442.062,-947
442.096,-1182
442.129,-1260
442.162,-1212
442.196,-1184
442.229,-1222
442.262,-1078
442.296,-848
442.329,-870
442.362,-800
442.396,-800
442.429,-1045
442.462,-993
442.496,-766
442.529,-621
442.562,-294
442.596,-249
442.629,-340
442.662,-528
442.696,-611
442.729,-602
442.762,-574
442.796,-452
442.829,-435
442.862,-402
442.896,-488
442.929,-642
442.962,-756
442.996,-771
443.029,-643
443.062,-636
443.096,-723
443.129,-692
443.162,-874
443.196,-562
443.229,-869
443.262,-428
443.296,-737
443.329,-740
443.362,-688
443.396,-716
443.429,-821
443.462,-897
443.496,-910
443.529,-979
443.562,-993
443.596,-990
443.629,-1037
443.662,-1059
443.696,-1121
443.729,-1079
443.762,-879
443.796,-901
443.829,-947
443.862,-792
443.896,-880
443.929,-619
443.962,-739
443.996,-794
444.029,-829
444.062,-894
444.096,-961
444.129,-969
444.162,-871
444.196,-820
444.229,-856
444.262,-896
444.296,-929
444.329,-968
444.362,-996
444.396,-931
444.429,-911
444.462,-872
444.496,-847
444.529,-842
444.562,-865
444.596,-919
444.629,-949
444.662,-965
444.696,-950
444.729,-937
444.762,-905
444.796,-898
444.829,-874
444.862,-912
444.896,-1077
444.929,-1079
444.962,-969
444.996,-871
445.029,-934
445.062,-1103
445.096,-1172
445.129,-1015
445.162,-811
445.196,-767
445.229,-701
445.262,-628
445.296,-638
445.329,-593
445.362,-513
445.396,-412
445.429,-334
445.462,-331
445.496,-370
445.529,-445
445.562,-516
445.596,-605
445.629,-780
445.662,-896
445.696,-985
445.729,-993
445.762,-992
445.796,-1068
445.829,-932
445.862,-730
445.896,-794
445.929,-799
445.962,-790
445.996,-661
446.029,-574
446.062,-745
446.096,-922
446.129,-920
446.162,-790
446.196,-740
446.229,-662
446.262,-615
446.296,-695
446.329,-740
446.362,-753
446.396,-801
446.429,-804
446.462,-712
446.496,-653
446.529,-600
446.562,-257
446.596,-625
446.629,-941
446.662,-563
446.696,-500
446.729,-624
446.762,-773
446.796,-566
446.829,-610
446.862,-672
446.896,-646
446.929,-621
446.962,-669
446.996,-691
447.029,-593
447.062,-673
447.096,-677
447.129,-617
447.162,-611
447.196,-713
447.229,-741
447.262,-693
447.296,-673
447.329,-747
447.362,-826
447.396,-906
447.429,-871
447.462,-1057
447.496,-879
447.529,-953
447.562,-981
447.596,-848
447.629,-837
447.662,-946
447.696,-1011
447.729,-1119
447.762,-1033
447.796,-967
447.829,-908
447.862,-876
447.896,-958
447.929,-969
447.962,-956
447.996,-958
448.029,-976
448.062,-982
448.096,-1010
448.129,-1017
448.162,-1022
448.196,-1011
448.229,-1007
448.262,-992
448.296,-965
448.329,-933
448.362,-932
448.396,-922
448.429,-960
448.462,-985
448.496,-887
448.529,-828
448.562,-1008
448.596,-885
448.629,-795
448.662,-1220
448.696,-1607
448.729,-676
448.762,-340
448.796,-491
448.829,-332
448.862,-478
448.896,-576
448.929,-506
448.962,-496
448.996,-515
449.029,-550
449.062,-595
449.096,-495
449.129,-576
449.162,-676
449.196,-526
449.229,-549
449.262,-578
449.296,-484
449.329,-551
449.362,-844
449.396,-742
449.429,-1206
449.462,-1056
449.496,112
449.529,-508
449.562,-920
449.596,-497
449.629,-485
449.662,-443
449.696,-320
449.729,-609
449.762,-707
449.796,-832
449.829,-846
449.862,-792
449.896,-804
449.929,-855
449.962,-925
449.996,-1024
450.029,-956
450.062,-879
450.095,-772
450.129,-690
450.162,-822
450.195,-902
450.229,-982
450.262,-970
450.295,-969
450.329,-913
450.362,-788
450.395,-742
450.429,-677
450.462,-662
450.495,-696
450.529,-726
450.562,-688
450.595,-639
450.629,-672
450.662,-547
450.695,-575
450.729,-677
450.762,-814
450.795,-639
450.829,-702
450.862,-678
450.895,-688
450.929,-601
450.962,-733
450.995,-719
451.029,-742
451.062,-794
451.095,-936
451.129,-980
451.162,-953
451.195,-817
451.229,-621
451.262,-225
451.295,-166
451.329,-409
451.362,-939
451.395,-726
451.429,-549
451.462,-647
451.495,-844
451.529,-639
451.562,-699
451.595,-686
451.629,-688
451.662,-699
451.695,-778
451.729,-787
451.762,-812
451.795,-861
451.829,-944
451.862,-1020
451.895,-1081
451.929,-1025
451.962,-982
451.995,-1040
452.029,-970
452.062,-919
452.095,-927
452.129,-929
452.162,-991
452.195,-898
452.229,-744
452.262,-741
452.295,-762
452.329,-810
452.362,-887
452.395,-945
452.429,-974
452.462,-931
452.495,-846
452.529,-798
452.562,-823
452.595,-825
452.629,-795
452.662,-1053
452.695,-993
452.729,-1009
452.762,-1075
452.795,-1023
452.829,-971
452.862,-1014
452.895,-1030
452.929,-1150
452.962,-1162
452.995,-1035
453.029,-899
453.062,-672
453.095,-545
453.129,-540
453.162,-681
453.195,-713
453.229,-691
453.262,-658
453.295,-709
453.329,-742
453.362,-657
453.395,-657
453.429,-653
453.462,-677
453.495,-716
453.529,-778
453.562,-678
453.595,-809
453.629,-771
453.662,-767
453.695,-728
453.729,-635
453.762,-602
453.795,-675
453.829,-710
453.862,-731
453.895,-648
453.929,-633
453.962,-667
453.995,-595
454.029,-1490
454.062,-615
454.095,-529
454.129,-539
454.162,-544
454.195,-616
454.229,-538
454.262,-663
454.295,-726
454.329,-706
454.362,-682
454.395,-663
454.429,-620
454.462,-626
454.495,-638
454.529,-641
454.562,-684
454.595,-632
454.629,-754
454.662,-792
454.695,-810
454.729,-772
454.762,-947
454.795,-1110
454.829,-1157
454.862,-1078
454.895,-968
454.929,-738
454.962,-781
454.995,-691
455.029,-663
455.062,-645
455.095,-742
455.129,-771
455.162,-771
455.195,-758
455.229,-808
455.262,-769
455.295,-751
455.329,-808
455.362,-839
455.395,-835
455.429,-814
455.462,-779
455.495,-781
455.529,-813
455.562,-844
455.595,-898
455.629,-911
455.662,-978
455.695,-966
455.729,-850
455.762,-735
455.795,-727
455.829,-670
455.862,-736
455.895,-767
455.929,-790
455.962,-993
455.995,-899
456.029,-837
456.062,-807
456.095,-853
456.129,-924
456.162,-900
456.195,-856
456.229,-890
456.262,-914
456.295,-963
456.329,-986
456.362,-1014
456.395,-1053
456.429,-996
456.462,-981
456.495,-982
456.529,-988
456.562,-993
456.595,-991
456.629,-1022
456.662,-1023
456.695,-1043
456.729,-1029
456.762,-983
456.795,-947
456.829,-907
456.862,-878
456.895,-870
456.929,-886
456.962,-901
456.995,-915
457.029,-933
457.062,-976
457.095,-995
457.129,-1003
457.162,-1020
457.195,-1051
457.229,-1095
457.262,-1110
457.295,-1095
457.329,-1114
457.362,-1122
457.395,-1180
457.429,-1224
457.462,-1017
457.495,-963
457.529,-933
457.562,-837
457.595,-838
457.629,-875
457.662,-854
457.695,-1027
457.729,-1016
457.762,-817
457.795,-790
457.829,-837
457.862,-910
457.895,-873
457.929,-898
457.962,-853
457.995,-903
458.029,-879
458.062,-992
458.095,-920
458.129,-930
458.162,-908
458.195,-912
458.229,-921
458.262,-898
458.295,-914
458.329,-861
458.362,-802
458.395,-899
458.429,-850
458.462,-859
458.495,-841
458.529,-893
458.562,-936
458.595,-913
458.629,-942
458.662,-968
458.695,-981
458.729,-1004
458.762,-1014
458.795,-1057
458.829,-1088
458.862,-1104
458.895,-1115
458.929,-1114
458.962,-1093
458.995,-1083
459.029,-1083
459.062,-1094
459.095,-1040
459.129,-1089
459.162,-897
459.195,-714
459.229,-674
459.262,-533
459.295,-438
459.329,-446
459.362,-539
459.395,-728
459.429,-810
459.462,-862
459.495,-796
459.529,-745
459.562,-732
459.595,-676
459.629,-677
459.662,-667
459.695,-675
459.729,-719
459.762,-795
459.795,-870
459.829,-893
459.862,-930
459.895,-975
459.929,-1017
459.962,-1013
459.995,-977
460.029,-1083
460.062,-1091
460.095,-863
460.129,-796
460.162,-875
460.195,-925
460.229,-852
460.262,-809
460.295,-784
460.329,-741
460.362,-653
460.395,-599
460.429,-600
460.462,-623
460.495,-602
460.529,-589
460.562,-546
460.595,-517
460.629,-506
460.662,-459
460.695,-440
460.729,-450
460.762,-465
460.795,-562
460.829,-873
460.862,-1140
460.895,-1234
460.929,-1513
460.962,-1533
460.995,-1316
461.029,-1043
461.062,-814
461.095,-653
461.129,-564
461.162,-562
461.195,-607
461.229,-706
461.262,-780
461.295,-797
461.329,-800
461.362,-817
461.395,-967
461.429,-1051
461.462,-1167
461.495,-1143
461.529,-1068
461.562,-1206
461.595,-1506
461.629,-1492
461.662,-1365
461.695,-1033
461.729,-823
461.762,-694
461.795,-641
461.829,-653
461.862,-736
461.895,-809
461.929,-933
461.962,-1056
461.995,-987
462.029,-967
462.062,-821
462.095,-798
462.129,-1268
462.162,-1477
462.195,-1225
462.229,-1000
462.262,-820
462.295,-663
462.329,-559
462.362,-524
462.395,-492
462.429,-538
462.462,-642
462.495,-830
462.529,-1005
462.562,-1167
462.595,-1096
462.629,-929
462.662,-1004
462.695,-1117
462.729,-1354
462.762,-1534
462.795,-1514
462.829,-1489
462.862,-1247
462.895,-1074
462.929,-903
462.962,-737
462.995,-637
463.029,-621
463.062,-664
463.095,-793
463.129,-517
463.162,-208
463.195,-266
463.229,-225
463.262,-89
463.295,53
463.329,-693
463.362,-1755
463.395,-276
463.429,495
463.462,969
463.495,756
463.529,393
463.562,520
463.595,504
463.629,316
463.662,326
463.695,385
463.729,386
463.762,451
463.795,338
463.829,486
463.862,507
463.895,588
463.929,653
463.962,722
463.995,432
464.029,339
464.062,510
464.095,393
464.129,385
464.162,540
464.195,282
464.229,86
464.262,80
464.295,229
464.329,237
464.362,249
464.395,240
464.429,217
464.462,244
464.495,200
464.529,112
464.562,41
464.595,15
464.629,-31
464.662,-36
464.695,-60
464.729,-119
464.762,-188
464.795,-202
464.829,-15
464.862,-157
464.895,-166
464.929,144
464.962,-259
464.995,-577
465.029,412
465.062,-67
465.095,-148
465.129,189
465.162,480
465.195,658
465.229,-310
465.262,187
465.295,-207
465.329,-188
465.362,-331
465.395,-34
465.429,41
465.462,-19
465.495,-113
465.529,-472
465.562,-761
465.595,-744
465.629,-587
465.662,-490
465.695,-491
465.729,-541
465.762,-712
465.795,-840
465.829,-1164
465.862,-1303
465.895,-1340
465.929,-1255
465.962,-1144
465.995,-1113
466.029,-806
466.062,-576
466.095,-733
466.129,-836
466.162,-909
466.195,-1013
466.229,-1037
466.262,-1058
466.295,-1044
466.329,-978
466.362,-934
466.395,-896
466.429,-861
466.462,-866
466.495,-841
466.529,-795
466.562,-974
466.595,-1048
466.629,-1018
466.662,-950
466.695,-917
466.729,-880
466.762,-817
466.795,-748
466.829,-677
466.862,-530
466.895,-351
466.929,-195
466.962,-167
466.995,-358
467.029,-520
467.062,-519
467.095,134
467.129,-364
467.162,-484
467.195,-243
467.229,312
467.262,86
467.295,-803
467.329,-332
467.362,-385
467.395,-289
467.429,-377
467.462,-404
467.495,-303
467.529,-174
467.562,-171
467.595,-153
467.629,-60
467.662,-37
467.695,54
467.729,82
467.762,155
467.795,167
467.829,180
467.862,163
467.895,159
467.929,154
467.962,161
467.995,192
468.029,208
468.062,236
468.095,431
468.129,381
468.162,414
468.195,402
468.229,77
468.262,521
468.295,446
468.329,294
468.362,260
468.395,358
468.429,333
468.462,196
468.495,-34
468.529,9
468.562,67
468.595,116
468.629,283
468.662,507
468.695,748
468.729,466
468.762,159
468.795,-108
468.829,32
468.862,72
468.895,153
468.929,-14
468.962,-272
468.995,-399
469.029,-516
469.062,-463
469.095,-630
469.129,-614
469.162,-682
469.195,-894
469.229,-1010
469.262,-1181
469.295,-1519
469.329,-1850
469.362,-1854
469.395,-1849
469.429,-1412
469.462,-1135
469.495,-1056
469.529,-901
469.562,-826
469.595,-856
469.629,-879
469.662,-796
469.695,-921
469.729,-1046
469.762,-1062
469.795,-1043
469.829,-1052
469.862,-1110
469.895,-1136
469.929,-1100
469.962,-1017
469.995,-921
470.029,-745
470.062,-684
470.095,-639
470.129,-558
470.162,-453
470.195,-389
470.229,-457
470.262,-803
470.295,-1358
470.329,-1856
470.362,-1865
470.395,-1229
470.429,-1179
470.462,-1093
470.495,-885
470.529,-635
470.562,-487
470.595,-361
470.629,-324
470.662,-442
470.695,-640
470.729,-829
470.762,-921
470.795,-1052
470.829,-1177
470.862,-1232
470.895,-1282
470.929,-1306
470.962,-1201
470.995,-1387
471.029,-1472
471.062,-1389
471.095,-1088
471.129,-854
471.162,-619
471.195,-536
471.229,-568
471.262,-637
471.295,-653
471.329,-761
471.362,-985
471.395,-1184
471.429,-1290
471.462,-1185
471.495,-971
471.529,-1178
471.562,-1482
471.595,-1212
471.629,-900
471.662,-689
471.695,-550
471.729,-471
471.762,-458
471.795,-546
471.829,-689
471.862,-806
471.895,-855
471.929,-874
471.962,-980
471.995,-1041
472.029,-1216
472.062,-1274
472.095,-1160
472.129,-1052
472.162,-1158
472.195,-1089
472.229,-1035
472.262,-968
472.295,-836
472.329,-705
472.362,-704
472.395,-781
472.429,-889
472.462,-862
472.495,-681
472.529,-665
472.562,-428
472.595,-446
472.629,-284
472.662,-173
472.695,-348
472.729,-537
472.762,-523
472.795,-526
472.829,-1803
472.862,-442
472.895,543
472.929,199
472.962,65
472.995,64
473.029,273
473.062,151
473.095,141
473.129,204
473.162,203
473.195,191
473.229,240
473.262,286
473.295,174
473.329,280
473.362,271
473.395,325
473.429,288
473.462,283
473.495,248
473.529,255
473.562,190
473.595,82
473.629,45
473.662,-22
473.695,-70
473.729,49
473.762,133
473.795,154
473.829,-118
473.862,-160
473.895,32
473.929,-63
473.962,66
473.995,-234
474.029,-306
474.062,-235
474.095,-232
474.129,-210
474.162,-198
474.195,-169
474.229,-170
474.262,-100
474.295,-158
474.329,-34
474.362,-114
474.395,-179
474.429,-215
474.462,-159
474.495,-163
474.529,-170
474.562,-260
474.595,-283
474.629,-386
474.662,-305
474.695,-96
474.729,-341
474.762,-169
474.795,29
474.829,162
474.862,314
474.895,138
474.929,207
474.962,-175
474.995,81
475.029,-1275
475.062,159
475.095,-55
475.129,-108
475.162,-184
475.195,-455
475.229,-716
475.262,-777
475.295,-633
475.329,-435
475.362,-391
475.395,-361
475.429,-416
475.462,-629
475.495,-959
475.529,-1165
475.562,-1331
475.595,-1531
475.629,-1246
475.662,-1400
475.695,-984
475.729,-789
475.762,-851
475.795,-825
475.829,-803
475.862,-800
475.895,-895
475.929,-964
475.962,-1060
475.995,-907
476.029,-965
476.062,-935
476.095,-928
476.129,-914
476.162,-837
476.195,-937
476.229,-926
476.262,-883
476.295,-861
476.329,-805
476.362,-602
476.395,-389
476.429,-321
476.462,-352
476.495,-474
476.529,-739
476.562,-724
476.595,-418
476.629,-185
476.662,-74
476.695,-302
476.729,-191
476.762,361
476.795,-1447
476.829,-698
476.862,310
476.895,1164
476.929,230
476.962,92
476.995,-1102
477.029,19
477.062,82
477.095,156
477.129,82
477.162,15
477.195,-39
477.229,-108
477.262,-359
477.295,-23
477.329,-208
477.362,-78
477.395,290
477.429,120
477.462,274
477.495,312
477.529,438
477.562,370
477.595,386
477.629,436
477.662,399
477.695,403
477.729,542
477.762,459
477.795,501
477.829,544
477.862,335
477.895,246
477.929,219
477.962,324
477.995,407
478.029,245
478.062,308
478.095,237
478.129,147
478.162,151
478.195,232
478.229,346
478.262,293
478.295,285
478.329,238
478.362,289
478.395,235
478.429,201
478.462,274
478.495,168
478.529,107
478.562,263
478.595,253
478.629,211
478.662,178
478.695,204
478.729,284
478.762,237
478.795,157
478.829,216
478.862,277
478.895,226
478.929,66
478.962,-58
478.995,-110
479.029,-102
479.062,-14
479.095,-63
479.129,75
479.162,-32
479.195,-90
479.229,-163
479.262,-418
479.295,-832
479.329,-1771
479.362,-1861
479.395,-1308
479.429,-1075
479.462,-1191
479.495,-839
479.529,-1234
479.562,-858
479.595,-643
479.629,-837
479.662,-1163
479.695,-1455
479.729,-1564
479.762,-1364
479.795,-1018
479.829,-780
479.862,-648
479.895,-587
479.929,-622
479.962,-678
479.995,-747
480.029,-844
480.062,-880
480.095,-911
480.129,-1022
480.162,-1230
480.195,-1355
480.229,-1407
480.262,-1365
480.295,-1256
480.329,-1257
480.362,-1134
480.395,-1026
480.429,-830
480.462,-694
480.495,-598
480.529,-553
480.562,-519
480.595,-527
480.629,-365
480.662,-710
480.695,-891
480.729,-1019
480.762,-985
480.795,-1081
480.829,-1212
480.862,-1323
480.895,-1354
480.929,-1237
480.962,-997
480.995,-713
481.029,-520
481.062,-428
481.095,-431
481.129,-487
481.162,-587
481.195,-737
481.229,-777
481.262,-862
481.295,-1142
481.329,-1084
481.362,-1239
481.395,-1251
481.429,-1155
481.462,-1391
481.495,-1624
481.529,-1497
481.562,-1239
481.595,-874
481.629,-633
481.662,-491
481.695,-430
481.729,-439
481.762,-486
481.795,-553
481.829,-659
481.862,-868
481.895,-1019
481.929,-1084
481.962,-1106
481.995,-934
482.029,-902
482.062,-1398
482.095,-1429
482.129,-1144
482.162,-941
482.195,-757
482.229,-548
482.262,-378
482.295,-329
482.329,-416
482.362,-542
482.395,-642
482.429,-700
482.462,-730
482.495,-754
482.529,-780
482.562,-781
482.595,-705
482.629,-627
482.662,-783
482.695,-926
482.729,-1128
482.762,-1161
482.795,-1150
482.829,-1219
482.862,-1059
482.895,-849
482.929,-683
482.962,-587
482.995,-602
483.029,-743
483.062,-804
483.095,-647
483.129,-614
483.162,-439
483.195,-284
483.229,-646
483.262,-441
483.295,-338
483.329,-107
483.362,-218
483.395,-321
483.428,-401
483.462,-182
483.495,-386
483.528,-668
483.562,-765
483.595,-896
483.628,-1120
483.662,-1318
483.695,-1324
483.728,-1435
483.762,-1542
483.795,-1381
483.828,-1364
483.862,-1098
483.895,-813
483.928,-780
483.962,-855
483.995,-810
484.028,-896
484.062,-903
484.095,-948
484.128,-903
484.162,-958
484.195,-925
484.228,-978
484.262,-950
484.295,-828
484.328,-782
484.362,-820
484.395,-883
484.428,-889
484.462,-890
484.495,-893
484.528,-895
484.562,-927
484.595,-950
484.628,-896
484.662,-794
484.695,-747
484.728,-658
484.762,-508
484.795,-497
484.828,-583
484.862,-631
484.895,-716
484.928,-652
484.962,-593
484.995,-627
485.028,-711
485.062,-711
485.095,-708
485.128,-542
485.162,-1159
485.195,-542
485.228,-765
485.262,-547
485.295,-575
485.328,-753
485.362,-568
485.395,-488
485.428,-118
485.462,-17
485.495,-368
485.528,-446
485.562,-491
485.595,-557
485.628,-765
485.662,-1092
485.695,-989
485.728,-1114
485.762,-1249
485.795,-1131
485.828,-1059
485.862,-1014
485.895,-1128
485.928,-1098
485.962,-1017
485.995,-1177
486.028,-1018
486.062,-1040
486.095,-1075
486.128,-1058
486.162,-1023
486.195,-959
486.228,-977
486.262,-877
486.295,-812
486.328,-821
486.362,-856
486.395,-853
486.428,-803
486.462,-770
486.495,-774
486.528,-840
486.562,-948
486.595,-1105
486.628,-1254
486.662,-1225
486.695,-1233
486.728,-1222
486.762,-1106
486.795,-1014
486.828,-1056
486.862,-1073
486.895,-1005
486.928,-870
486.962,-739
486.995,-678
487.028,-660
487.062,-706
487.095,-781
487.128,-822
487.162,-868
487.195,-903
487.228,-972
487.262,-1036
487.295,-1139
487.328,-1131
487.362,-1026
487.395,-926
487.428,-996
487.462,-1203
487.495,-1105
487.528,-887
487.562,-689
487.595,-579
487.628,-553
487.662,-538
487.695,-579
487.728,-628
487.762,-646
487.795,-572
487.828,-618
487.862,-791
487.895,-941
487.928,-1012
487.962,-1019
487.995,-1058
488.028,-980
488.062,-910
488.095,-1002
488.128,-1068
488.162,-927
488.195,-735
488.228,-567
488.262,-421
488.295,-349
488.328,-393
488.362,-413
488.395,-428
488.428,-513
488.462,-503
488.495,-540
488.528,-726
488.562,-1042
488.595,-1388
488.628,-1560
488.662,-1543
488.695,-1704
488.728,-1633
488.762,-1257
488.795,-1044
488.828,-857
488.862,-704
488.895,-617
488.928,-527
488.962,-402
488.995,-355
489.028,-468
489.062,-681
489.095,-567
489.128,-644
489.162,-980
489.195,-1089
489.228,-1330
489.262,-1346
489.295,-1574
489.328,-1616
489.362,-1511
489.395,-1452
489.428,-1220
489.462,-988
489.495,-899
489.528,-795
489.562,-677
489.595,-626
489.628,-557
489.662,-607
489.695,-606
489.728,-590
489.762,-682
489.795,-677
489.828,-713
489.862,-1146
489.895,-1086
489.928,-1181
489.962,-1126
489.995,-984
490.028,-931
490.062,-885
490.095,-926
490.128,-840
490.162,-823
490.195,-745
490.228,-677
490.262,-560
490.295,-407
490.328,-126
490.362,33
490.395,-297
490.428,-572
490.462,-719
490.495,-1017
490.528,-1117
490.562,-1051
490.595,-933
490.628,-891
490.662,-919
490.695,-971
490.728,-1038
490.762,-1112
490.795,-1170
490.828,-1231
490.862,-1258
490.895,-1126
490.928,-994
490.962,-702
490.995,-352
491.028,139
491.062,294
491.095,430
491.128,135
491.162,-437
491.195,-832
491.228,-979
491.262,-1054
491.295,-1191
491.328,-1355
491.362,-1281
491.395,-1219
491.428,-1097
491.462,-1021
491.495,-872
491.528,-687
491.562,-428
491.595,-181
491.628,36
491.662,99
491.695,76
491.728,-61
491.762,-298
491.795,-474
491.828,-596
491.862,-824
491.895,-998
491.928,-1222
491.962,-1128
491.995,-1036
492.028,-846
492.062,-487
492.095,-418
492.128,-223
492.162,-407
492.195,-612
492.228,-642
492.262,-726
492.295,-805
492.328,-817
492.362,-688
492.395,-629
492.428,-468
492.462,-334
492.495,-265
492.528,-306
492.562,-296
492.595,-225
492.628,-148
492.662,-464
492.695,-716
492.728,-919
492.762,-1005
492.795,-976
492.828,-978
492.862,-968
492.895,-934
492.928,-1019
492.962,-1006
492.995,-871
493.028,-783
493.062,-732
493.095,-674
493.128,-699
493.162,-814
493.195,-1301
493.228,-1586
493.262,-631
493.295,-806
493.328,-716
493.362,-814
493.395,-822
493.428,-717
493.462,-757
493.495,-819
493.528,-866
493.562,-960
493.595,-1221
493.628,-1112
493.662,-1174
493.695,-989
493.728,-874
493.762,-856
493.795,-868
493.828,-929
493.862,-987
493.895,-978
493.928,-952
493.962,-914
493.995,-947
494.028,-913
494.062,-839
494.095,-856
494.128,-846
494.162,-834
494.195,-1034
494.228,-1249
494.262,-995
494.295,-861
494.328,-858
494.362,-953
494.395,-1009
494.428,-1014
494.462,-985
494.495,-957
494.528,-898
494.562,-926
494.595,-945
494.628,-955
494.662,-950
494.695,-942
494.728,-881
494.762,-810
494.795,-869
494.828,-952
494.862,-992
494.895,-1009
494.928,-937
494.962,-827
494.995,-769
495.028,-703
495.062,-661
495.095,-617
495.128,-610
495.162,-646
495.195,-741
495.228,-708
495.262,-857
495.295,-786
495.328,-803
495.362,-740
495.395,-742
495.428,-717
495.462,-761
495.495,-712
495.528,-725
495.562,-704
495.595,-606
495.628,-564
495.662,-550
495.695,-538
495.728,-580
495.762,-670
495.795,-621
495.828,-615
495.862,-663
495.895,-724
495.928,-778
495.962,-654
495.995,-763
496.028,-850
496.062,-801
496.095,-771
496.128,-643
496.162,-581
496.195,-479
496.228,-296
496.262,-149
496.295,-20
496.328,122
496.362,175
496.395,268
496.428,316
496.462,383
496.495,423
496.528,451
496.562,440
496.595,419
496.628,416
496.662,420
496.695,433
496.728,474
496.762,518
496.795,562
496.828,613
496.862,667
496.895,688
496.928,713
496.962,734
496.995,744
497.028,748
497.062,757
497.095,761
497.128,753
497.162,763
497.195,767
497.228,781
497.262,781
497.295,798
497.328,797
497.362,776
497.395,787
497.428,791
497.462,796
497.495,794
497.528,825
497.562,828
497.595,807
497.628,791
497.662,809
497.695,809
497.728,808
497.762,818
497.795,809
497.828,814
497.862,803
497.895,816
497.928,820
497.962,810
497.995,815
498.028,823
498.062,821
498.095,817
498.128,818
498.162,812
498.195,800
498.228,801
498.262,807
498.295,804
498.328,826
498.362,825
498.395,827
498.428,818
498.462,822
498.495,814
498.528,807
498.562,814
498.595,819
498.628,827
498.662,820
498.695,832
498.728,822
498.762,795
498.795,787
498.828,790
498.862,799
498.895,802
498.928,812
498.962,793
498.995,797
499.028,798
499.062,777
499.095,778
499.128,774
499.162,771
499.195,733
499.228,694
499.262,667
499.295,640
499.328,600
499.362,567
499.395,533
499.428,540
499.462,543
499.495,510
499.528,385
499.562,529
499.595,354
499.628,428
499.662,237
499.695,264
499.728,193
499.762,169
499.795,209
499.828,178
499.862,122
499.895,87
499.928,-2
499.962,-140
499.995,-163
500.028,-125
500.062,-234
500.095,-302
500.128,-301
500.162,-372
500.195,-425
500.228,-478
500.262,-484
500.295,-550
500.328,-611
500.362,-597
500.395,-583
500.428,-647
500.462,-610
500.495,-608
500.528,-602
500.562,-602
500.595,-629
500.628,-681
500.662,-692
500.695,-630
500.728,-646
500.762,-675
500.795,-805
500.828,-848
500.862,-887
500.895,-1017
500.928,-1008
500.962,-908
500.995,-918
501.028,-828
501.062,-780
501.095,-739
501.128,-762
501.162,-676
501.195,-544
501.228,-1312
501.262,-711
501.295,-1047
501.328,-783
501.362,-712
501.395,-723
501.428,-964
501.462,-971
501.495,-884
501.528,-963
501.562,-1028
501.595,-990
501.628,-968
501.662,-910
501.695,-869
501.728,-873
501.762,-864
501.795,-901
501.828,-1079
501.862,-1092
501.895,-916
501.928,-842
501.962,-867
501.995,-937
502.028,-990
502.062,-971
502.095,-922
502.128,-900
502.162,-924
502.195,-927
502.228,-921
502.262,-957
502.295,-982
502.328,-985
502.362,-997
502.395,-1005
502.428,-985
502.462,-973
502.495,-950
502.528,-912
502.562,-862
502.595,-887
502.628,-949
502.662,-977
502.695,-990
502.728,-942
502.762,-895
502.795,-917
502.828,-970
502.862,-1030
502.895,-1054
502.928,-1031
502.962,-935
502.995,-820
503.028,-795
503.062,-789
503.095,-779
503.128,-778
503.162,-813
503.195,-837
503.228,-863
503.262,-911
503.295,-990
503.328,-999
503.362,-960
503.395,-1064
503.428,-1267
503.462,-1189
503.495,-1018
503.528,-984
503.562,-1035
503.595,-909
503.628,-893
503.662,-901
503.695,-883
503.728,-894
503.762,-953
503.795,-992
503.828,-999
503.862,-983
503.895,-1008
503.928,-960
503.962,-960
503.995,-944
504.028,-903
504.062,-890
504.095,-856
504.128,-827
504.162,-839
504.195,-841
504.228,-899
504.262,-949
504.295,-898
504.328,-982
504.362,-1159
504.395,-1261
504.428,-1119
504.462,-989
504.495,-946
504.528,-981
504.562,-925
504.595,-945
504.628,-994
504.662,-1008
504.695,-991
504.728,-980
504.762,-952
504.795,-942
504.828,-886
504.862,-742
504.895,-796
504.928,-917
504.962,-884
504.995,-829
505.028,-783
505.062,-820
505.095,-973
505.128,-892
505.162,-815
505.195,-784
505.228,-714
505.262,-702
505.295,-692
505.328,-722
505.362,-766
505.395,-783
505.428,-716
505.462,-713
505.495,-713
505.528,-606
505.562,-507
505.595,-544
505.628,-660
505.662,-765
505.695,-904
505.728,-796
505.762,-689
505.795,-667
505.828,-582
505.862,-317
505.895,-35
505.928,262
505.962,408
505.995,402
506.028,499
506.062,539
506.095,483
506.128,455
506.162,469
506.195,398
506.228,324
506.262,203
506.295,117
506.328,-50
506.362,-110
506.395,-121
506.428,-146
506.462,-169
506.495,33
506.528,75
506.562,-13
506.595,-119
506.628,-43
506.662,54
506.695,49
506.728,5
506.762,47
506.795,55
506.828,45
506.862,39
506.895,72
506.928,50
506.962,55
506.995,52
507.028,-9
507.062,-36
507.095,-66
507.128,-61
507.162,-90
507.195,-107
507.228,-103
507.262,-104
507.295,-70
507.328,-17
507.362,72
507.395,164
507.428,242
507.462,344
507.495,375
507.528,473
507.562,521
507.595,580
507.628,623
507.662,691
507.695,709
507.728,721
507.762,741
507.795,734
507.828,739
507.862,734
507.895,706
507.928,707
507.962,722
507.995,725
508.028,732
508.062,747
508.095,789
508.128,808
508.162,823
508.195,806
508.228,796
508.262,783
508.295,790
508.328,773
508.362,781
508.395,794
508.428,789
508.462,791
508.495,785
508.528,781
508.562,786
508.595,786
508.628,793
508.662,789
508.695,807
508.728,806
508.762,800
508.795,795
508.828,782
508.862,783
508.895,786
508.928,790
508.962,799
508.995,796
509.028,802
509.062,803
509.095,796
509.128,790
509.162,788
509.195,795
509.228,793
509.262,794
509.295,797
509.328,802
509.362,805
509.395,793
509.428,800
509.462,798
509.495,798
509.528,790
509.562,790
509.595,784
509.628,787
509.662,776
509.695,777
509.728,782
509.762,794
509.795,787
509.828,780
509.862,764
509.895,743
509.928,745
509.962,744
509.995,727
510.028,742
510.062,743
510.095,718
510.128,697
510.162,688
510.195,666
510.228,658
510.262,695
510.295,732
510.328,734
510.362,743
510.395,734
510.428,681
510.462,624
510.495,616
510.528,568
510.562,505
510.595,458
510.628,431
510.662,389
510.695,361
510.728,269
510.762,230
510.795,227
510.828,155
510.862,132
510.895,60
510.928,61
510.962,68
510.995,-15
511.028,-11
511.062,-31
511.095,-11
511.128,-20
511.162,-4
511.195,-25
511.228,-5
511.262,-18
511.295,14
511.328,24
511.362,-41
511.395,-55
511.428,-68
511.462,-118
511.495,-185
511.528,-188
511.562,-282
511.595,-513
511.628,-759
511.662,-661
511.695,-424
511.728,-85
511.762,174
511.795,405
511.828,491
511.862,441
511.895,409
511.928,292
511.962,372
511.995,404
512.028,336
512.062,213
512.095,51
512.128,-342
512.162,-1096
512.195,-1724
512.228,-1833
512.262,-382
512.295,-963
512.328,-1052
512.362,-1029
512.395,-845
512.428,-856
512.462,-741
512.495,-821
512.528,-615
512.562,-624
512.595,-765
512.628,-774
512.662,-781
512.695,-762
512.728,-748
512.762,-776
512.795,-760
512.828,-747
512.862,-748
512.895,-750
512.928,-758
512.962,-762
512.995,-758
513.028,-760
513.062,-751
513.095,-744
513.128,-742
513.162,-760
513.195,-769
513.228,-777
513.262,-796
513.295,-804
513.328,-832
513.362,-829
513.395,-812
513.428,-804
513.462,-817
513.495,-878
513.528,-853
513.562,-829
513.595,-801
513.628,-839
513.662,-929
513.695,-1103
513.728,-1237
513.762,-1188
513.795,-1167
513.828,-1217
513.862,-1248
513.895,-1175
513.928,-1197
513.962,-1159
513.995,-1167
514.028,-1152
514.062,-1084
514.095,-1008
514.128,-881
514.162,-766
514.195,-691
514.228,-618
514.262,-656
514.295,-594
514.328,-605
514.362,-807
514.395,-891
514.428,-1005
514.462,-1119
514.495,-1092
514.528,-1051
514.562,-1081
514.595,-1030
514.628,-1010
514.662,-1043
514.695,-1089
514.728,-953
514.762,-865
514.795,-923
514.828,-891
514.862,-953
514.895,-1029
514.928,-1192
514.962,-1293
514.995,-1192
515.028,-1087
515.062,-1020
515.095,-935
515.128,-890
515.162,-912
515.195,-957
515.228,-1011
515.262,-993
515.295,-922
515.328,-896
515.362,-870
515.395,-792
515.428,-700
515.462,-675
515.495,-776
515.528,-987
515.562,-1281
515.595,-1340
515.628,-1350
515.662,-1302
515.695,-1276
515.728,-1322
515.762,-1220
515.795,-1024
515.828,-955
515.862,-886
515.895,-857
515.928,-858
515.962,-866
515.995,-838
516.028,-820
516.062,-771
516.095,-621
516.128,-453
516.162,-383
516.195,-325
516.228,-527
516.262,-800
516.295,-786
516.328,-872
516.362,-807
516.395,-822
516.428,-798
516.462,-786
516.495,-808
516.528,-791
516.562,-758
516.595,-786
516.628,-657
516.662,-899
516.695,-855
516.728,-748
516.761,-549
516.795,-609
516.828,-666
516.861,-877
516.895,-995
516.928,-932
516.961,-883
516.995,-894
517.028,-801
517.061,-761
517.095,-371
517.128,-364
517.161,-455
517.195,-349
517.228,-292
517.261,-291
517.295,-204
517.328,-350
517.361,-361
517.395,-380
517.428,-406
517.461,-567
517.495,-549
517.528,-516
517.561,-523
517.595,-705
517.628,-796
517.661,-874
517.695,-862
517.728,-778
517.761,-687
517.795,-766
517.828,-771
517.861,-771
517.895,-739
517.928,-702
517.961,-826
517.995,-806
518.028,-817
518.061,-910
518.095,-992
518.128,-945
518.161,-882
518.195,-803
518.228,-697
518.261,-670
518.295,-645
518.328,-809
518.361,-1159
518.395,-1324
518.428,-1207
518.461,-1031
518.495,-913
518.528,-859
518.561,-861
518.595,-814
518.628,-775
518.661,-861
518.695,-967
518.728,-1050
518.761,-1103
518.795,-970
518.828,-906
518.861,-664
518.895,-504
518.928,-525
518.961,-620
518.995,-755
519.028,-1191
519.061,-1253
519.095,-1416
519.128,-1460
519.161,-579
519.195,-477
519.228,-697
519.261,-661
519.295,-641
519.328,-627
519.361,-608
519.395,-544
519.428,-796
519.461,-650
519.495,-713
519.528,-731
519.561,-695
519.595,-656
519.628,-628
519.661,-594
519.695,-638
519.728,-546
519.761,-609
519.795,-649
519.828,-659
519.861,-696
519.895,-542
519.928,-900
519.961,-928
519.995,-757
520.028,-653
520.061,-609
520.095,-643
520.128,-678
520.161,-607
520.195,-677
520.228,-700
520.261,-657
520.295,-718
520.328,-774
520.361,-904
520.395,-1242
520.428,-670
520.461,-928
520.495,-762
520.528,-834
520.561,-778
520.595,-853
520.628,-930
520.661,-932
520.695,-967
520.728,-1118
520.761,-1058
520.795,-926
520.828,-859
520.861,-893
520.895,-944
520.928,-927
520.961,-898
520.995,-1092
521.028,-1273
521.061,-1505
521.095,-1426
521.128,-1178
521.161,-1131
521.195,-921
521.228,-890
521.261,-783
521.295,-667
521.328,-569
521.361,-589
521.395,-675
521.428,-800
521.461,-892
521.495,-949
521.528,-997
521.561,-968
521.595,-995
521.628,-955
521.661,-1034
521.695,-976
521.728,-883
521.761,-994
521.795,-981
521.828,-882
521.861,-1012
521.895,-1037
521.928,-905
521.961,-842
521.995,-822
522.028,-826
522.061,-903
522.095,-950
522.128,-970
522.161,-1009
522.195,-987
522.228,-909
522.261,-859
522.295,-825
522.328,-869
522.361,-790
522.395,-704
522.428,-616
522.461,-649
522.495,-725
522.528,-744
522.561,-717
522.595,-685
522.628,-669
522.661,-648
522.695,-682
522.728,-712
522.761,-826
522.795,-930
522.828,-893
522.861,-668
522.895,-585
522.928,-555
522.961,-609
522.995,-631
523.028,-507
523.061,-411
523.095,-561
523.128,-526
523.161,-489
523.195,-528
523.228,-511
523.261,-1212
523.295,-936
523.328,-1041
523.361,-747
523.395,-556
523.428,-611
523.461,-597
523.495,-187
523.528,-55
523.561,-425
523.595,-456
523.628,-731
523.661,-541
523.695,-644
523.728,-840
523.761,-829
523.795,-896
523.828,-754
523.861,-698
523.895,-815
523.928,-757
523.961,-696
523.995,-725
524.028,-842
524.061,-943
524.095,-1010
524.128,-960
524.161,-947
524.195,-1040
524.228,-1034
524.261,-1025
524.295,-1180
524.328,-1170
524.361,-1184
524.395,-1225
524.428,-1333
524.461,-1437
524.495,-1517
524.528,-1533
524.561,-1416
524.595,-1285
524.628,-1244
524.661,-1169
524.695,-1184
524.728,-1143
524.761,-1081
524.795,-934
524.828,-878
524.861,-845
524.895,-754
524.928,-713
524.961,-613
524.995,-586
525.028,-546
525.061,-519
525.095,-718
525.128,-647
525.161,-694
525.195,-756
525.228,-693
525.261,-675
525.295,-661
525.328,-790
525.361,-864
525.395,-882
525.428,-918
525.461,-945
525.495,-892
525.528,-845
525.561,-817
525.595,-813
525.628,-759
525.661,-748
525.695,-724
525.728,-674
525.761,-684
525.795,-653
525.828,-630
525.861,-659
525.895,-777
525.928,-970
525.961,-983
525.995,-851
526.028,-887
526.061,-762
526.095,-636
526.128,-584
526.161,-607
526.195,-667
526.228,-785
526.261,-942
526.295,-1150
526.328,-1181
526.361,-1127
526.395,-1279
526.428,-1393
526.461,-1314
526.495,-1303
526.528,-1163
526.561,-1142
526.595,-1098
526.628,-1132
526.661,-1355
526.695,-1230
526.728,-1140
526.761,-1206
526.795,-1318
526.828,-1332
526.861,-1221
526.895,-1119
526.928,-1178
526.961,-1117
526.995,-1015
527.028,-876
527.061,-758
527.095,-713
527.128,-552
527.161,-446
527.195,-475
527.228,-327
527.261,-434
527.295,-789
527.328,-944
527.361,-967
527.395,-661
527.428,-352
527.461,-320
527.495,-179
527.528,-312
527.561,-652
527.595,-525
527.628,-459
527.661,-438
527.695,-606
527.728,-718
527.761,-802
527.795,-936
527.828,-920
527.861,-318
527.895,-629
527.928,-614
527.961,-678
527.995,-615
528.028,-865
528.061,-1177
528.095,-1227
528.128,-1126
528.161,-1040
528.195,-954
528.228,-977
528.261,-996
528.295,-981
528.328,-1113
528.361,-1816
528.395,-1219
528.428,-992
528.461,-887
528.495,-859
528.528,-810
528.561,-778
528.595,-736
528.628,-733
528.661,-771
528.695,-758
528.728,-744
528.761,-763
528.795,-728
528.828,-692
528.861,-816
528.895,-861
528.928,-1254
528.961,-1108
528.995,-1044
529.028,-1259
529.061,-1263
529.095,-1153
529.128,-908
529.161,-767
529.195,-718
529.228,-702
529.261,-693
529.295,-695
529.328,-685
529.361,-663
529.395,-645
529.428,-625
529.461,-595
529.495,-575
529.528,-592
529.561,-577
529.595,-737
529.628,-862
529.661,-1045
529.695,-1104
529.728,-1158
529.761,-1223
529.795,-1247
529.828,-1164
529.861,-985
529.895,-747
529.928,-569
529.961,-543
529.995,-664
530.028,-839
530.061,-855
530.095,-735
530.128,-796
530.161,-781
530.195,-743
530.228,-676
530.261,-534
530.295,-590
530.328,-801
530.361,-868
530.395,-664
530.428,-514
530.461,-630
530.495,-831
530.528,-830
530.561,-765
530.595,-667
530.628,-596
530.661,-650
530.695,-719
530.728,-685
530.761,-676
530.795,-624
530.828,-618
530.861,-633
530.895,-585
530.928,-609
530.961,-636
530.995,-564
531.028,-503
531.061,-475
531.095,-733
531.128,-367
531.161,-494
531.195,-528
531.228,-456
531.261,-552
531.295,-575
531.328,-684
531.361,-636
531.395,-656
531.428,-654
531.461,-706
531.495,-834
531.528,-920
531.561,-933
531.595,-979
531.628,-938
531.661,-1038
531.695,-1091
531.728,-1056
531.761,-1073
531.795,-1146
531.828,-1155
531.861,-1090
531.895,-946
531.928,-694
531.961,-959
531.995,-880
532.028,-786
532.061,-836
532.095,-908
532.128,-998
532.161,-1054
532.195,-1081
532.228,-1115
532.261,-935
532.295,-906
532.328,-857
532.361,-755
532.395,-709
532.428,-754
532.461,-620
532.495,-716
532.528,-1027
532.561,-1099
532.595,-1022
532.628,-1379
532.661,-1351
532.695,-646
532.728,-489
532.761,-472
532.795,-441
532.828,-523
532.861,-593
532.895,-546
532.928,-551
532.961,-537
532.995,-629
533.028,-598
533.061,-484
533.095,-557
533.128,-606
533.161,-618
533.195,-608
533.228,-599
533.261,-441
533.295,-740
533.328,-938
533.361,-642
533.395,-501
533.428,-583
533.461,-1071
533.495,-965
533.528,-192
533.561,-702
533.595,-639
533.628,-440
533.661,-540
533.695,-767
533.728,-629
533.761,-725
533.795,-765
533.828,-749
533.861,-748
533.895,-693
533.928,-707
533.961,-739
533.995,-801
534.028,-834
534.061,-875
534.095,-860
534.128,-872
534.161,-909
534.195,-933
534.228,-1059
534.261,-1136
534.295,-1117
534.328,-1189
534.361,-1123
534.395,-1089
534.428,-1016
534.461,-954
534.495,-908
534.528,-763
534.561,-751
534.595,-742
534.628,-831
534.661,-919
534.695,-985
534.728,-1053
534.761,-1038
534.795,-932
534.828,-871
534.861,-887
534.895,-974
534.928,-889
534.961,-896
534.995,-898
535.028,-780
535.061,-469
535.095,-430
535.128,-485
535.161,-1035
535.195,-1158
535.228,-840
535.261,-554
535.295,-556
535.328,-695
535.361,-746
535.395,-759
535.428,-725
535.461,-714
535.495,-715
535.528,-702
535.561,-697
535.595,-745
535.628,-765
535.661,-779
535.695,-801
535.728,-879
535.761,-491
535.795,-744
535.828,-665
535.861,-834
535.895,-706
535.928,-800
535.961,-741
535.995,-826
536.028,-769
536.061,-742
536.095,-808
536.128,-824
536.161,-709
536.195,-644
536.228,-773
536.261,-889
536.295,-871
536.328,-901
536.361,-916
536.395,-859
536.428,-861
536.461,-854
536.495,-902
536.528,-969
536.561,-1040
536.595,-1124
536.628,-1176
536.661,-1138
536.695,-1095
536.728,-1022
536.761,-1049
536.795,-1002
536.828,-835
536.861,-765
536.895,-747
536.928,-690
536.961,-783
536.995,-732
537.028,-787
537.061,-853
537.095,-905
537.128,-926
537.161,-864
537.195,-745
537.228,-728
537.261,-729
537.295,-753
537.328,-779
537.361,-907
537.395,-975
537.428,-1033
537.461,-1056
537.495,-1092
537.528,-1098
537.561,-1801
537.595,-1328
537.628,-966
537.661,-510
537.695,-582
537.728,-875
537.761,-928
537.795,-890
537.828,-744
537.861,-804
537.895,-741
537.928,-759
537.961,-858
537.995,-843
538.028,-798
538.061,-807
538.095,-780
538.128,-854
538.161,-858
538.195,-755
538.228,-825
538.261,-839
538.295,-769
538.328,-768
538.361,-762
538.395,-754
538.428,-750
538.461,-709
538.495,-740
538.528,-698
538.561,-743
538.595,-1332
538.628,-319
538.661,-478
538.695,-736
538.728,-738
538.761,-659
538.795,-712
538.828,-750
538.861,-867
538.895,-896
538.928,-910
538.961,-967
538.995,-1011
539.028,-1067
539.061,-1131
539.095,-1181
539.128,-1277
539.161,-1229
539.195,-1484
539.228,-1388
539.261,-907
539.295,-475
539.328,-534
539.361,-683
539.395,-640
539.428,-588
539.461,-665
539.495,-901
539.528,-917
539.561,-886
539.595,-909
539.628,-964
539.661,-888
539.695,-893
539.728,-877
539.761,-922
539.795,-969
539.828,-943
539.861,-874
539.895,-828
539.928,-874
539.961,-873
539.995,-908
540.028,-903
540.061,-880
540.095,-870
540.128,-908
540.161,-1010
540.195,-1061
540.228,-701
540.261,-804
540.295,-781
540.328,-493
540.361,-573
540.395,-659
540.428,-647
540.461,-696
540.495,-692
540.528,-735
540.561,-733
540.595,-728
540.628,-764
540.661,-793
540.695,-799
540.728,-776
540.761,-769
540.795,-818
540.828,-864
540.861,-876
540.895,-795
540.928,-798
540.961,-705
540.995,-687
541.028,-711
541.061,-796
541.095,-768
541.128,-613
541.161,-978
541.195,-850
541.228,-933
541.261,-722
541.295,-860
541.328,-824
541.361,-774
541.395,-828
541.428,-891
541.461,-880
541.495,-878
541.528,-908
541.561,-942
541.595,-1000
541.628,-1148
541.661,-1254
541.695,-1222
541.728,-1175
541.761,-1144
541.795,-1176
541.828,-1142
541.861,-1095
541.895,-1026
541.928,-949
541.961,-978
541.995,-931
542.028,-875
542.061,-973
542.095,-886
542.128,-891
542.161,-811
542.195,-789
542.228,-693
542.261,-658
542.295,-680
542.328,-741
542.361,-815
542.395,-948
542.428,-866
542.461,-868
542.495,-1002
542.528,-973
542.561,-958
542.595,-974
542.628,-1068
542.661,-1127
542.695,-1136
542.728,-1127
542.761,-1104
542.795,-1096
542.828,-1090
542.861,-1055
542.895,-1281
542.928,-1269
542.961,-1012
542.995,-923
543.028,-804
543.061,-748
543.095,-736
543.128,-797
543.161,-713
543.195,-829
543.228,-772
543.261,-730
543.295,-786
543.328,-774
543.361,-747
543.395,-784
543.428,-719
543.461,-900
543.495,-728
543.528,-816
543.561,-762
543.595,-769
543.628,-791
543.661,-800
543.695,-754
543.728,-778
543.761,-782
543.795,-844
543.828,-772
543.861,-736
543.895,-728
543.928,-713
543.961,-730
543.995,-764
544.028,-767
544.061,-789
544.095,-771
544.128,-885
544.161,-987
544.195,-1093
544.228,-1145
544.261,-1175
544.295,-1165
544.328,-1130
544.361,-1161
544.395,-1150
544.428,-1146
544.461,-1099
544.495,-1056
544.528,-1079
544.561,-1095
544.595,-948
544.628,-867
544.661,-786
544.695,-730
544.728,-657
544.761,-634
544.795,-568
544.828,-556
544.861,-586
544.895,-679
544.928,-653
544.961,-729
544.995,-815
545.028,-885
545.061,-933
545.095,-1004
545.128,-895
545.161,-903
545.195,-902
545.228,-928
545.261,-946
545.295,-982
545.328,-942
545.361,-1087
545.395,-1040
545.428,-990
545.461,-963
545.495,-1065
545.528,-1026
545.561,-970
545.595,-880
545.628,-809
545.661,-768
545.695,-761
545.728,-771
545.761,-790
545.795,-792
545.828,-865
545.861,-929
545.895,-934
545.928,-924
545.961,-973
545.995,-866
546.028,-1105
546.061,-1419
546.095,-1473
546.128,-1266
546.161,-1464
546.195,-1375
546.228,-1103
546.261,-864
546.295,-653
546.328,-537
546.361,-430
546.395,-443
546.428,-563
546.461,-731
546.495,-892
546.528,-939
546.561,-963
546.595,-1029
546.628,-1034
546.661,-1530
546.695,-1086
546.728,-848
546.761,-1125
546.795,-1268
546.828,-1073
546.861,-817
546.895,-687
546.928,-625
546.961,-586
546.995,-596
547.028,-663
547.061,-693
547.095,-700
547.128,-760
547.161,-804
547.195,-933
547.228,-1049
547.261,-946
547.295,-1071
547.328,-1132
547.361,-1127
547.395,-1265
547.428,-1505
547.461,-1396
547.495,-1159
547.528,-941
547.561,-731
547.595,-617
547.628,-633
547.661,-737
547.695,-825
547.728,-894
547.761,-973
547.795,-1108
547.828,-1140
547.861,-1052
547.895,-939
547.928,-813
547.961,-705
547.995,-965
548.028,-1525
548.061,-1366
548.095,-1114
548.128,-829
548.161,-625
548.195,-508
548.228,-446
548.261,-455
548.295,-609
548.328,-790
548.361,-848
548.395,-839
548.428,-799
548.461,-904
548.495,-948
548.528,-934
548.561,-848
548.595,-918
548.628,-870
548.661,-928
548.695,-893
548.728,-853
548.761,-726
548.795,-603
548.828,-462
548.861,-362
548.895,-413
548.928,-499
548.961,-631
548.995,-608
549.028,-418
549.061,-251
549.095,-670
549.128,-1864
549.161,-76
549.195,627
549.228,535
549.261,92
549.295,89
549.328,217
549.361,274
549.395,158
549.428,152
549.461,182
549.495,131
549.528,172
549.561,257
549.595,224
549.628,262
549.661,-57
549.695,-163
549.728,1
549.761,259
549.795,198
549.828,85
549.861,107
549.895,201
549.928,280
549.961,320
549.995,310
550.028,245
550.061,218
550.094,254
550.128,261
550.161,225
550.194,235
550.228,220
550.261,204
550.294,159
550.328,163
550.361,168
550.394,253
550.428,199
550.461,268
550.494,356
550.528,544
550.561,251
550.594,-161
550.628,-213
550.661,-132
550.694,-57
550.728,-75
550.761,-48
550.794,9
550.828,-159
550.861,-595
550.894,-453
550.928,499
550.961,-52
550.994,-489
551.028,284
551.061,-118
551.094,-276
551.128,-29
551.161,-278
551.194,434
551.228,161
551.261,-237
551.294,-265
551.328,-339
551.361,-419
551.394,-448
551.428,-443
551.461,-349
551.494,-320
551.528,-469
551.561,-550
551.594,-712
551.628,-1051
551.661,-1409
551.694,-1816
551.728,-1860
551.761,-1389
551.794,-1267
551.828,-1330
551.861,-979
551.894,-950
551.928,-795
551.961,-853
551.994,-876
552.028,-897
552.061,-941
552.094,-901
552.128,-810
552.161,-830
552.194,-867
552.228,-985
552.261,-1002
552.294,-998
552.328,-984
552.361,-848
552.394,-698
552.428,-537
552.461,-781
552.494,-1071
552.528,-768
552.561,-414
552.594,-124
552.628,-152
552.661,-320
552.694,-366
552.728,-380
552.761,-229
552.794,-596
552.828,-620
552.861,209
552.894,158
552.928,-26
552.961,-700
552.994,-252
553.028,-155
553.061,-266
553.094,-222
553.128,-364
553.161,-284
553.194,-89
553.228,-21
553.261,-32
553.294,52
553.328,167
553.361,230
553.394,309
553.428,267
553.461,405
553.494,269
553.528,453
553.561,286
553.594,351
553.628,565
553.661,588
553.694,418
553.728,396
553.761,441
553.794,393
553.828,655
553.861,844
553.894,646
553.928,492
553.961,434
553.994,471
554.028,516
554.061,553
554.094,482
554.128,205
554.161,108
554.194,56
554.228,142
554.261,105
554.294,97
554.328,2
554.361,-177
554.394,-99
554.428,-55
554.461,-2
554.494,81
554.528,-55
554.561,-84
554.594,-47
554.628,-89
554.661,-252
554.694,-344
554.728,-495
554.761,-704
554.794,-824
554.828,-874
554.861,-974
554.894,-1158
554.928,-1403
554.961,-1702
554.994,-1857
555.028,-1856
555.061,-1854
555.094,-1708
555.128,-1467
555.161,-1243
555.194,-986
555.228,-742
555.261,-818
555.294,-934
555.328,-867
555.361,-1083
555.394,-1124
555.428,-1075
555.461,-1007
555.494,-949
555.528,-827
555.561,-786
555.594,-884
555.628,-975
555.661,-1069
555.694,-1110
555.728,-1122
555.761,-1053
555.794,-977
555.828,-926
555.861,-784
555.894,-826
555.928,-1078
555.961,-1489
555.994,-1451
556.028,-1102
556.061,-786
556.094,-639
556.128,-543
556.161,-514
556.194,-548
556.228,-621
556.261,-650
556.294,-631
556.328,-821
556.361,-1189
556.394,-1049
556.428,-1230
556.461,-1072
556.494,-1159
556.528,-1418
556.561,-1538
556.594,-1543
556.628,-1366
556.661,-1100
556.694,-870
556.728,-688
556.761,-620
556.794,-585
556.828,-543
556.861,-623
556.894,-846
556.928,-999
556.961,-949
556.994,-1057
557.028,-917
557.061,-842
557.094,-1164
557.128,-1377
557.161,-1079
557.194,-845
557.228,-704
557.261,-623
557.294,-538
557.328,-469
557.361,-482
557.394,-578
557.428,-695
557.461,-807
557.494,-827
557.528,-923
557.561,-975
557.594,-1001
557.628,-896
557.661,-976
557.694,-1319
557.728,-1299
557.761,-1199
557.794,-989
557.828,-818
557.861,-707
557.894,-631
557.928,-628
557.961,-621
557.994,-578
558.028,-302
558.061,-137
558.094,-83
558.128,1
558.161,-267
558.194,-1510
558.228,-1281
558.261,675
558.294,833
558.328,69
558.361,-46
558.394,402
558.428,314
558.461,269
558.494,256
558.528,337
558.561,328
558.594,368
558.628,310
558.661,384
558.694,403
558.728,362
558.761,342
558.794,346
558.828,384
558.861,369
558.894,345
558.928,374
558.961,342
558.994,327
559.028,261
559.061,167
559.094,92
559.128,22
559.161,-4
559.194,-36
559.228,70
559.261,106
559.294,24
559.328,-4
559.361,41
559.394,214
559.428,90
559.461,-220
559.494,-273
559.528,-108
559.561,-23
559.594,-88
559.628,-39
559.661,-91
559.694,-88
559.728,-99
559.761,-142
559.794,-29
559.828,57
559.861,-90
559.894,-127
559.928,-78
559.961,-105
559.994,-75
560.028,-156
560.061,-115
560.094,-195
560.128,-280
560.161,332
560.194,223
560.228,-73
560.261,620
560.294,15
560.328,149
560.361,539
560.394,-399
560.428,-1013
560.461,436
560.494,-155
560.528,-92
560.561,-30
560.594,-360
560.628,-495
560.661,-484
560.694,-615
560.728,-578
560.761,-435
560.794,-462
560.828,-476
560.861,-637
560.894,-941
560.928,-1363
560.961,-1761
560.994,-1736
561.028,-1215
561.061,-1030
561.094,-1078
561.128,-785
561.161,-790
561.194,-914
561.228,-886
561.261,-941
561.294,-1102
561.328,-1034
561.361,-1004
561.394,-767
561.428,-952
561.461,-1075
561.494,-1122
561.528,-1173
561.561,-1189
561.594,-855
561.628,-421
561.661,-535
561.694,-661
561.728,-925
561.761,-741
561.794,-315
561.828,-437
561.861,-78
561.894,275
561.928,46
561.961,-80
561.994,70
562.028,-67
562.061,936
562.094,-239
562.128,-132
562.161,555
562.194,26
562.228,-204
562.261,74
562.294,134
562.328,-227
562.361,-326
562.394,-465
562.428,-482
562.461,-295
562.494,-140
562.528,-24
562.561,202
562.594,267
562.628,434
562.661,397
562.694,406
562.728,365
562.761,328
562.794,356
562.828,360
562.861,398
562.894,381
562.928,269
562.961,239
562.994,270
563.028,243
563.061,249
563.094,328
563.128,279
563.161,214
563.194,208
563.228,148
563.261,157
563.294,169
563.328,149
563.361,161
563.394,147
563.428,172
563.461,191
563.494,225
563.528,351
563.561,343
563.594,273
563.628,286
563.661,281
563.694,241
563.728,274
563.761,289
563.794,213
563.828,161
563.861,196
563.894,206
563.928,184
563.961,139
563.994,298
564.028,176
564.061,1
564.094,172
564.128,282
564.161,117
564.194,202
564.228,309
564.261,190
564.294,159
564.328,145
564.361,17
564.394,-167
564.428,-176
564.461,-460
564.494,-562
564.528,-371
564.561,-340
564.594,-374
564.628,-420
564.661,-490
564.694,-540
564.728,-680
564.761,-846
564.794,-1168
564.828,-1357
564.861,-1475
564.894,-1461
564.928,-1115
564.961,-906
564.994,-838
565.028,-793
565.061,-781
565.094,-779
565.128,-770
565.161,-1012
565.194,-1028
565.228,-874
565.261,-1002
565.294,-1027
565.328,-945
565.361,-1068
565.394,-1174
565.428,-1040
565.461,-904
565.494,-819
565.528,-775
565.561,-776
565.594,-851
565.628,-892
565.661,-912
565.694,-897
565.728,-837
565.761,-873
565.794,-944
565.828,-1037
565.861,-1058
565.894,-1143
565.928,-1022
565.961,-929
565.994,-968
566.028,-1132
566.061,-1081
566.094,-896
566.128,-761
566.161,-671
566.194,-612
566.228,-584
566.261,-619
566.294,-670
566.328,-675
566.361,-744
566.394,-836
566.428,-949
566.461,-1173
566.494,-1220
566.528,-1266
566.561,-1219
566.594,-1071
566.628,-1079
566.661,-1258
566.694,-1255
566.728,-1088
566.761,-887
566.794,-719
566.828,-602
566.861,-553
566.894,-529
566.928,-554
566.961,-614
566.994,-793
567.028,-1047
567.061,-1085
567.094,-1132
567.128,-1047
567.161,-989
567.194,-1061
567.228,-1401
567.261,-1238
567.294,-946
567.328,-670
567.361,-491
567.394,-399
567.428,-379
567.461,-420
567.494,-526
567.528,-694
567.561,-829
567.594,-902
567.628,-1232
567.661,-1273
567.694,-1357
567.728,-1221
567.761,-1143
567.794,-1225
567.828,-1476
567.861,-1435
567.894,-1241
567.928,-977
567.961,-731
567.994,-565
568.028,-462
568.061,-468
568.094,-485
568.128,-585
568.161,-680
568.194,-835
568.228,-996
568.261,-1005
568.294,-1190
568.328,-1095
568.361,-954
568.394,-1243
568.428,-1443
568.461,-1159
568.494,-907
568.528,-689
568.561,-465
568.594,-353
568.628,-358
568.661,-515
568.694,-637
568.728,-711
568.761,-678
568.794,-670
568.828,-616
568.861,-531
568.894,-547
568.928,-664
568.961,-666
568.994,-757
569.028,-734
569.061,-674
569.094,-593
569.128,-575
569.161,-547
569.194,-464
569.228,-502
569.261,-407
569.294,-525
569.328,-579
569.361,-173
569.394,-396
569.428,-344
569.461,-533
569.494,-362
569.528,-398
569.561,-576
569.594,-551
569.628,-537
569.661,-792
569.694,-918
569.728,-982
569.761,-1059
569.794,-1226
569.828,-1214
569.861,-1107
569.894,-1436
569.928,-971
569.961,-741
569.994,-607
570.028,-660
570.061,-767
570.094,-957
570.128,-1034
570.161,-987
570.194,-937
570.228,-898
570.261,-703
570.294,-623
570.328,-602
570.361,-617
570.394,-659
570.428,-594
570.461,-525
570.494,-363
570.528,-303
570.561,-513
570.594,-751
570.628,-476
570.661,-523
570.694,-382
570.728,-375
570.761,-473
570.794,-395
570.828,-413
570.861,-601
570.894,-617
570.928,-531
570.961,-449
570.994,-392
571.028,-315
571.061,-407
571.094,-624
571.128,-539
571.161,-1072
571.194,-846
571.228,-874
571.261,-1003
571.294,-1005
571.328,-1106
571.361,-1150
571.394,-1544
571.428,-902
571.461,-1162
571.494,-1008
571.528,-808
571.561,-760
571.594,-781
571.628,-904
571.661,-966
571.694,-907
571.728,-866
571.761,-855
571.794,-882
571.828,-890
571.861,-923
571.894,-896
571.928,-952
571.961,-1027
571.994,-1135
572.028,-1276
572.061,-1222
572.094,-1110
572.128,-1002
572.161,-1056
572.194,-1046
572.228,-1034
572.261,-940
572.294,-813
572.328,-742
572.361,-745
572.394,-788
572.428,-888
572.461,-923
572.494,-921
572.528,-941
572.561,-1027
572.594,-1113
572.628,-1241
572.661,-1159
572.694,-956
572.728,-826
572.761,-1034
572.794,-1274
572.828,-1121
572.861,-898
572.894,-741
572.928,-650
572.961,-546
572.994,-652
573.028,-738
573.061,-748
573.094,-751
573.128,-808
573.161,-865
573.194,-939
573.228,-973
573.261,-983
573.294,-1084
573.328,-1088
573.361,-1067
573.394,-1076
573.428,-1090
573.461,-1059
573.494,-1148
573.528,-1062
573.561,-909
573.594,-780
573.628,-761
573.661,-771
573.694,-827
573.728,-800
573.761,-891
573.794,-831
573.828,-751
573.861,-639
573.894,-457
573.928,-323
573.961,-355
573.994,-487
574.028,-471
574.061,-477
574.094,-743
574.128,-730
574.161,-1132
574.194,-1693
574.228,-1570
574.261,-1503
574.294,-1216
574.328,-1164
574.361,-872
574.394,-790
574.428,-745
574.461,-598
574.494,-358
574.528,-251
574.561,-319
574.594,-496
574.628,-602
574.661,-567
574.694,-553
574.728,-560
574.761,-706
574.794,-743
574.828,-909
574.861,-994
574.894,-1221
574.928,-1349
574.961,-1527
574.994,-1236
575.028,-1157
575.061,-1427
575.094,-1071
575.128,-654
575.161,-357
575.194,174
575.228,727
575.261,178
575.294,-99
575.328,-389
575.361,-441
575.394,-730
575.428,-1126
575.461,-1528
575.494,-1706
575.528,-1307
575.561,-1352
575.594,-1167
575.628,-951
575.661,-805
575.694,-810
575.728,-598
575.761,-530
575.794,-460
575.828,-535
575.861,-645
575.894,-759
575.928,-809
575.961,-845
575.994,-856
576.028,-1106
576.061,-1221
576.094,-929
576.128,-922
576.161,-978
576.194,-914
576.228,-995
576.261,-898
576.294,-919
576.328,-856
576.361,-851
576.394,-849
576.428,-678
576.461,-975
576.494,-839
576.528,-871
576.561,-807
576.594,-764
576.628,-756
576.661,-662
576.694,-676
576.728,-638
576.761,-595
576.794,-583
576.828,-645
576.861,-741
576.894,-828
576.928,-768
576.961,-689
576.994,-674
577.028,-844
577.061,-1102
577.094,-1152
577.128,-1237
577.161,-1309
577.194,-1180
577.228,-1153
577.261,-1206
577.294,-1325
577.328,-980
577.361,-768
577.394,-548
577.428,-419
577.461,-154
577.494,-214
577.528,-458
577.561,-697
577.594,-980
577.628,-1125
577.661,-1172
577.694,-1024
577.728,-859
577.761,-752
577.794,-594
577.828,-611
577.861,-780
577.894,-969
577.928,-1092
577.961,-1091
577.994,-974
578.028,-886
578.061,-840
578.094,-883
578.128,-884
578.161,-662
578.194,-664
578.228,-606
578.261,-762
578.294,-783
578.328,-764
578.361,-749
578.394,-567
578.428,-621
578.461,-483
578.494,-428
578.528,-544
578.561,-609
578.594,-545
578.628,-535
578.661,-630
578.694,-738
578.728,-817
578.761,-996
578.794,-993
578.828,-1063
578.861,-1111
578.894,-1020
578.928,-924
578.961,-970
578.994,-1089
579.028,-918
579.061,-636
579.094,-524
579.128,-531
579.161,-518
579.194,-571
579.228,-737
579.261,-934
579.294,-997
579.328,-978
579.361,-1293
579.394,-1283
579.428,-893
579.461,-684
579.494,-641
579.528,-697
579.561,-846
579.594,-972
579.628,-1023
579.661,-912
579.694,-1049
579.728,-1312
579.761,-1334
579.794,-993
579.828,-920
579.861,-826
579.894,-846
579.928,-853
579.961,-844
579.994,-820
580.028,-857
580.061,-893
580.094,-878
580.128,-812
580.161,-848
580.194,-833
580.228,-830
580.261,-871
580.294,-876
580.328,-883
580.361,-884
580.394,-903
580.428,-1027
580.461,-997
580.494,-844
580.528,-791
580.561,-826
580.594,-729
580.628,-704
580.661,-794
580.694,-1027
580.728,-1150
580.761,-1119
580.794,-1000
580.828,-874
580.861,-851
580.894,-855
580.928,-877
580.961,-807
580.994,-744
581.028,-786
581.061,-790
581.094,-702
581.128,-608
581.161,-500
581.194,-514
581.228,-492
581.261,-469
581.294,-615
581.328,-872
581.361,-1186
581.394,-1079
581.428,-891
581.461,-825
581.494,-721
581.528,-758
581.561,-737
581.594,-703
581.628,-691
581.661,-691
581.694,-649
581.728,-633
581.761,-662
581.794,-694
581.828,-706
581.861,-698
581.894,-714
581.928,-738
581.961,-748
581.994,-813
582.028,-844
582.061,-936
582.094,-921
582.128,-776
582.161,-715
582.194,-495
582.228,-361
582.261,-275
582.294,-38
582.328,45
582.361,145
582.394,213
582.428,204
582.461,205
582.494,256
582.528,321
582.561,410
582.594,429
582.628,485
582.661,507
582.694,513
582.728,578
582.761,605
582.794,642
582.828,645
582.861,658
582.894,680
582.928,713
582.961,754
582.994,751
583.028,768
583.061,776
583.094,748
583.128,754
583.161,756
583.194,765
583.228,795
583.261,817
583.294,817
583.328,782
583.361,777
583.394,800
583.427,790
583.461,791
583.494,796
583.527,795
583.561,809
583.594,813
583.627,800
583.661,830
583.694,840
583.727,821
583.761,824
583.794,824
583.827,825
583.861,834
583.894,839
583.927,830
583.961,822
583.994,830
584.027,834
584.061,840
584.094,835
584.127,841
584.161,840
584.194,835
584.227,837
584.261,827
584.294,829
584.327,841
584.361,846
584.394,847
584.427,835
584.461,833
584.494,820
584.527,817
584.561,820
584.594,812
584.627,824
584.661,827
584.694,831
584.727,813
584.761,799
584.794,798
584.827,793
584.861,784
584.894,778
584.927,757
584.961,771
584.994,806
585.027,767
585.061,769
585.094,782
585.127,740
585.161,737
585.194,780
585.227,742
585.261,731
585.294,743
585.327,695
585.361,628
585.394,595
585.427,557
585.461,499
585.494,455
585.527,406
585.561,375
585.594,332
585.627,240
585.661,283
585.694,247
585.727,239
585.761,243
585.794,181
585.827,130
585.861,45
585.894,-13
585.927,-48
585.961,-159
585.994,-241
586.027,-380
586.061,-466
586.094,-625
586.127,-702
586.161,-730
586.194,-733
586.227,-675
586.261,-661
586.294,-595
586.327,-566
586.361,-577
586.394,-609
586.427,-614
586.461,-591
586.494,-635
586.527,-608
586.561,-712
586.594,-700
586.627,-625
586.661,-587
586.694,-635
586.727,-675
586.761,-740
586.794,-780
586.827,-819
586.861,-877
586.894,-980
586.927,-1035
586.961,-967
586.994,-877
587.027,-788
587.061,-661
587.094,-633
587.127,-657
587.161,-760
587.194,-766
587.227,-942
587.261,-1274
587.294,-1314
587.327,-1139
587.361,-981
587.394,-855
587.427,-773
587.461,-758
587.494,-930
587.527,-1045
587.561,-1029
587.594,-981
587.627,-954
587.661,-920
587.694,-916
587.727,-953
587.761,-989
587.794,-1016
587.827,-987
587.861,-877
587.894,-833
587.927,-815
587.961,-841
587.994,-1025
588.027,-1166
588.061,-1167
588.094,-1102
588.127,-959
588.161,-840
588.194,-802
588.227,-780
588.261,-797
588.294,-815
588.327,-835
588.361,-857
588.394,-864
588.427,-874
588.461,-863
588.494,-882
588.527,-879
588.561,-873
588.594,-879
588.627,-952
588.661,-1068
588.694,-1172
588.727,-1197
588.761,-1327
588.794,-1246
588.827,-1003
588.861,-960
588.894,-881
588.927,-843
588.961,-893
588.994,-838
589.027,-1008
589.061,-949
589.094,-894
589.127,-916
589.161,-857
589.194,-852
589.227,-883
589.261,-959
589.294,-959
589.327,-1038
589.361,-972
589.394,-657
589.427,-568
589.461,-593
589.494,-586
589.527,-433
589.561,-1169
589.594,-1131
589.627,-933
589.661,-783
589.694,-712
589.727,-729
589.761,-743
589.794,-684
589.827,-696
589.861,-657
589.894,-661
589.927,-688
589.961,-658
589.994,-674
590.027,-694
590.061,-577
590.094,-599
590.127,-555
590.161,-544
590.194,-586
590.227,-592
590.261,-535
590.294,-491
590.327,-441
590.361,-387
590.394,-416
590.427,-437
590.461,-362
590.494,-308
590.527,-332
590.561,-332
590.594,-398
590.627,-461
590.661,-379
590.694,-336
590.727,-390
590.761,-402
590.794,-408
590.827,-470
590.861,-568
590.894,-629
590.927,-433
590.961,-260
590.994,-114
591.027,70
591.061,216
591.094,408
591.127,530
591.161,499
591.194,390
591.227,400
591.261,394
591.294,399
591.327,346
591.361,295
591.394,229
591.427,159
591.461,-57
591.494,-236
591.527,-198
591.561,-164
591.594,-91
591.627,58
591.661,-39
591.694,37
591.727,36
591.761,-30
591.794,46
591.827,22
591.861,66
591.894,70
591.927,44
591.961,88
591.994,76
592.027,41
592.061,95
592.094,25
592.127,96
592.161,54
592.194,31
592.227,84
592.261,19
592.294,-40
592.327,-44
592.361,-58
592.394,-18
592.427,10
592.461,22
592.494,57
592.527,161
592.561,262
592.594,321
592.627,401
592.661,476
592.694,514
592.727,575
592.761,661
592.794,646
592.827,687
592.861,711
592.894,721
592.927,759
592.961,769
592.994,778
593.027,799
593.061,799
593.094,807
593.127,793
593.161,794
593.194,800
593.227,794
593.261,806
593.294,802
593.327,806
593.361,829
593.394,822
593.427,826
593.461,824
593.494,811
593.527,812
593.561,826
593.594,834
593.627,838
593.661,822
593.694,841
593.727,846
593.761,829
593.794,845
593.827,847
593.861,839
593.894,828
593.927,832
593.961,832
593.994,820
594.027,824
594.061,831
594.094,819
594.127,827
594.161,838
594.194,841
594.227,832
594.261,821
594.294,825
594.327,818
594.361,824
594.394,830
594.427,830
594.461,823
594.494,825
594.527,826
594.561,820
594.594,828
594.627,834
594.661,825
594.694,817
594.727,814
594.761,823
594.794,824
594.827,822
594.861,830
594.894,827
594.927,815
594.961,811
594.994,810
595.027,818
595.061,812
595.094,815
595.127,809
595.161,803
595.194,795
595.227,804
595.261,817
595.294,807
595.327,808
595.361,809
595.394,804
595.427,778
595.461,791
595.494,789
595.527,797
595.561,791
595.594,789
595.627,782
595.661,771
595.694,781
595.727,780
595.761,760
595.794,763
595.827,775
595.861,760
595.894,764
595.927,738
595.961,725
595.994,723
596.027,735
596.061,748
596.094,758
596.127,750
596.161,736
596.194,713
596.227,687
596.261,629
596.294,588
596.327,541
596.361,482
596.394,434
596.427,407
596.461,356
596.494,293
596.527,205
596.561,158
596.594,36
596.627,24
596.661,-56
596.694,-27
596.727,5
596.761,77
596.794,59
596.827,39
596.861,31
596.894,18
596.927,49
596.961,-8
596.994,-217
597.027,4
597.061,-3
597.094,-25
597.127,-21
597.161,-8
597.194,-62
597.227,-131
597.261,-216
597.294,-407
597.327,-671
597.361,-650
597.394,-399
597.427,-188
597.461,11
597.494,253
597.527,342
597.561,373
597.594,312
597.627,205
597.661,164
597.694,148
597.727,-90
597.761,-270
597.794,-741
597.827,-952
597.861,-396
597.894,-450
597.927,-531
597.961,-525
597.994,-561
598.027,-669
598.061,-655
598.094,-619
598.127,-643
598.161,-618
598.194,-598
598.227,-559
598.261,-528
598.294,-513
598.327,-500
598.361,-492
598.394,-476
598.427,-480
598.461,-497
598.494,-479
598.527,-440
598.561,-468
598.594,-445
598.627,-507
598.661,-485
598.694,-475
598.727,-536
598.761,-596
598.794,-592
598.827,-620
598.861,-614
598.894,-585
598.927,-556
598.961,-525
598.994,-516
599.027,-508
599.061,-490
599.094,-530
599.127,-599
599.161,-659
599.194,-692
599.227,-716
599.261,-762
599.294,-883
599.327,-1004
599.361,-1090
599.394,-1167
599.427,-1111
599.461,-1050
599.494,-1088
599.527,-1045
599.561,-1066
599.594,-1111
599.627,-1177
599.661,-1153
599.694,-1147
599.727,-1097
599.761,-853
599.794,-661
599.827,-593
599.861,-620
599.894,-686
599.927,-758
599.961,-858
599.994,-995
600.027,-1028
600.061,-1016
600.094,-1001
600.127,-976
600.161,-895
600.194,-857
600.227,-869
600.261,-884
600.294,-879
600.327,-870
600.361,-871
600.394,-839
600.427,-765
600.461,-722
600.494,-778
600.527,-865
600.561,-981
600.594,-986
600.627,-1098
600.661,-1292
600.694,-1172
600.727,-1160
600.761,-1246
600.794,-1093
600.827,-929
600.861,-845
600.894,-822
600.927,-826
600.961,-853
600.994,-866
601.027,-956
601.061,-1070
601.094,-1224
601.127,-1344
601.161,-1412
601.194,-1075
601.227,-597
601.261,-503
601.294,-795
601.327,-871
601.361,-886
601.394,-911
601.427,-842
601.461,-797
601.494,-760
601.527,-633
601.561,-594
601.594,-547
601.627,-497
601.661,-578
601.694,-669
601.727,-855
601.761,-904
601.794,-961
601.827,-1009
601.861,-1079
601.894,-939
601.927,-938
601.961,-824
601.994,-741
602.027,-725
602.061,-687
602.094,-824
602.127,-799
602.161,-465
602.194,-745
602.227,-842
602.261,-1034
602.294,-925
602.327,-1074
602.361,-1026
602.394,-987
602.427,-709
602.461,-412
602.494,-519
602.527,-797
602.561,-636
602.594,-573
602.627,-495
602.661,-524
602.694,-473
602.727,-390
602.761,-398
602.794,-380
602.827,-485
602.861,-467
602.894,-529
602.927,-730
602.961,-785
602.994,-769
603.027,-861
603.061,-820
603.094,-803
603.127,-801
603.161,-795
603.194,-654
603.227,-755
603.261,-768
603.294,-822
603.327,-917
603.361,-1005
603.394,-1033
603.427,-919
603.461,-775
603.494,-615
603.527,-535
603.561,-526
603.594,-497
603.627,-604
603.661,-945
603.694,-1447
603.727,-1678
603.761,-1292
603.794,-1078
603.827,-1041
603.861,-941
603.894,-860
603.927,-773
603.961,-815
603.994,-846
604.027,-920
604.061,-1094
604.094,-1186
604.127,-1001
604.161,-796
604.194,-602
604.227,-522
604.261,-546
604.294,-507
604.327,-489
604.361,-558
604.394,-586
604.427,-612
604.461,-799
604.494,-920
604.527,-976
604.561,-1034
604.594,-968
604.627,-640
604.661,-599
604.694,-628
604.727,-530
604.761,-653
604.794,-721
604.827,-738
604.861,-814
604.894,-748
604.927,-633
604.961,-682
604.994,-556
605.027,-532
605.061,-680
605.094,-524
605.127,-512
605.161,-568
605.194,-532
605.227,-361
605.261,-436
605.294,-377
605.327,-491
605.361,-581
605.394,-658
605.427,-970
605.461,-1076
605.494,-771
605.527,-498
605.561,-595
605.594,-589
605.627,-578
605.661,-489
605.694,-642
605.727,-766
605.761,-760
605.794,-787
605.827,-705
605.861,-1761
605.894,-692
605.927,-847
605.961,-887
605.994,-967
606.027,-770
606.061,-685
606.094,-765
606.127,-778
606.161,-752
606.194,-768
606.227,-1114
606.261,-1110
606.294,-995
606.327,-968
606.361,-850
606.394,-876
606.427,-930
606.461,-905
606.494,-1028
606.527,-1373
606.561,-1488
606.594,-1390
606.627,-1240
606.661,-994
606.694,-959
606.727,-915
606.761,-900
606.794,-872
606.827,-773
606.861,-688
606.894,-705
606.927,-762
606.961,-817
606.994,-874
607.027,-960
607.061,-1073
607.094,-957
607.127,-951
607.161,-962
607.194,-988
607.227,-926
607.261,-868
607.294,-966
607.327,-1091
607.361,-929
607.394,-916
607.427,-944
607.461,-932
607.494,-993
607.527,-989
607.561,-863
607.594,-788
607.627,-776
607.661,-804
607.694,-892
607.727,-1011
607.761,-1052
607.794,-1025
607.827,-982
607.861,-942
607.894,-861
607.927,-833
607.961,-969
607.994,-802
608.027,-719
608.061,-834
608.094,-997
608.127,-913
608.161,-831
608.194,-798
608.227,-831
608.261,-720
608.294,-622
608.327,-580
608.361,-580
608.394,-585
608.427,-637
608.461,-843
608.494,-1118
608.527,-883
608.561,-792
608.594,-962
608.627,-1025
608.661,-1039
608.694,-978
608.727,-955
608.761,-938
608.794,-945
608.827,-964
608.861,-795
608.894,-866
608.927,-680
608.961,-804
608.994,-687
609.027,-366
609.061,-469
609.094,-640
609.127,-659
609.161,-465
609.194,-1117
609.227,-939
609.261,-1067
609.294,-1270
609.327,-853
609.361,-302
609.394,-334
609.427,-260
609.461,-397
609.494,-542
609.527,-715
609.561,-657
609.594,-553
609.627,-394
609.661,-451
609.694,-688
609.727,-946
609.761,-911
609.794,-810
609.827,-948
609.861,-885
609.894,-805
609.927,-497
609.961,-633
609.994,-684
610.027,-1118
610.061,-881
610.094,-925
610.127,-804
610.161,-1004
610.194,-1092
610.227,-1105
610.261,-1060
610.294,-1100
610.327,-1110
610.361,-1172
610.394,-1303
610.427,-1191
610.461,-1236
610.494,-1280
610.527,-1246
610.561,-1460
610.594,-1420
610.627,-1295
610.661,-1194
610.694,-1172
610.727,-1124
610.761,-1040
610.794,-965
610.827,-944
610.861,-989
610.894,-801
610.927,-653
610.961,-626
610.994,-558
611.027,-575
611.061,-551
611.094,-579
611.127,-625
611.161,-655
611.194,-649
611.227,-682
611.261,-806
611.294,-631
611.327,-645
611.361,-854
611.394,-996
611.427,-890
611.461,-794
611.494,-873
611.527,-1014
611.561,-1038
611.594,-991
611.627,-939
611.661,-864
611.694,-833
611.727,-820
611.761,-840
611.794,-832
611.827,-728
611.861,-656
611.894,-733
611.927,-804
611.961,-792
611.994,-758
612.027,-665
612.061,-609
612.094,-655
612.127,-688
612.161,-798
612.194,-1025
612.227,-1109
612.261,-1022
612.294,-943
612.327,-875
612.361,-935
612.394,-886
612.427,-850
612.461,-771
612.494,-831
612.527,-1008
612.561,-1116
612.594,-1151
612.627,-1140
612.661,-1141
612.694,-1243
612.727,-1118
612.761,-1199
612.794,-1330
612.827,-1361
612.861,-1167
612.894,-1078
612.927,-1091
612.961,-1251
612.994,-1373
613.027,-1298
613.061,-1090
613.094,-1067
613.127,-1064
613.161,-1037
613.194,-954
613.227,-838
613.261,-814
613.294,-843
613.327,-820
613.361,-645
613.394,-582
613.427,-631
613.461,-623
613.494,-603
613.527,-627
613.561,-481
613.594,-482
613.627,-577
613.661,-605
613.694,-614
613.727,-504
613.761,-506
613.794,-495
613.827,-565
613.861,-640
613.894,-644
613.927,-664
613.961,-619
613.994,-623
614.027,-861
614.061,-1140
614.094,-982
614.127,-701
614.161,-496
614.194,-590
614.227,-615
614.261,-811
614.294,-810
614.327,-657
614.361,-906
614.394,-1092
614.427,-1170
614.461,-1107
614.494,-1002
614.527,-945
614.561,-942
614.594,-953
614.627,-915
614.661,-926
614.694,-875
614.727,-868
614.761,-769
614.794,-918
614.827,-873
614.861,-809
614.894,-625
614.927,-497
614.961,-536
614.994,-667
615.027,-772
615.061,-914
615.094,-873
615.127,-960
615.161,-1028
615.194,-1102
615.227,-1018
615.261,-1027
615.294,-971
615.327,-860
615.361,-844
615.394,-874
615.427,-965
615.461,-958
615.494,-927
615.527,-847
615.561,-819
615.594,-908
615.627,-966
615.661,-1009
615.694,-1033
615.727,-1006
615.761,-966
615.794,-932
615.827,-923
615.861,-965
615.894,-968
615.927,-976
615.961,-1071
615.994,-1192
616.027,-1094
616.061,-865
616.094,-705
616.127,-660
616.161,-759
616.194,-858
616.227,-930
616.261,-970
616.294,-914
616.327,-1003
616.361,-1039
616.394,-1055
616.427,-924
616.461,-860
616.494,-921
616.527,-941
616.561,-955
616.594,-1020
616.627,-995
616.661,-1030
616.694,-1047
616.727,-912
616.76,-721
616.794,-783
616.827,-875
616.86,-815
616.894,-628
616.927,-707
616.96,-831
616.994,-690
617.027,-692
617.06,-731
617.094,-1060
617.127,-1180
617.16,-1160
617.194,-1227
617.227,-1143
617.26,-1107
617.294,-593
617.327,-701
617.36,-576
617.394,-746
617.427,-943
617.46,-921
617.494,-776
617.527,-644
617.56,-707
617.594,-615
617.627,-620
617.66,-620
617.694,-504
617.727,-474
617.76,-568
617.794,-591
617.827,-565
617.86,-361
617.894,-681
617.927,-591
617.96,-512
617.994,-474
618.027,-536
618.06,-559
618.094,-541
618.127,-619
618.16,-685
618.194,-695
618.227,-751
618.26,-856
618.294,-918
618.327,-951
618.36,-993
618.394,-988
618.427,-979
618.46,-929
618.494,-955
618.527,-955
618.56,-949
618.594,-984
618.627,-807
618.66,-944
618.694,-767
618.727,-772
618.76,-778
618.794,-968
618.827,-1044
618.86,-1017
618.894,-867
618.927,-798
618.96,-784
618.994,-788
619.027,-830
619.06,-945
619.094,-710
619.127,-736
619.16,-952
619.194,-1022
619.227,-1023
619.26,-955
619.294,-798
619.327,-661
619.36,-1116
619.394,-673
619.427,-731
619.46,-551
619.494,-427
619.527,-410
619.56,-438
619.594,-446
619.627,-518
619.66,-569
619.694,-615
619.727,-540
619.76,-602
619.794,-625
619.827,-574
619.86,-636
619.894,-573
619.927,-563
619.96,-640
619.994,-649
620.027,-630
620.06,-632
620.094,-568
620.127,-654
620.16,-562
620.194,-1813
620.227,-32
620.26,-708
620.294,-519
620.327,-645
620.36,-640
620.394,-685
620.427,-680
620.46,-638
620.494,-745
620.527,-945
620.56,-959
620.594,-946
620.627,-909
620.66,-900
620.694,-878
620.727,-917
620.76,-915
620.794,-956
620.827,-1041
620.86,-972
620.894,-978
620.927,-964
620.96,-759
620.994,-697
621.027,-705
621.06,-746
621.094,-781
621.127,-947
621.16,-980
621.194,-934
621.227,-905
621.26,-826
621.294,-769
621.327,-765
621.36,-813
621.394,-900
621.427,-856
621.46,-841
621.494,-757
621.527,-763
621.56,-766
621.594,-774
621.627,-891
621.66,-970
621.694,-1078
621.727,-1089
621.76,-1026
621.794,-1021
621.827,-939
621.86,-912
621.894,-908
621.927,-757
621.96,-668
621.994,-605
622.027,-705
622.06,-721
622.094,-907
622.127,-903
622.16,-775
622.194,-734
622.227,-592
622.26,-686
622.294,-896
622.327,-879
622.36,-731
622.394,-646
622.427,-710
622.46,-804
622.494,-784
622.527,-752
622.56,-755
622.594,-757
622.627,-845
622.66,-690
622.694,-685
622.727,-723
622.76,-681
622.794,-749
622.827,-774
622.86,-703
622.894,-790
622.927,-691
622.96,-736
622.994,-682
623.027,-745
623.06,-706
623.094,-750
623.127,-753
623.16,-807
623.194,-809
623.227,-835
623.26,-885
623.294,-1023
623.327,-1152
623.36,-1131
623.394,-1074
623.427,-1017
623.46,-952
623.494,-880
623.527,-852
623.56,-804
623.594,-788
623.627,-804
623.66,-808
623.694,-811
623.727,-866
623.76,-918
623.794,-898
623.827,-849
623.86,-910
623.894,-890
623.927,-892
623.96,-906
623.994,-863
624.027,-751
624.06,-763
624.094,-782
624.127,-742
624.16,-757
624.194,-680
624.227,-776
624.26,-939
624.294,-1022
624.327,-1126
624.36,-1127
624.394,-1064
624.427,-1153
624.46,-1147
624.494,-945
624.527,-595
624.56,-542
624.594,-750
624.627,-830
624.66,-548
624.694,-564
624.727,-715
624.76,-677
624.794,-630
624.827,-589
624.86,-605
624.894,-752
624.927,-684
624.96,-652
624.994,-658
625.027,-645
625.06,-657
625.094,-683
625.127,-611
625.16,-660
625.194,-756
625.227,-711
625.26,-776
625.294,-1447
625.327,-296
625.36,-563
625.394,-575
625.427,-666
625.46,-677
625.494,-632
625.527,-642
625.56,-748
625.594,-521
625.627,-936
625.66,-972
625.694,-1015
625.727,-942
625.76,-866
625.794,-863
625.827,-923
625.86,-1015
625.894,-1101
625.927,-1163
625.96,-1200
625.994,-1173
626.027,-1090
626.06,-1071
626.094,-1056
626.127,-711
626.16,-676
626.194,-836
626.227,-858
626.26,-925
626.294,-950
626.327,-806
626.36,-667
626.394,-741
626.427,-848
626.46,-860
626.494,-903
626.527,-943
626.56,-923
626.594,-889
626.627,-1008
626.66,-995
626.694,-1045
626.727,-967
626.76,-879
626.794,-835
626.827,-761
626.86,-854
626.894,-849
626.927,-871
626.96,-851
626.994,-814
627.027,-793
627.06,-906
627.094,-883
627.127,-869
627.16,-795
627.194,-521
627.227,-385
627.26,-696
627.294,-764
627.327,-695
627.36,-612
627.394,-686
627.427,-777
627.46,-745
627.494,-780
627.527,-777
627.56,-774
627.594,-769
627.627,-802
627.66,-815
627.694,-853
627.727,-929
627.76,-892
627.794,-586
627.827,-331
627.86,-416
627.894,-669
627.927,-828
627.96,-856
627.994,-857
628.027,-788
628.06,-763
628.094,-808
628.127,-874
628.16,-929
628.194,-1022
628.227,-1126
628.26,-1153
628.294,-1169
628.327,-1127
628.36,-1082
628.394,-1068
628.427,-1055
628.46,-1006
628.494,-945
628.527,-965
628.56,-945
628.594,-993
628.627,-990
628.66,-1006
628.694,-798
628.727,-844
628.76,-815
628.794,-814
628.827,-830
628.86,-839
628.894,-818
628.927,-804
628.96,-855
628.994,-855
629.027,-869
629.06,-827
629.094,-816
629.127,-780
629.16,-744
629.194,-703
629.227,-717
629.26,-749
629.294,-730
629.327,-682
629.36,-694
629.394,-787
629.427,-1017
629.46,-892
629.494,-850
629.527,-943
629.56,-1019
629.594,-1129
629.627,-1256
629.66,-1304
629.694,-1165
629.727,-1058
629.76,-1099
629.794,-1109
629.827,-1031
629.86,-962
629.894,-761
629.927,-741
629.96,-831
629.994,-835
630.027,-934
630.06,-724
630.094,-825
630.127,-828
630.16,-785
630.194,-780
630.227,-785
630.26,-884
630.294,-796
630.327,-636
630.36,-891
630.394,-811
630.427,-775
630.46,-744
630.494,-793
630.527,-819
630.56,-788
630.594,-819
630.627,-1007
630.66,-813
630.694,-824
630.727,-836
630.76,-786
630.794,-695
630.827,-801
630.86,-819
630.894,-884
630.927,-1156
630.96,-1289
630.994,-1298
631.027,-1213
631.06,-1220
631.094,-1201
631.127,-1148
631.16,-1098
631.194,-1105
631.227,-983
631.26,-835
631.294,-760
631.327,-710
631.36,-635
631.394,-650
631.427,-624
631.46,-586
631.494,-578
631.527,-562
631.56,-573
631.594,-658
631.627,-773
631.66,-884
631.694,-939
631.727,-993
631.76,-963
631.794,-937
631.827,-978
631.86,-1040
631.894,-1118
631.927,-1101
631.96,-1023
631.994,-945
632.027,-934
632.06,-940
632.094,-990
632.127,-1008
632.16,-987
632.194,-971
632.227,-907
632.26,-873
632.294,-799
632.327,-767
632.36,-779
632.394,-803
632.427,-849
632.46,-885
632.494,-908
632.527,-920
632.56,-941
632.594,-892
632.627,-838
632.66,-818
632.694,-793
632.727,-759
632.76,-740
632.794,-764
632.827,-815
632.86,-905
632.894,-1109
632.927,-1274
632.96,-1194
632.994,-1156
633.027,-1100
633.06,-1033
633.094,-1086
633.127,-1011
633.16,-857
633.194,-689
633.227,-560
633.26,-500
633.294,-527
633.327,-591
633.36,-659
633.394,-716
633.427,-825
633.46,-900
633.494,-853
633.527,-1092
633.56,-1268
633.594,-1377
633.627,-1309
633.66,-1066
633.694,-1133
633.727,-1190
633.76,-1209
633.794,-1074
633.827,-873
633.86,-711
633.894,-602
633.927,-575
633.96,-644
633.994,-758
634.027,-824
634.06,-951
634.094,-1094
634.127,-1042
634.16,-1099
634.194,-1170
634.227,-894
634.26,-707
634.294,-1190
634.327,-1253
634.36,-986
634.394,-786
634.427,-716
634.46,-684
634.494,-656
634.527,-692
634.56,-736
634.594,-766
634.627,-771
634.66,-841
634.694,-952
634.727,-1103
634.76,-1100
634.794,-1230
634.827,-1155
634.86,-1133
634.894,-1251
634.927,-1432
634.96,-1236
634.994,-1147
635.027,-879
635.06,-651
635.094,-522
635.127,-474
635.16,-513
635.194,-623
635.227,-773
635.26,-924
635.294,-1026
635.327,-827
635.36,-760
635.394,-610
635.427,-558
635.46,-496
635.494,-628
635.527,-759
635.56,-725
635.594,-567
635.627,-463
635.66,-321
635.694,-276
635.727,-306
635.76,-335
635.794,-311
635.827,-350
635.86,-1868
635.894,-223
635.927,1109
635.96,1036
635.994,287
636.027,440
636.06,625
636.094,516
636.127,356
636.16,478
636.194,550
636.227,566
636.26,482
636.294,528
636.327,514
636.36,518
636.394,593
636.427,663
636.46,584
636.494,505
636.527,518
636.56,520
636.594,530
636.627,565
636.66,539
636.694,512
636.727,449
636.76,228
636.794,53
636.827,91
636.86,311
636.894,447
636.927,493
636.96,391
636.994,185
637.027,-11
637.06,65
637.094,-109
637.127,-27
637.16,0
637.194,-38
637.227,-61
637.26,39
637.294,42
637.327,17
637.36,-106
637.394,-116
637.427,-139
637.46,-238
637.494,-216
637.527,-207
637.56,-206
637.594,-176
637.627,-200
637.66,-126
637.694,-199
637.727,-254
637.76,-835
637.794,-270
637.827,268
637.86,-374
637.894,174
637.927,304
637.96,-4
637.994,-97
638.027,-38
638.06,-535
638.094,-40
638.127,-127
638.16,-86
638.194,-46
638.227,-118
638.26,-358
638.294,-575
638.327,-717
638.36,-321
638.394,-318
638.427,-406
638.46,-350
638.494,-483
638.527,-716
638.56,-754
638.594,-1197
638.627,-1236
638.66,-1265
638.694,-1132
638.727,-887
638.76,-833
638.794,-796
638.827,-883
638.86,-798
638.894,-897
638.927,-963
638.96,-1056
638.994,-1074
639.027,-998
639.06,-946
639.094,-885
639.127,-851
639.16,-821
639.194,-785
639.227,-755
639.26,-906
639.294,-989
639.327,-1065
639.36,-1076
639.394,-1014
639.427,-895
639.46,-796
639.494,-710
639.527,-666
639.56,-518
639.594,-339
639.627,-478
639.66,-616
639.694,-378
639.727,-360
639.76,-582
639.794,-27
639.827,-74
639.86,-337
639.894,-707
639.927,1004
639.96,288
639.994,-473
640.027,-764
640.06,157
640.094,127
640.127,-240
640.16,-311
640.194,-226
640.227,-157
640.26,-116
640.294,-109
640.327,-68
640.36,4
640.394,78
640.427,143
640.46,185
640.494,192
640.527,273
640.56,356
640.594,382
640.627,407
640.66,365
640.694,332
640.727,340
640.76,277
640.794,278
640.827,330
640.86,337
640.894,454
640.927,482
640.96,553
640.994,591
641.027,218
641.06,191
641.094,443
641.127,252
641.16,104
641.194,-40
641.227,154
641.26,291
641.294,148
641.327,147
641.36,104
641.394,134
641.427,258
641.46,-4
641.494,-98
641.527,-121
641.56,-79
641.594,-302
641.627,-473
641.66,-697
641.694,-713
641.727,-568
641.76,-645
641.794,-723
641.827,-846
641.86,-1036
641.894,-1078
641.927,-1187
641.96,-1618
641.994,-1628
642.027,-1282
642.06,-1233
642.094,-369
642.127,-416
642.16,-507
642.194,-770
642.227,-850
642.26,-590
642.294,-757
642.327,-852
642.36,-926
642.394,-994
642.427,-954
642.46,-877
642.494,-823
642.527,-823
642.56,-861
642.594,-912
642.627,-992
642.66,-1111
642.694,-1316
642.727,-1148
642.76,-1060
642.794,-1150
642.827,-1340
642.86,-1235
642.894,-971
642.927,-804
642.96,-585
642.994,-444
643.027,-459
643.06,-545
643.094,-638
643.127,-732
643.16,-810
643.194,-882
643.227,-961
643.26,-980
643.294,-1048
643.327,-1124
643.36,-1112
643.394,-1221
643.427,-1189
643.46,-1336
643.494,-1253
643.527,-1116
643.56,-826
643.594,-685
643.627,-536
643.66,-530
643.694,-595
643.727,-671
643.76,-806
643.794,-892
643.827,-1021
643.86,-1177
643.894,-1248
643.927,-1117
643.96,-851
643.994,-718
644.027,-1255
644.06,-1453
644.094,-1162
644.127,-877
644.16,-652
644.194,-475
644.227,-359
644.26,-358
644.294,-444
644.327,-525
644.36,-562
644.394,-561
644.427,-587
644.46,-701
644.494,-710
644.527,-673
644.56,-558
644.594,-461
644.627,-587
644.66,-595
644.694,-571
644.727,-622
644.76,-559
644.794,-445
644.827,-380
644.86,-378
644.894,-478
644.927,-463
644.96,-254
644.994,-118
645.027,-42
645.06,-1812
645.094,-295
645.127,1172
645.16,577
645.194,122
645.227,342
645.26,489
645.294,461
645.327,462
645.36,458
645.394,411
645.427,427
645.46,667
645.494,320
645.527,277
645.56,543
645.594,557
645.627,509
645.66,573
645.694,579
645.727,439
645.76,264
645.794,261
645.827,74
645.86,154
645.894,276
645.927,223
645.96,273
645.994,235
646.027,-32
646.06,247
646.094,129
646.127,-113
646.16,-194
646.194,-91
646.227,179
646.26,293
646.294,125
646.327,-23
646.36,-117
646.394,-183
646.427,-163
646.46,-99
646.494,-108
646.527,-159
646.56,-142
646.594,-135
646.627,-45
646.66,-116
646.694,-103
646.727,-94
646.76,-51
646.794,-80
646.827,-155
646.86,-147
646.894,-148
646.927,-8
646.96,-30
646.994,-33
647.027,-63
647.06,-94
647.094,-151
647.127,-986
647.16,89
647.194,560
647.227,-245
647.26,100
647.294,532
647.327,274
647.36,87
647.394,286
647.427,332
647.46,-684
647.494,-186
647.527,251
647.56,-141
647.594,-130
647.627,0
647.66,-291
647.694,-575
647.727,-628
647.76,-615
647.794,-385
647.827,-341
647.86,-412
647.894,-508
647.927,-462
647.96,-760
647.994,-1184
648.027,-1563
648.06,-1660
648.094,-1409
648.127,-1163
648.16,-1303
648.194,-852
648.227,-871
648.26,-772
648.294,-819
648.327,-775
648.36,-762
648.394,-807
648.427,-1346
648.46,-938
648.494,-945
648.527,-968
648.56,-905
648.594,-933
648.627,-944
648.66,-908
648.694,-889
648.727,-848
648.76,-826
648.794,-815
648.827,-690
648.86,-659
648.894,-817
648.927,-820
648.96,-793
648.994,-811
649.027,-795
649.06,-712
649.094,-593
649.127,-505
649.16,-429
649.194,-420
649.227,-565
649.26,-715
649.294,-503
649.327,-305
649.36,-262
649.394,-318
649.427,-206
649.46,3
649.494,40
649.527,-188
649.56,23
649.594,-24
649.627,216
649.66,-402
649.694,-210
649.727,174
649.76,220
649.794,-388
649.827,643
649.86,-124
649.894,-16
649.927,-429
649.96,-124
649.994,-161
650.027,-166
650.06,-344
650.093,-209
650.127,-287
650.16,-73
650.193,-49
650.227,118
650.26,146
650.293,260
650.327,221
650.36,320
650.393,233
650.427,313
650.46,301
650.493,282
650.527,306
650.56,230
650.593,178
650.627,313
650.66,367
650.693,389
650.727,398
650.76,420
650.793,460
650.827,415
650.86,321
650.893,230
650.927,6
650.96,159
650.993,407
651.027,440
651.06,368
651.093,236
651.127,175
651.16,217
651.193,295
651.227,372
651.26,314
651.293,233
651.327,179
651.36,247
651.393,261
651.427,273
651.46,143
651.493,192
651.527,195
651.56,179
651.593,171
651.627,207
651.66,173
651.693,60
651.727,-58
651.76,-149
651.793,-241
651.827,-343
651.86,-262
651.893,-269
651.927,-352
651.96,-574
651.993,-632
652.027,-637
652.06,-689
652.093,-972
652.127,-1411
652.16,-1757
652.193,-1860
652.227,-1858
652.26,-1498
652.293,-1176
652.327,-1016
652.36,-876
652.393,-782
652.427,-727
652.46,-692
652.493,-654
652.527,-716
652.56,-775
652.593,-862
652.627,-1022
652.66,-1110
652.693,-1305
652.727,-1238
652.76,-1516
652.793,-1208
652.827,-1300
652.86,-1165
652.893,-951
652.927,-766
652.96,-649
652.993,-562
653.027,-482
653.06,-471
653.093,-500
653.127,-512
653.16,-589
653.193,-686
653.227,-743
653.26,-790
653.293,-982
653.327,-922
653.36,-1002
653.393,-1233
653.427,-1557
653.46,-1333
653.493,-967
653.527,-673
653.56,-540
653.593,-482
653.627,-466
653.66,-517
653.693,-611
653.727,-742
653.76,-850
653.793,-1132
653.827,-1351
653.86,-1358
653.893,-1260
653.927,-1106
653.96,-1122
653.993,-1301
654.027,-1273
654.06,-1078
654.093,-861
654.127,-730
654.16,-593
654.193,-577
654.227,-649
654.26,-739
654.293,-815
654.327,-934
654.36,-1041
654.393,-943
654.427,-1043
654.46,-949
654.493,-939
654.527,-1337
654.56,-1553
654.593,-1221
654.627,-868
654.66,-628
654.693,-542
654.727,-491
654.76,-491
654.793,-529
654.827,-604
654.86,-699
654.893,-839
654.927,-1087
654.96,-1193
654.993,-1297
655.027,-1258
655.06,-1112
655.093,-1282
655.127,-1495
655.16,-1414
655.193,-1236
655.227,-1004
655.26,-766
655.293,-581
655.327,-511
655.36,-546
655.393,-644
655.427,-734
655.46,-853
655.493,-954
655.527,-909
655.56,-928
655.593,-824
655.627,-665
655.66,-711
655.693,-980
655.727,-1133
655.76,-985
655.793,-786
655.827,-619
655.86,-507
655.893,-427
655.927,-394
655.96,-367
655.993,-293
656.027,-254
656.06,-254
656.093,-399
656.127,-518
656.16,-369
656.193,-653
656.227,-655
656.26,-633
656.293,-642
656.327,-575
656.36,-561
656.393,-561
656.427,-441
656.46,-482
656.493,-216
656.527,-158
656.56,-43
656.593,-148
656.627,-292
656.66,-426
656.693,-449
656.727,-305
656.76,-546
656.793,-733
656.827,-698
656.86,-722
656.893,-786
656.927,-939
656.96,-1102
656.993,-1287
657.027,-1401
657.06,-1508
657.093,-1511
657.127,-1512
657.16,-863
657.193,-663
657.227,-705
657.26,-663
657.293,-678
657.327,-1062
657.36,-1184
657.393,-1160
657.427,-1055
657.46,-814
657.493,-549
657.527,-564
657.56,-711
657.593,-756
657.627,-860
657.66,-747
657.693,-1072
657.727,-704
657.76,-901
657.793,-520
657.827,-229
657.86,-157
657.893,-501
657.927,-476
657.96,-457
657.993,-490
658.027,-330
658.06,-187
658.093,-352
658.127,-440
658.16,-379
658.193,-366
658.227,-420
658.26,-535
658.293,-772
658.327,-1077
658.36,-1328
658.393,-1184
658.427,-1136
658.46,-1081
658.493,-994
658.527,-1454
658.56,-973
658.593,-991
658.627,-838
658.66,-646
658.693,-630
658.727,-784
658.76,-981
658.793,-1002
658.827,-880
658.86,-838
658.893,-819
658.927,-828
658.96,-914
658.993,-986
659.027,-1023
659.06,-1084
659.093,-1016
659.127,-945
659.16,-896
659.193,-879
659.227,-915
659.26,-885
659.293,-877
659.327,-901
659.36,-952
659.393,-926
659.427,-930
659.46,-910
659.493,-887
659.527,-883
659.56,-863
659.593,-801
659.627,-728
659.66,-752
659.693,-881
659.727,-1038
659.76,-1156
659.793,-1193
659.827,-1120
659.86,-1008
659.893,-1071
659.927,-1099
659.96,-1008
659.993,-832
660.027,-739
660.06,-664
660.093,-629
660.127,-682
660.16,-793
660.193,-907
660.227,-997
660.26,-1056
660.293,-1093
660.327,-1103
660.36,-1057
660.393,-934
660.427,-754
660.46,-773
660.493,-1157
660.527,-1260
660.56,-1055
660.593,-862
660.627,-685
660.66,-595
660.693,-559
660.727,-563
660.76,-634
660.793,-693
660.827,-731
660.86,-741
660.893,-777
660.927,-957
660.96,-1051
660.993,-1061
661.027,-985
661.06,-962
661.093,-929
661.127,-884
661.16,-938
661.193,-999
661.227,-1003
661.26,-888
661.293,-749
661.327,-652
661.36,-621
661.393,-626
661.427,-586
661.46,-558
661.493,-609
661.527,-571
661.56,-498
661.593,-396
661.627,-371
661.66,-648
661.693,-1254
661.727,-1641
661.76,-1732
661.793,-1856
661.827,-1799
661.86,-1490
661.893,-1116
661.927,-864
661.96,-721
661.993,-451
662.027,-389
662.06,-233
662.093,-228
662.127,-411
662.16,-463
662.193,-380
662.227,-552
662.26,-785
662.293,-1078
662.327,-1437
662.36,-1522
662.393,-1300
662.427,-1553
662.46,-1520
662.493,-1362
662.527,-1267
662.56,-1516
662.593,-834
662.627,-240
662.66,-442
662.693,-420
662.727,-532
662.76,-766
662.793,-902
662.827,-1109
662.86,-1068
662.893,-990
662.927,-1036
662.96,-1049
662.993,-1090
663.027,-1093
663.06,-763
663.093,-344
663.127,-506
663.16,-332
663.193,-759
663.227,-718
663.26,-828
663.293,-995
663.327,-1266
663.36,-1313
663.393,-904
663.427,-878
663.46,-885
663.493,-833
663.527,-1011
663.56,-874
663.593,-764
663.627,-687
663.66,-588
663.693,-586
663.727,-533
663.76,-489
663.793,-417
663.827,-814
663.86,-564
663.893,-684
663.927,-677
663.96,-732
663.993,-786
664.027,-900
664.06,-903
664.093,-868
664.127,-825
664.16,-835
664.193,-906
664.227,-1009
664.26,-1159
664.293,-1222
664.327,-1201
664.36,-1116
664.393,-1114
664.427,-1052
664.46,-751
664.493,-885
664.527,-273
664.56,-148
664.593,-122
664.627,14
664.66,-273
664.693,-353
664.727,-372
664.76,-440
664.793,-762
664.827,-884
664.86,-1001
664.893,-1034
664.927,-1111
664.96,-1394
664.993,-1369
665.027,-1245
665.06,-1054
665.093,-796
665.127,-627
665.16,-560
665.193,-752
665.227,-892
665.26,-1046
665.293,-1104
665.327,-919
665.36,-846
665.393,-739
665.427,-692
665.46,-704
665.493,-768
665.527,-786
665.56,-856
665.593,-922
665.627,-1022
665.66,-1044
665.693,-1094
665.727,-1072
665.76,-1028
665.793,-948
665.827,-820
665.86,-754
665.893,-888
665.927,-874
665.96,-937
665.993,-1148
666.027,-1019
666.06,-1025
666.093,-1014
666.127,-951
666.16,-888
666.193,-835
666.227,-834
666.26,-855
666.293,-851
666.327,-847
666.36,-903
666.393,-976
666.427,-1041
666.46,-1044
666.493,-1036
666.527,-1090
666.56,-1083
666.593,-869
666.627,-716
666.66,-780
666.693,-994
666.727,-1043
666.76,-1013
666.793,-928
666.827,-868
666.86,-851
666.893,-941
666.927,-1053
666.96,-976
666.993,-861
667.027,-857
667.06,-902
667.093,-939
667.127,-961
667.16,-862
667.193,-741
667.227,-914
667.26,-934
667.293,-908
667.327,-833
667.36,-763
667.393,-675
667.427,-640
667.46,-588
667.493,-587
667.527,-520
667.56,-560
667.593,-705
667.627,-861
667.66,-819
667.693,-780
667.727,-757
667.76,-740
667.793,-710
667.827,-709
667.86,-675
667.893,-701
667.927,-695
667.96,-698
667.993,-712
668.027,-653
668.06,-661
668.093,-644
668.127,-706
668.16,-771
668.193,-760
668.227,-817
668.26,-834
668.293,-898
668.327,-883
668.36,-775
668.393,-644
668.427,-557
668.46,-297
668.493,-179
668.527,-4
668.56,212
668.593,233
668.627,333
668.66,375
668.693,386
668.727,402
668.76,385
668.793,389
668.827,421
668.86,469
668.893,513
668.927,564
668.96,600
668.993,646
669.027,686
669.06,724
669.093,739
669.127,770
669.16,768
669.193,764
669.227,755
669.26,761
669.293,740
669.327,759
669.36,789
669.393,809
669.427,807
669.46,795
669.493,793
669.527,806
669.56,805
669.593,802
669.627,809
669.66,793
669.693,796
669.727,791
669.76,789
669.793,787
669.827,801
669.86,798
669.893,796
669.927,792
669.96,783
669.993,797
670.027,804
670.06,800
670.093,807
670.127,813
670.16,811
670.193,813
670.227,799
670.26,809
670.293,806
670.327,800
670.36,808
670.393,807
670.427,805
670.46,809
670.493,809
670.527,800
670.56,799
670.593,800
670.627,795
670.66,815
670.693,804
670.727,807
670.76,795
670.793,777
670.827,758
670.86,759
670.893,764
670.927,762
670.96,765
670.993,750
671.027,747
671.06,743
671.093,714
671.127,721
671.16,709
671.193,681
671.227,685
671.26,643
671.293,580
671.327,524
671.36,477
671.393,439
671.427,436
671.46,393
671.493,382
671.527,329
671.56,233
671.593,187
671.627,143
671.66,121
671.693,92
671.727,30
671.76,-61
671.793,-149
671.827,-176
671.86,-224
671.893,-371
671.927,-402
671.96,-460
671.993,-584
672.027,-621
672.06,-703
672.093,-794
672.127,-855
672.16,-904
672.193,-882
672.227,-717
672.26,-642
672.293,-614
672.327,-613
672.36,-653
672.393,-617
672.427,-726
672.46,-748
672.493,-655
672.527,-699
672.56,-708
672.593,-715
672.627,-700
672.66,-782
672.693,-773
672.727,-768
672.76,-808
672.793,-819
672.827,-824
672.86,-868
672.893,-846
672.927,-793
672.96,-816
672.993,-753
673.027,-776
673.06,-861
673.093,-895
673.127,-966
673.16,-944
673.193,-915
673.227,-995
673.26,-956
673.293,-966
673.327,-867
673.36,-799
673.393,-807
673.427,-857
673.46,-903
673.493,-935
673.527,-974
673.56,-1003
673.593,-1003
673.627,-974
673.66,-954
673.693,-979
673.727,-982
673.76,-967
673.793,-967
673.827,-964
673.86,-926
673.893,-921
673.927,-919
673.96,-892
673.993,-870
674.027,-821
674.06,-815
674.093,-830
674.127,-824
674.16,-859
674.193,-891
674.227,-897
674.26,-898
674.293,-864
674.327,-822
674.36,-795
674.393,-801
674.427,-839
674.46,-861
674.493,-906
674.527,-1018
674.56,-1123
674.593,-1206
674.627,-1248
674.66,-1202
674.693,-1173
674.727,-1001
674.76,-908
674.793,-891
674.827,-864
674.86,-837
674.893,-862
674.927,-930
674.96,-968
674.993,-987
675.027,-1054
675.06,-1069
675.093,-989
675.127,-998
675.16,-917
675.193,-857
675.227,-806
675.26,-725
675.293,-683
675.327,-693
675.36,-767
675.393,-937
675.427,-1090
675.46,-1040
675.493,-987
675.527,-998
675.56,-1080
675.593,-911
675.627,-984
675.66,-1204
675.693,-967
675.727,-958
675.76,-812
675.793,-750
675.827,-741
675.86,-721
675.893,-677
675.927,-688
675.96,-668
675.993,-654
676.027,-763
676.06,-694
676.093,-621
676.127,-555
676.16,-492
676.193,-420
676.227,-513
676.26,-577
676.293,-552
676.327,-518
676.36,-438
676.393,-371
676.427,-246
676.46,-222
676.493,-185
676.527,-146
676.56,-179
676.593,-228
676.627,-220
676.66,-193
676.693,-167
676.727,-161
676.76,-171
676.793,31
676.827,124
676.86,343
676.893,505
676.927,546
676.96,524
676.993,522
677.027,413
677.06,275
677.093,194
677.127,55
677.16,-132
677.193,-292
677.227,-280
677.26,-86
677.293,47
677.327,-100
677.36,-106
677.393,-109
677.427,22
677.46,-22
677.493,40
677.527,11
677.56,20
677.593,27
677.627,19
677.66,18
677.693,19
677.727,59
677.76,-15
677.793,19
677.827,21
677.86,-26
677.893,-56
677.927,-77
677.96,-33
677.993,-40
678.027,-17
678.06,-1
678.093,30
678.127,231
678.16,287
678.193,365
678.227,480
678.26,549
678.293,666
678.327,671
678.36,699
678.393,708
678.427,720
678.46,707
678.493,716
678.527,733
678.56,736
678.593,737
678.627,744
678.66,736
678.693,721
678.727,726
678.76,731
678.793,743
678.827,770
678.86,778
678.893,771
678.927,752
678.96,762
678.993,757
679.027,753
679.06,755
679.093,755
679.127,759
679.16,768
679.193,765
679.227,761
679.26,767
679.293,773
679.327,780
679.36,786
679.393,785
679.427,780
679.46,782
679.493,769
679.527,779
679.56,774
679.593,779
679.627,781
679.66,774
679.693,776
679.727,780
679.76,792
679.793,783
679.827,787
679.86,796
679.893,783
679.927,783
679.96,766
679.993,775
680.027,776
680.06,786
680.093,777
680.127,792
680.16,782
680.193,791
680.227,798
680.26,787
680.293,789
680.327,783
680.36,768
680.393,759
680.427,754
680.46,755
680.493,767
680.527,763
680.56,790
680.593,769
680.627,742
680.66,751
680.693,742
680.727,731
680.76,769
680.793,768
680.827,715
680.86,738
680.893,735
680.927,719
680.96,695
680.993,677
681.027,643
681.06,648
681.093,672
681.127,691
681.16,684
681.193,724
681.227,741
681.26,740
681.293,702
681.327,661
681.36,625
681.393,555
681.427,460
681.46,388
681.493,321
681.527,272
681.56,253
681.593,140
681.627,11
681.66,-61
681.693,-106
681.727,-165
681.76,-187
681.793,-188
681.827,-102
681.86,-119
681.893,-123
681.927,-90
681.96,-118
681.993,-272
682.027,-88
682.06,-85
682.093,-87
682.127,-72
682.16,-100
682.193,-135
682.227,-152
682.26,-193
682.293,-281
682.327,-475
682.36,-985
682.393,-1078
682.427,-458
682.46,-147
682.493,156
682.527,603
682.56,693
682.593,655
682.627,526
682.66,472
682.693,481
682.727,481
682.76,241
682.793,114
682.827,-121
682.86,-460
682.893,-1136
682.927,-541
682.96,-190
682.993,-634
683.027,-666
683.06,-607
683.093,-587
683.127,-547
683.16,-649
683.193,-627
683.227,-581
683.26,-549
683.293,-557
683.327,-558
683.36,-569
683.393,-562
683.426,-565
683.46,-552
683.493,-563
683.526,-554
683.56,-573
683.593,-564
683.626,-580
683.66,-606
683.693,-593
683.726,-550
683.76,-565
683.793,-589
683.826,-600
683.86,-622
683.893,-571
683.926,-513
683.96,-540
683.993,-564
684.026,-508
684.06,-426
684.093,-505
684.126,-505
684.16,-522
684.193,-532
684.226,-560
684.26,-587
684.293,-603
684.326,-591
684.36,-572
684.393,-550
684.426,-529
684.46,-521
684.493,-516
684.526,-527
684.56,-575
684.593,-613
684.626,-677
684.66,-740
684.693,-764
684.726,-763
684.76,-854
684.793,-877
684.826,-1053
684.86,-1102
684.893,-1067
684.926,-1086
684.96,-1085
684.993,-1060
685.026,-1162
685.06,-1104
685.093,-1109
685.126,-1228
685.16,-1282
685.193,-1246
685.226,-1102
685.26,-999
685.293,-901
685.326,-763
685.36,-683
685.393,-743
685.426,-763
685.46,-758
685.493,-850
685.526,-940
685.56,-946
685.593,-936
685.626,-963
685.66,-893
685.693,-825
685.726,-792
685.76,-788
685.793,-810
685.826,-787
685.86,-766
685.893,-760
685.926,-782
685.96,-788
685.993,-870
686.026,-1105
686.06,-953
686.093,-884
686.126,-1124
686.16,-1270
686.193,-1233
686.226,-1161
686.26,-1004
686.293,-897
686.326,-817
686.36,-790
686.393,-820
686.426,-896
686.46,-942
686.493,-1009
686.526,-1055
686.56,-1056
686.593,-1041
686.626,-1010
686.66,-1026
686.693,-953
686.726,-936
686.76,-940
686.793,-963
686.826,-1032
686.86,-1093
686.893,-1034
686.926,-867
686.96,-796
686.993,-727
687.026,-690
687.06,-692
687.093,-713
687.126,-685
687.16,-645
687.193,-653
687.226,-686
687.26,-766
687.293,-800
687.326,-702
687.36,-731
687.393,-770
687.426,-899
687.46,-1003
687.493,-1021
687.526,-1083
687.56,-1115
687.593,-1065
687.626,-1111
687.66,-958
687.693,-915
687.726,-828
687.76,-892
687.793,-865
687.826,-900
687.86,-816
687.893,-769
687.926,-723
687.96,-542
687.993,-376
688.026,-587
688.06,-960
688.093,-951
688.126,-951
688.16,-1016
688.193,-801
688.226,-526
688.26,-663
688.293,-648
688.326,-769
688.36,-405
688.393,-147
688.426,-170
688.46,-293
688.493,-447
688.526,-373
688.56,-160
688.593,-314
688.626,-357
688.66,-392
688.693,-626
688.726,-965
688.76,-976
688.793,-844
688.826,-707
688.86,-755
688.893,-790
688.926,-786
688.96,-783
688.993,-772
689.026,-705
689.06,-696
689.093,-710
689.126,-687
689.16,-728
689.193,-864
689.226,-959
689.26,-929
689.293,-839
689.326,-892
689.36,-765
689.393,-632
689.426,-581
689.46,-609
689.493,-620
689.526,-717
689.56,-918
689.593,-1143
689.626,-1281
689.66,-771
689.693,-519
689.726,-579
689.76,-646
689.793,-760
689.826,-773
689.86,-758
689.893,-837
689.926,-852
689.96,-898
689.993,-872
690.026,-854
690.06,-806
690.093,-761
690.126,-716
690.16,-678
690.193,-512
690.226,-349
690.26,-334
690.293,-551
690.326,-661
690.36,-844
690.393,-972
690.426,-842
690.46,-833
690.493,-791
690.526,-802
690.56,-783
690.593,-729
690.626,-686
690.66,-680
690.693,-629
690.726,-665
690.76,-546
690.793,-609
690.826,-501
690.86,-570
690.893,-654
690.926,-548
690.96,-637
690.993,-702
691.026,-720
691.06,-785
691.093,-678
691.126,-565
691.16,-507
691.193,-521
691.226,-540
691.26,-580
691.293,-711
691.326,-802
691.36,-703
691.393,-668
691.426,-725
691.46,-739
691.493,-655
691.526,-660
691.56,-688
691.593,-764
691.626,-826
691.66,-755
691.693,-883
691.726,-555
691.76,-453
691.793,-804
691.826,-779
691.86,-735
691.893,-859
691.926,-811
691.96,-791
691.993,-785
692.026,-791
692.06,-866
692.093,-917
692.126,-978
692.16,-885
692.193,-900
692.226,-849
692.26,-807
692.293,-794
692.326,-853
692.36,-906
692.393,-1021
692.426,-1194
692.46,-1341
692.493,-1298
692.526,-1103
692.56,-1226
692.593,-1257
692.626,-1031
692.66,-923
692.693,-830
692.726,-749
692.76,-762
692.793,-748
692.826,-789
692.86,-845
692.893,-913
692.926,-978
692.96,-964
692.993,-960
693.026,-938
693.06,-911
693.093,-928
693.126,-923
693.16,-902
693.193,-890
693.226,-890
693.26,-902
693.293,-934
693.326,-969
693.36,-977
693.393,-949
693.426,-907
693.46,-863
693.493,-948
693.526,-1079
693.56,-1092
693.593,-1139
693.626,-1077
693.66,-901
693.693,-798
693.726,-815
693.76,-915
693.793,-963
693.826,-980
693.86,-964
693.893,-959
693.926,-980
693.96,-1010
693.993,-994
694.026,-1033
694.06,-1197
694.093,-1240
694.126,-1086
694.16,-872
694.193,-755
694.226,-711
694.26,-734
694.293,-762
694.326,-824
694.36,-892
694.393,-906
694.426,-917
694.46,-919
694.493,-914
694.526,-903
694.56,-876
694.593,-860
694.626,-786
694.66,-706
694.693,-691
694.726,-789
694.76,-958
694.793,-1079
694.826,-1036
694.86,-1024
694.893,-908
694.926,-918
694.96,-807
694.993,-734
695.026,-644
695.06,-563
695.093,-521
695.126,-433
695.16,-425
695.193,-458
695.226,-575
695.26,-617
695.293,-1240
695.326,-779
695.36,-936
695.393,-935
695.426,-858
695.46,-605
695.493,-563
695.526,-400
695.56,-286
695.593,-147
695.626,-169
695.66,-52
695.693,-69
695.726,-391
695.76,-518
695.793,-1016
695.826,-1014
695.86,-772
695.893,-692
695.926,-629
695.96,-710
695.993,-871
696.026,-1038
696.06,-1057
696.093,-859
696.126,-980
696.16,-1006
696.193,-1013
696.226,-1021
696.26,-1057
696.293,-1089
696.326,-1026
696.36,-1029
696.393,-1126
696.426,-1425
696.46,-1284
696.493,-1282
696.526,-1302
696.56,-1288
696.593,-1512
696.626,-1467
696.66,-1305
696.693,-1172
696.726,-1095
696.76,-1049
696.793,-963
696.826,-847
696.86,-800
696.893,-793
696.926,-728
696.96,-665
696.993,-697
697.026,-668
697.06,-717
697.093,-756
697.126,-758
697.16,-751
697.193,-736
697.226,-812
697.26,-767
697.293,-809
697.326,-688
697.36,-633
697.393,-595
697.426,-753
697.46,-864
697.493,-897
697.526,-962
697.56,-957
697.593,-917
697.626,-830
697.66,-807
697.693,-823
697.726,-803
697.76,-731
697.793,-755
697.826,-691
697.86,-632
697.893,-594
697.926,-600
697.96,-546
697.993,-564
698.026,-644
698.06,-664
698.093,-684
698.126,-641
698.16,-560
698.193,-573
698.226,-752
698.26,-671
698.293,-719
698.326,-1031
698.36,-1177
698.393,-1314
698.426,-1305
698.46,-1359
698.493,-1293
698.526,-1216
698.56,-1178
698.593,-1068
698.626,-1237
698.66,-1268
698.693,-1327
698.726,-1564
698.76,-1412
698.793,-1221
698.826,-1333
698.86,-1310
698.893,-1377
698.926,-1386
698.96,-1046
698.993,-764
699.026,-593
699.06,-578
699.093,-526
699.126,-541
699.16,-692
699.193,-833
699.226,-602
699.26,-395
699.293,-190
699.326,-311
699.36,-352
699.393,-341
699.426,-382
699.46,-466
699.493,-504
699.526,-507
699.56,-487
699.593,-519
699.626,-559
699.66,-746
699.693,-1030
699.726,-871
699.76,-1185
699.793,-500
699.826,-810
699.86,-853
699.893,-645
699.926,-645
699.96,-586
699.993,-716
700.026,-1020
700.06,-1172
700.093,-1117
700.126,-1036
700.16,-1001
700.193,-957
700.226,-1055
700.26,-1056
700.293,-1138
700.326,-1242
700.36,-1348
700.393,-1431
700.426,-1417
700.46,-1318
700.493,-1208
700.526,-1014
700.56,-899
700.593,-859
700.626,-722
700.66,-761
700.693,-880
700.726,-987
700.76,-1058
700.793,-1054
700.826,-994
700.86,-997
700.893,-895
700.926,-786
700.96,-1309
700.993,-1025
701.026,-1061
701.06,-895
701.093,-780
701.126,-708
701.16,-780
701.193,-784
701.226,-873
701.26,-912
701.293,-939
701.326,-1053
701.36,-1029
701.393,-971
701.426,-888
701.46,-820
701.493,-783
701.526,-825
701.56,-866
701.593,-990
701.626,-995
701.66,-911
701.693,-876
701.726,-862
701.76,-792
701.793,-708
701.826,-688
701.86,-678
701.893,-636
701.926,-682
701.96,-770
701.993,-976
702.026,-1116
702.06,-1259
702.093,-1282
702.126,-1035
702.16,-1087
702.193,-920
702.226,-769
702.26,-607
702.293,-485
702.326,-557
702.36,-687
702.393,-693
702.426,-699
702.46,-688
702.493,-706
702.526,-656
702.56,-648
702.593,-688
702.626,-616
702.66,-697
702.693,-738
702.726,-698
702.76,-665
702.793,-567
702.826,-465
702.86,-356
702.893,-268
702.926,-386
702.96,-828
702.993,-577
703.026,-730
703.06,-563
703.093,-547
703.126,-614
703.16,-667
703.193,-650
703.226,-634
703.26,-660
703.293,-704
703.326,-798
703.36,-801
703.393,-811
703.426,-912
703.46,-940
703.493,-958
703.526,-947
703.56,-957
703.593,-989
703.626,-901
703.66,-964
703.693,-911
703.726,-879
703.76,-863
703.793,-873
703.826,-831
703.86,-849
703.893,-848
703.926,-790
703.96,-855
703.993,-912
704.026,-985
704.06,-986
704.093,-1019
704.126,-934
704.16,-1345
704.193,-1109
704.226,-759
704.26,-345
704.293,-338
704.326,-564
704.36,-566
704.393,-612
704.426,-637
704.46,-539
704.493,-554
704.526,-593
704.56,-796
704.593,-728
704.626,-580
704.66,-570
704.693,-509
704.726,-544
704.76,-609
704.793,-557
704.826,-754
704.86,-763
704.893,-680
704.926,-672
704.96,-602
704.993,-966
705.026,-974
705.06,-300
705.093,-732
705.126,-717
705.16,-565
705.193,-415
705.226,-618
705.26,-691
705.293,-667
705.326,-696
705.36,-699
705.393,-757
705.426,-825
705.46,-914
705.493,-1023
705.526,-1118
705.56,-1140
705.593,-1150
705.626,-1168
705.66,-1030
705.693,-1096
705.726,-842
705.76,-529
705.793,-747
705.826,-826
705.86,-848
705.893,-833
705.926,-849
705.96,-898
705.993,-927
706.026,-926
706.06,-898
706.093,-844
706.126,-884
706.16,-922
706.193,-928
706.226,-938
706.26,-961
706.293,-941
706.326,-986
706.36,-1059
706.393,-964
706.426,-998
706.46,-875
706.493,-669
706.526,-789
706.56,-850
706.593,-888
706.626,-812
706.66,-837
706.693,-828
706.726,-802
706.76,-797
706.793,-877
706.826,-833
706.86,-828
706.893,-839
706.926,-874
706.96,-883
706.993,-925
707.026,-904
707.06,-828
707.093,-720
707.126,-648
707.16,-542
707.193,-390
707.226,-502
707.26,-950
707.293,-893
707.326,-601
707.36,-775
707.393,-679
707.426,-689
707.46,-724
707.493,-789
707.526,-773
707.56,-736
707.593,-754
707.626,-791
707.66,-879
707.693,-928
707.726,-998
707.76,-1007
707.793,-961
707.826,-931
707.86,-912
707.893,-888
707.926,-879
707.96,-900
707.993,-926
708.026,-962
708.06,-908
708.093,-879
708.126,-853
708.16,-871
708.193,-886
708.226,-914
708.26,-925
708.293,-935
708.326,-947
708.36,-946
708.393,-941
708.426,-930
708.46,-917
708.493,-903
708.526,-881
708.56,-878
708.593,-1040
708.626,-1131
708.66,-988
708.693,-911
708.726,-802
708.76,-715
708.793,-749
708.826,-813
708.86,-817
708.893,-794
708.926,-828
708.96,-774
708.993,-823
709.026,-798
709.06,-766
709.093,-710
709.126,-748
709.16,-733
709.193,-803
709.226,-956
709.26,-852
709.293,-779
709.326,-718
709.36,-666
709.393,-767
709.426,-882
709.46,-776
709.493,-722
709.526,-654
709.56,-1656
709.593,-757
709.626,-623
709.66,-744
709.693,-770
709.726,-763
709.76,-772
709.793,-723
709.826,-821
709.86,-822
709.893,-756
709.926,-728
709.96,-717
709.993,-736
710.026,-731
710.06,-715
710.093,-769
710.126,-780
710.16,-786
710.193,-800
710.226,-847
710.26,-907
710.293,-892
710.326,-851
710.36,-864
710.393,-861
710.426,-831
710.46,-886
710.493,-942
710.526,-880
710.56,-809
710.593,-893
710.626,-925
710.66,-891
710.693,-875
710.726,-889
710.76,-905
710.793,-923
710.826,-953
710.86,-1061
710.893,-863
710.926,-828
710.96,-711
710.993,-703
711.026,-741
711.06,-712
711.093,-666
711.126,-676
711.16,-822
711.193,-774
711.226,-820
711.26,-790
711.293,-835
711.326,-846
711.36,-854
711.393,-869
711.426,-831
711.46,-868
711.493,-868
711.526,-921
711.56,-961
711.593,-1006
711.626,-1065
711.66,-1053
711.693,-739
711.726,-597
711.76,-375
711.793,-388
711.826,-751
711.86,-1048
711.893,-956
711.926,-744
711.96,-884
711.993,-743
712.026,-867
712.06,-879
712.093,-868
712.126,-814
712.16,-838
712.193,-904
712.226,-830
712.26,-826
712.293,-837
712.326,-842
712.36,-838
712.393,-851
712.426,-930
712.46,-990
712.493,-1094
712.526,-1097
712.56,-1065
712.593,-1011
712.626,-997
712.66,-1023
712.693,-1030
712.726,-1005
712.76,-1039
712.793,-1029
712.826,-1017
712.86,-1012
712.893,-987
712.926,-987
712.96,-960
712.993,-937
713.026,-932
713.06,-935
713.093,-893
713.126,-896
713.16,-895
713.193,-881
713.226,-889
713.26,-879
713.293,-857
713.326,-848
713.36,-842
713.393,-826
713.426,-836
713.46,-864
713.493,-889
713.526,-969
713.56,-1066
713.593,-1110
713.626,-1246
713.66,-1292
713.693,-1304
713.726,-1223
713.76,-1386
713.793,-962
713.826,-850
713.86,-812
713.893,-829
713.926,-894
713.96,-875
713.993,-869
714.026,-848
714.06,-931
714.093,-860
714.126,-877
714.16,-870
714.193,-850
714.226,-872
714.26,-916
714.293,-932
714.326,-881
714.36,-823
714.393,-799
714.426,-842
714.46,-841
714.493,-927
714.526,-882
714.56,-887
714.593,-914
714.626,-882
714.66,-861
714.693,-872
714.726,-887
714.76,-994
714.793,-858
714.826,-949
714.86,-863
714.893,-873
714.926,-851
714.96,-851
714.993,-812
715.026,-868
715.06,-857
715.093,-953
715.126,-1059
715.16,-1039
715.193,-1026
715.226,-1065
715.26,-1049
715.293,-1030
715.326,-1017
715.36,-1009
715.393,-1064
715.426,-1083
715.46,-1051
715.493,-1059
715.526,-1036
715.56,-995
715.593,-1012
715.626,-982
715.66,-945
715.693,-917
715.726,-894
715.76,-844
715.793,-789
715.826,-806
715.86,-821
715.893,-833
715.926,-847
715.96,-849
715.993,-833
716.026,-849
716.06,-903
716.093,-961
716.126,-971
716.16,-930
716.193,-889
716.226,-846
716.26,-824
716.293,-811
716.326,-825
716.36,-799
716.393,-828
716.426,-880
716.46,-907
716.493,-907
716.526,-902
716.56,-918
716.593,-933
716.626,-963
716.66,-985
716.693,-1179
716.726,-1036
716.759,-998
716.793,-895
716.826,-863
716.859,-857
716.893,-926
716.926,-1019
716.959,-988
716.993,-1067
717.026,-1201
717.059,-1121
717.093,-905
717.126,-971
717.159,-1067
717.193,-928
717.226,-759
717.259,-644
717.293,-571
717.326,-541
717.359,-502
717.393,-504
717.426,-524
717.459,-677
717.493,-878
717.526,-1015
717.559,-1294
717.593,-1338
717.626,-1389
717.659,-1214
717.693,-1110
717.726,-1189
717.759,-1174
717.793,-940
717.826,-801
717.859,-730
717.893,-687
717.926,-674
717.959,-709
717.993,-761
718.026,-788
718.059,-815
718.093,-803
718.126,-832
718.159,-887
718.193,-889
718.226,-1157
718.259,-1473
718.293,-945
718.326,-809
718.359,-986
718.393,-1104
718.426,-1015
718.459,-824
718.493,-642
718.526,-586
718.559,-594
718.593,-619
718.626,-719
718.659,-787
718.693,-834
718.726,-855
718.759,-853
718.793,-871
718.826,-1002
718.859,-1049
718.893,-1057
718.926,-1065
718.959,-1216
718.993,-1347
719.026,-1423
719.059,-1317
719.093,-1158
719.126,-956
719.159,-790
719.193,-674
719.226,-628
719.259,-657
719.293,-750
719.326,-809
719.359,-777
719.393,-744
719.426,-740
719.459,-635
719.493,-620
719.526,-556
719.559,-483
719.593,-585
719.626,-870
719.659,-1012
719.693,-873
719.726,-645
719.759,-409
719.793,-127
719.826,86
719.859,86
719.893,-35
719.926,-2
719.959,24
719.993,-25
720.026,-136
720.059,-138
720.093,-1377
720.126,-1138
720.159,1209
720.193,1214
720.226,185
720.259,517
720.293,711
720.326,619
720.359,578
720.393,551
720.426,621
720.459,589
720.493,559
720.526,640
720.559,534
720.593,592
720.626,559
720.659,572
720.693,588
720.726,580
720.759,636
720.793,583
720.826,509
720.859,522
720.893,557
720.926,624
720.959,625
720.993,576
721.026,490
721.059,473
721.093,448
721.126,435
721.159,332
721.193,126
721.226,50
721.259,340
721.293,398
721.326,487
721.359,370
721.393,143
721.426,188
721.459,188
721.493,106
721.526,48
721.559,78
721.593,45
721.626,-15
721.659,-3
721.693,19
721.726,-27
721.759,-44
721.793,-11
721.826,-1073
721.859,98
721.893,880
721.926,82
721.959,-446
721.993,245
722.026,578
722.059,118
722.093,63
722.126,6
722.159,-166
722.193,-154
722.226,-85
722.259,-171
722.293,-80
722.326,28
722.359,-56
722.393,-296
722.426,-514
722.459,-565
722.493,-665
722.526,-605
722.559,-569
722.593,-729
722.626,-826
722.659,-899
722.693,-1431
722.726,-1859
722.759,-1852
722.793,-1550
722.826,-1366
722.859,-1096
722.893,-904
722.926,-837
722.959,-792
722.993,-849
723.026,-906
723.059,-982
723.093,-1048
723.126,-1022
723.159,-1030
723.193,-1066
723.226,-1059
723.259,-918
723.293,-913
723.326,-828
723.359,-693
723.393,-703
723.426,-807
723.459,-842
723.493,-793
723.526,-812
723.559,-858
723.593,-787
723.626,-666
723.659,-483
723.693,-501
723.726,-993
723.759,-1170
723.793,-403
723.826,-417
723.859,-456
723.893,-217
723.926,32
723.959,-353
723.993,117
724.026,-559
724.059,81
724.093,-95
724.126,-363
724.159,-296
724.193,-497
724.226,-438
724.259,-357
724.293,-277
724.326,-227
724.359,-213
724.393,-55
724.426,31
724.459,16
724.493,79
724.526,53
724.559,115
724.593,117
724.626,151
724.659,164
724.693,103
724.726,113
724.759,210
724.793,248
724.826,285
724.859,345
724.893,432
724.926,414
724.959,593
724.993,666
725.026,474
725.059,265
725.093,293
725.126,163
725.159,174
725.193,217
725.226,345
725.259,266
725.293,209
725.326,142
725.359,139
725.393,24
725.426,-63
725.459,-155
725.493,-368
725.526,-497
725.559,-389
725.593,-486
725.626,-502
725.659,-477
725.693,-495
725.726,-456
725.759,-468
725.793,-485
725.826,-514
725.859,-512
725.893,-460
725.926,-463
725.959,-464
725.993,-456
726.026,-483
726.059,-576
726.093,-709
726.126,-841
726.159,-1020
726.193,-1119
726.226,-1197
726.259,-1159
726.293,-1267
726.326,-1115
726.359,-1115
726.393,-1111
726.426,-941
726.459,-711
726.493,-577
726.526,-494
726.559,-420
726.593,-409
726.626,-483
726.659,-661
726.693,-833
726.726,-915
726.759,-1010
726.793,-1161
726.826,-1219
726.859,-1404
726.893,-1279
726.926,-1116
726.959,-1033
726.993,-1218
727.026,-1292
727.059,-1190
727.093,-956
727.126,-824
727.159,-697
727.193,-606
727.226,-578
727.259,-647
727.293,-715
727.326,-804
727.359,-962
727.393,-1088
727.426,-1040
727.459,-1119
727.493,-908
727.526,-782
727.559,-1197
727.593,-1432
727.626,-1181
727.659,-910
727.693,-683
727.726,-552
727.759,-465
727.793,-447
727.826,-471
727.859,-553
727.893,-677
727.926,-801
727.959,-914
727.993,-1035
728.026,-1063
728.059,-1137
728.093,-1003
728.126,-955
728.159,-1190
728.193,-1298
728.226,-1382
728.259,-1390
728.293,-1199
728.326,-994
728.359,-886
728.393,-835
728.426,-779
728.459,-745
728.493,-724
728.526,-752
728.559,-611
728.593,-307
728.626,-48
728.659,181
728.693,354
728.726,34
728.759,-255
728.793,-278
728.826,-165
728.859,-143
728.893,-249
728.926,-1050
728.959,-1409
728.993,-209
729.026,383
729.059,437
729.093,228
729.126,60
729.159,258
729.193,337
729.226,284
729.259,255
729.293,258
729.326,297
729.359,291
729.393,268
729.426,259
729.459,305
729.493,301
729.526,350
729.559,326
729.593,374
729.626,416
729.659,491
729.693,466
729.726,418
729.759,369
729.793,376
729.826,437
729.859,413
729.893,402
729.926,336
729.959,312
729.993,182
730.026,2
730.059,-27
730.093,86
730.126,244
730.159,366
730.193,550
730.226,514
730.259,-105
730.293,-103
730.326,2
730.359,79
730.393,129
730.426,63
730.459,-247
730.493,-83
730.526,3
730.559,-92
730.593,-24
730.626,-43
730.659,-51
730.693,-76
730.726,-80
730.759,-31
730.793,-102
730.826,-102
730.859,-211
730.893,-710
730.926,1
730.959,673
730.993,591
731.026,-673
731.059,638
731.093,234
731.126,-809
731.159,-455
731.193,110
731.226,-163
731.259,8
731.293,-145
731.326,-257
731.359,-497
731.393,-561
731.426,-611
731.459,-585
731.493,-487
731.526,-528
731.559,-459
731.593,-505
731.626,-770
731.659,-1076
731.693,-1598
731.726,-1561
731.759,-1310
731.793,-1317
731.826,-910
731.859,-745
731.893,-804
731.926,-905
731.959,-984
731.993,-960
732.026,-925
732.059,-889
732.093,-902
732.126,-882
732.159,-826
732.193,-825
732.226,-834
732.259,-912
732.293,-861
732.326,-820
732.359,-782
732.393,-755
732.426,-702
732.459,-721
732.493,-771
732.526,-829
732.559,-882
732.593,-868
732.626,-765
732.659,-537
732.693,-380
732.726,-277
732.759,-169
732.793,-132
732.826,-74
732.859,-155
732.893,-448
732.926,-611
732.959,-601
732.993,-221
733.026,-491
733.059,-293
733.093,46
733.126,-711
733.159,-270
733.193,760
733.226,612
733.259,855
733.293,-1451
733.326,-406
733.359,-121
733.393,105
733.426,452
733.459,251
733.493,-229
733.526,106
733.559,-28
733.593,-241
733.626,-290
733.659,-189
733.693,-99
733.726,6
733.759,153
733.793,81
733.826,186
733.859,242
733.893,245
733.926,281
733.959,290
733.993,406
734.026,321
734.059,289
734.093,302
734.126,361
734.159,299
734.193,346
734.226,334
734.259,312
734.293,269
734.326,296
734.359,218
734.393,203
734.426,254
734.459,285
734.493,330
734.526,296
734.559,266
734.593,333
734.626,374
734.659,490
734.693,639
734.726,564
734.759,127
734.793,10
734.826,134
734.859,256
734.893,305
734.926,229
734.959,287
734.993,175
735.026,216
735.059,242
735.093,142
735.126,220
735.159,177
735.193,179
735.226,140
735.259,97
735.293,200
735.326,181
735.359,226
735.393,227
735.426,159
735.459,91
735.493,30
735.526,-134
735.559,-416
735.593,-566
735.626,-503
735.659,-377
735.693,-415
735.726,-433
735.759,-466
735.793,-654
735.826,-893
735.859,-917
735.893,-1422
735.926,-1808
735.959,-1861
735.993,-1567
736.026,-1209
736.059,-1001
736.093,-914
736.126,-836
736.159,-797
736.193,-791
736.226,-793
736.259,-810
736.293,-829
736.326,-864
736.359,-914
736.393,-938
736.426,-837
736.459,-1034
736.493,-827
736.526,-1043
736.559,-1014
736.593,-1184
736.626,-1214
736.659,-1118
736.693,-1011
736.726,-953
736.759,-848
736.793,-823
736.826,-898
736.859,-877
736.893,-800
736.926,-805
736.959,-788
736.993,-783
737.026,-798
737.059,-801
737.093,-796
737.126,-768
737.159,-764
737.193,-812
737.226,-849
737.259,-895
737.293,-984
737.326,-1164
737.359,-1192
737.393,-1244
737.426,-1113
737.459,-979
737.493,-1147
737.526,-1210
737.559,-1137
737.593,-1003
737.626,-872
737.659,-758
737.693,-693
737.726,-630
737.759,-576
737.793,-551
737.826,-554
737.859,-627
737.893,-752
737.926,-868
737.959,-1012
737.993,-1022
738.026,-1112
738.059,-1295
738.093,-1447
738.126,-1269
738.159,-1023
738.193,-844
738.226,-665
738.259,-554
738.293,-499
738.326,-510
738.359,-584
738.393,-669
738.426,-740
738.459,-846
738.493,-1074
738.526,-1218
738.559,-1279
738.593,-1261
738.626,-1220
738.659,-1114
738.693,-1217
738.726,-1351
738.759,-1228
738.793,-1054
738.826,-818
738.859,-734
738.893,-596
738.926,-543
738.959,-530
738.993,-604
739.026,-710
739.059,-847
739.093,-1037
739.126,-1082
739.159,-1233
739.193,-1179
739.226,-1038
739.259,-1077
739.293,-1404
739.326,-1283
739.359,-981
739.393,-739
739.426,-591
739.459,-497
739.493,-459
739.526,-524
739.559,-616
739.593,-651
739.626,-731
739.659,-817
739.693,-1063
739.726,-1303
739.759,-1242
739.793,-1167
739.826,-1005
739.859,-1102
739.893,-1280
739.926,-1284
739.959,-1210
739.993,-993
740.026,-758
740.059,-656
740.093,-632
740.126,-655
740.159,-718
740.193,-738
740.226,-763
740.259,-857
740.293,-983
740.326,-994
740.359,-1049
740.393,-793
740.426,-926
740.459,-994
740.493,-1133
740.526,-1077
740.559,-1036
740.593,-917
740.626,-828
740.659,-716
740.693,-775
740.726,-715
740.759,-632
740.793,-618
740.826,-593
740.859,-516
740.893,-460
740.926,-495
740.959,-433
740.993,-222
741.026,-387
741.059,-311
741.093,-408
741.126,-563
741.159,-432
741.193,-482
741.226,-617
741.259,-647
741.293,-745
741.326,-952
741.359,-1030
741.393,-1169
741.426,-1375
741.459,-1425
741.493,-1452
741.526,-1106
741.559,-901
741.593,-733
741.626,-774
741.659,-829
741.693,-933
741.726,-1147
741.759,-929
741.793,-1000
741.826,-1002
741.859,-962
741.893,-929
741.926,-929
741.959,-989
741.993,-925
742.026,-857
742.059,-787
742.093,-672
742.126,-599
742.159,-515
742.193,-418
742.226,-304
742.259,-203
742.293,-148
742.326,-193
742.359,-214
742.393,-1380
742.426,-911
742.459,-814
742.493,-320
742.526,-285
742.559,-286
742.593,-279
742.626,-137
742.659,-242
742.693,-349
742.726,-332
742.759,-317
742.793,-365
742.826,-473
742.859,-649
742.893,-1025
742.926,-1723
742.959,-1864
742.993,-1678
743.026,-1425
743.059,-1346
743.093,-1191
743.126,-1208
743.159,-949
743.193,-1043
743.226,-844
743.259,-845
743.293,-976
743.326,-1033
743.359,-1012
743.393,-987
743.426,-1003
743.459,-1003
743.493,-983
743.526,-1042
743.559,-1042
743.593,-1015
743.626,-992
743.659,-972
743.693,-945
743.726,-916
743.759,-932
743.793,-926
743.826,-929
743.859,-911
743.893,-878
743.926,-818
743.959,-780
743.993,-806
744.026,-857
744.059,-888
744.093,-904
744.126,-1047
744.159,-1215
744.193,-1289
744.226,-1332
744.259,-1235
744.293,-1109
744.326,-1197
744.359,-1184
744.393,-1124
744.426,-961
744.459,-778
744.493,-671
744.526,-606
744.559,-615
744.593,-661
744.626,-660
744.659,-886
744.693,-923
744.726,-1080
744.759,-1180
744.793,-1266
744.826,-1363
744.859,-1075
744.893,-924
744.926,-1120
744.959,-1234
744.993,-942
745.026,-731
745.059,-593
745.093,-522
745.126,-491
745.159,-529
745.193,-632
745.226,-698
745.259,-788
745.293,-849
745.326,-847
745.359,-1061
745.393,-1166
745.426,-1232
745.459,-1159
745.493,-1074
745.526,-971
745.559,-980
745.593,-1087
745.626,-1108
745.659,-1076
745.693,-937
745.726,-826
745.759,-784
745.793,-797
745.826,-843
745.859,-871
745.893,-850
745.926,-872
745.959,-908
745.993,-1051
746.026,-880
746.059,-725
746.093,-811
746.126,-895
746.159,-843
746.193,-796
746.226,-830
746.259,-898
746.293,-913
746.326,-894
746.359,-867
746.393,-834
746.426,-813
746.459,-818
746.493,-839
746.526,-828
746.559,-823
746.593,-867
746.626,-1072
746.659,-1098
746.693,-958
746.726,-922
746.759,-921
746.793,-909
746.826,-915
746.859,-992
746.893,-939
746.926,-892
746.959,-948
746.993,-994
747.026,-1069
747.059,-1091
747.093,-1086
747.126,-1066
747.159,-1012
747.193,-844
747.226,-754
747.259,-634
747.293,-505
747.326,-399
747.359,-402
747.393,-466
747.426,-421
747.459,-313
747.493,-473
747.526,-1068
747.559,-1620
747.593,-1560
747.626,-1480
747.659,-1444
747.693,-1328
747.726,-1378
747.759,-1042
747.793,-879
747.826,-820
747.859,-715
747.893,-779
747.926,-604
747.959,-539
747.993,-504
748.026,-398
748.059,-442
748.093,-676
748.126,-647
748.159,-485
748.193,-517
748.226,-498
748.259,-565
748.293,-823
748.326,-967
748.359,-1510
748.393,-1166
748.426,-1131
748.459,-1158
748.493,-1046
748.526,-870
748.559,-713
748.593,-553
748.626,-411
748.659,-83
748.693,254
748.726,-14
748.759,3
748.793,44
748.826,-264
748.859,-1551
748.893,-906
748.926,-1146
748.959,-916
748.993,-552
749.026,-733
749.059,-730
749.093,-767
749.126,-1052
749.159,-1127
749.193,-918
749.226,-931
749.259,-923
749.293,-1099
749.326,-1173
749.359,-1100
749.393,-979
749.426,-778
749.459,-819
749.493,-817
749.526,-827
749.559,-873
749.593,-939
749.626,-974
749.659,-1123
749.693,-1051
749.726,-1035
749.759,-988
749.793,-981
749.826,-966
749.859,-903
749.893,-907
749.926,-1025
749.959,-1012
749.993,-995
750.026,-872
750.059,-763
750.092,-763
750.126,-832
750.159,-913
750.192,-895
750.226,-803
750.259,-611
750.292,-484
750.326,-514
750.359,-606
750.392,-647
750.426,-525
750.459,-498
750.492,-385
750.526,-515
750.559,-617
750.592,-651
750.626,-879
750.659,-1266
750.692,-1313
750.726,-1210
750.759,-1101
750.792,-934
750.826,-883
750.859,-978
750.892,-855
750.926,-900
750.959,-578
750.992,-482
751.026,-531
751.059,-548
751.092,-574
751.126,-634
751.159,-720
751.192,-882
751.226,-912
751.259,-934
751.292,-916
751.326,-644
751.359,-769
751.392,-470
751.426,-596
751.459,-805
751.492,-838
751.526,-720
751.559,-621
751.592,-491
751.626,-336
751.659,-421
751.692,-293
751.726,-172
751.759,-183
751.792,-287
751.826,-388
751.859,-646
751.892,-727
751.926,-742
751.959,-828
751.992,-1048
752.026,-1045
752.059,-1091
752.092,-1071
752.126,-1084
752.159,-1128
752.192,-1133
752.226,-1039
752.259,-990
752.292,-1050
752.326,-1011
752.359,-896
752.392,-744
752.426,-629
752.459,-432
752.492,-294
752.526,-200
752.559,-137
752.592,-233
752.626,-470
752.659,-670
752.692,-742
752.726,-774
752.759,-863
752.792,-782
752.826,-791
752.859,-723
752.892,-629
752.926,-632
752.959,-597
752.992,-567
753.026,-591
753.059,-617
753.092,-682
753.126,-693
753.159,-644
753.192,-702
753.226,-740
753.259,-687
753.292,-642
753.326,-612
753.359,-589
753.392,-588
753.426,-533
753.459,-527
753.492,-504
753.526,-475
753.559,-547
753.592,-563
753.626,-714
753.659,-867
753.692,-750
753.726,-841
753.759,-817
753.792,-773
753.826,-628
753.859,-611
753.892,-482
753.926,-519
753.959,-661
753.992,-668
754.026,-699
754.059,-770
754.092,-907
754.126,-824
754.159,-924
754.192,-1003
754.226,-1021
754.259,-993
754.292,-889
754.326,-724
754.359,-532
754.392,-216
754.426,-113
754.459,-101
754.492,-185
754.526,-256
754.559,-420
754.592,-489
754.626,-681
754.659,-923
754.692,-1201
754.726,-732
754.759,-925
754.792,-896
754.826,-996
754.859,-937
754.892,-880
754.926,-925
754.959,-961
754.992,-934
755.026,-929
755.059,-836
755.092,-736
755.126,-762
755.159,-644
755.192,-597
755.226,-673
755.259,-851
755.292,-931
755.326,-946
755.359,-949
755.392,-906
755.426,-830
755.459,-891
755.492,-1013
755.526,-898
755.559,-1019
755.592,-935
755.626,-929
755.659,-907
755.692,-840
755.726,-865
755.759,-792
755.792,-950
755.826,-1089
755.859,-1317
755.892,-1067
755.926,-857
755.959,-1091
755.992,-907
756.026,-749
756.059,-658
756.092,-626
756.126,-504
756.159,-422
756.192,-483
756.226,-660
756.259,-735
756.292,-738
756.326,-708
756.359,-683
756.392,-632
756.426,-562
756.459,-553
756.492,-554
756.526,-534
756.559,-528
756.592,-537
756.626,-590
756.659,-613
756.692,-552
756.726,-540
756.759,-599
756.792,-637
756.826,-685
756.859,-764
756.892,-832
756.926,-959
756.959,-1049
756.992,-1077
757.026,-1020
757.059,-942
757.092,-970
757.126,-1035
757.159,-1020
757.192,-976
757.226,-850
757.259,-834
757.292,-755
757.326,-784
757.359,-851
757.392,-911
757.426,-966
757.459,-1104
757.492,-1330
757.526,-1477
757.559,-1261
757.592,-916
757.626,-831
757.659,-856
757.692,-911
757.726,-904
757.759,-796
757.792,-819
757.826,-881
757.859,-974
757.892,-1044
757.926,-1024
757.959,-953
757.992,-937
758.026,-916
758.059,-918
758.092,-927
758.126,-931
758.159,-901
758.192,-1048
758.226,-988
758.259,-743
758.292,-697
758.326,-843
758.359,-955
758.392,-981
758.426,-991
758.459,-999
758.492,-991
758.526,-948
758.559,-891
758.592,-897
758.626,-930
758.659,-959
758.692,-944
758.726,-932
758.759,-918
758.792,-903
758.826,-898
758.859,-912
758.892,-923
758.926,-922
758.959,-922
758.992,-919
759.026,-911
759.059,-915
759.092,-909
759.126,-891
759.159,-895
759.192,-916
759.226,-942
759.259,-875
759.292,-804
759.326,-809
759.359,-768
759.392,-680
759.426,-610
759.459,-536
759.492,-470
759.526,-461
759.559,-469
759.592,-438
759.626,-377
759.659,-349
759.692,-409
759.726,-528
759.759,-633
759.792,-833
759.826,-959
759.859,-982
759.892,-936
759.926,-851
759.959,-777
759.992,-633
760.026,-549
760.059,-510
760.092,-490
760.126,-511
760.159,-583
760.192,-607
760.226,-580
760.259,-579
760.292,-614
760.326,-583
760.359,-688
760.392,-637
760.426,-739
760.459,-757
760.492,-768
760.526,-785
760.559,-781
760.592,-742
760.626,-598
760.659,-496
760.692,-343
760.726,-237
760.759,-172
760.792,-15
760.826,84
760.859,171
760.892,256
760.926,310
760.959,369
760.992,408
761.026,443
761.059,481
761.092,521
761.126,544
761.159,560
761.192,581
761.226,595
761.259,604
761.292,618
761.326,658
761.359,679
761.392,699
761.426,721
761.459,741
761.492,745
761.526,759
761.559,778
761.592,788
761.626,785
761.659,778
761.692,781
761.726,777
761.759,769
761.792,776
761.826,798
761.859,808
761.892,796
761.926,809
761.959,814
761.992,812
762.026,812
762.059,822
762.092,820
762.126,824
762.159,832
762.192,818
762.226,812
762.259,811
762.292,812
762.326,824
762.359,824
762.392,826
762.426,829
762.459,819
762.492,812
762.526,825
762.559,823
762.592,831
762.626,820
762.659,819
762.692,826
762.726,814
762.759,820
762.792,823
762.826,829
762.859,840
762.892,837
762.926,835
762.959,829
762.992,834
763.026,835
763.059,825
763.092,825
763.126,821
763.159,821
763.192,813
763.226,797
763.259,777
763.292,788
763.326,793
763.359,796
763.392,776
763.426,770
763.459,775
763.492,765
763.526,746
763.559,735
763.592,710
763.626,659
763.659,633
763.692,623
763.726,603
763.759,599
763.792,713
763.826,611
763.859,302
763.892,524
763.926,439
763.959,492
763.992,402
764.026,339
764.059,308
764.092,311
764.126,246
764.159,230
764.192,209
764.226,173
764.259,140
764.292,62
764.326,6
764.359,-38
764.392,-87
764.426,-124
764.459,-152
764.492,-215
764.526,-275
764.559,-319
764.592,-343
764.626,-397
764.659,-425
764.692,-455
764.726,-491
764.759,-584
764.792,-528
764.826,-525
764.859,-592
764.892,-630
764.926,-603
764.959,-596
764.992,-622
765.026,-614
765.059,-618
765.092,-622
765.126,-613
765.159,-624
765.192,-811
765.226,-676
765.259,-642
765.292,-592
765.326,-586
765.359,-562
765.392,-594
765.426,-632
765.459,-638
765.492,-677
765.526,-725
765.559,-726
765.592,-717
765.626,-700
765.659,-706
765.692,-726
765.726,-763
765.759,-850
765.792,-895
765.826,-882
765.859,-859
765.892,-806
765.926,-803
765.959,-792
765.992,-673
766.026,-597
766.059,-684
766.092,-706
766.126,-836
766.159,-1046
766.192,-1271
766.226,-1147
766.259,-902
766.292,-788
766.326,-746
766.359,-724
766.392,-741
766.426,-758
766.459,-833
766.492,-871
766.526,-889
766.559,-921
766.592,-928
766.626,-898
766.659,-854
766.692,-808
766.726,-803
766.759,-812
766.792,-835
766.826,-863
766.859,-846
766.892,-811
766.926,-786
766.959,-721
766.992,-677
767.026,-774
767.059,-875
767.092,-960
767.126,-900
767.159,-979
767.192,-964
767.226,-990
767.259,-959
767.292,-1018
767.326,-999
767.359,-1045
767.392,-1149
767.426,-1130
767.459,-986
767.492,-900
767.526,-861
767.559,-803
767.592,-848
767.626,-856
767.659,-813
767.692,-762
767.726,-757
767.759,-665
767.792,-656
767.826,-645
767.859,-635
767.892,-616
767.926,-595
767.959,-556
767.992,-530
768.026,-555
768.059,-558
768.092,-531
768.126,-468
768.159,-402
768.192,-387
768.226,-298
768.259,-284
768.292,-247
768.326,-256
768.359,-290
768.392,-334
768.426,-334
768.459,-320
768.492,-305
768.526,-277
768.559,-286
768.592,-313
768.626,-293
768.659,-270
768.692,-310
768.726,-329
768.759,-263
768.792,-197
768.826,-115
768.859,-112
768.892,-94
768.926,-129
768.959,-172
768.992,-201
769.026,-198
769.059,-129
769.092,-69
769.126,-27
769.159,54
769.192,194
769.226,253
769.259,268
769.292,332
769.326,411
769.359,422
769.392,370
769.426,347
769.459,325
769.492,357
769.526,330
769.559,291
769.592,231
769.626,174
769.659,64
769.692,-48
769.726,-69
769.759,-56
769.792,-44
769.826,-21
769.859,-19
769.892,86
769.926,36
769.959,38
769.992,56
770.026,14
770.059,47
770.092,59
770.126,47
770.159,103
770.192,79
770.226,45
770.259,14
770.292,35
770.326,66
770.359,44
770.392,26
770.426,-76
770.459,-148
770.492,-90
770.526,-121
770.559,-109
770.592,-37
770.626,-16
770.659,32
770.692,67
770.726,145
770.759,269
770.792,340
770.826,510
770.859,628
770.892,656
770.926,732
770.959,746
770.992,750
771.026,731
771.059,720
771.092,721
771.126,726
771.159,754
771.192,744
771.226,736
771.259,754
771.292,745
771.326,750
771.359,754
771.392,761
771.426,766
771.459,766
771.492,768
771.526,778
771.559,775
771.592,772
771.626,766
771.659,776
771.692,783
771.726,799
771.759,782
771.792,784
771.826,791
771.859,792
771.892,798
771.926,800
771.959,801
771.992,799
772.026,796
772.059,795
772.092,795
772.126,799
772.159,805
772.192,799
772.226,806
772.259,801
772.292,801
772.326,796
772.359,799
772.392,798
772.426,791
772.459,789
772.492,797
772.526,797
772.559,793
772.592,799
772.626,801
772.659,795
772.692,785
772.726,794
772.759,789
772.792,810
772.826,803
772.859,793
772.892,809
772.926,799
772.959,798
772.992,806
773.026,802
773.059,807
773.092,805
773.126,801
773.159,803
773.192,798
773.226,799
773.259,800
773.292,797
773.326,795
773.359,800
773.392,814
773.426,799
773.459,786
773.492,788
773.526,785
773.559,781
773.592,780
773.626,784
773.659,774
773.692,769
773.726,762
773.759,766
773.792,766
773.826,749
773.859,716
773.892,659
773.926,607
773.959,618
773.992,639
774.026,636
774.059,619
774.092,610
774.126,606
774.159,587
774.192,562
774.226,545
774.259,513
774.292,487
774.326,434
774.359,347
774.392,297
774.426,222
774.459,187
774.492,152
774.526,98
774.559,20
774.592,-12
774.626,-29
774.659,-68
774.692,-77
774.726,-72
774.759,-86
774.792,-42
774.826,-71
774.859,-74
774.892,-73
774.926,-55
774.959,-134
774.992,-45
775.026,-77
775.059,-39
775.092,-57
775.126,-67
775.159,-109
775.192,-141
775.226,-200
775.259,-294
775.292,-449
775.326,-679
775.359,-727
775.392,-435
775.426,-137
775.459,56
775.492,280
775.526,323
775.559,374
775.592,419
775.626,466
775.659,443
775.692,376
775.726,183
775.759,-116
775.792,171
775.826,131
775.859,106
775.892,-79
775.926,-939
775.959,-1220
775.992,-649
776.026,-825
776.059,-285
776.092,-1469
776.126,-1023
776.159,-730
776.192,-616
776.226,-854
776.259,-824
776.292,-658
776.326,-637
776.359,-664
776.392,-653
776.426,-682
776.459,-696
776.492,-708
776.526,-696
776.559,-683
776.592,-688
776.626,-701
776.659,-692
776.692,-687
776.726,-685
776.759,-677
776.792,-681
776.826,-676
776.859,-637
776.892,-602
776.926,-598
776.959,-608
776.992,-615
777.026,-621
777.059,-633
777.092,-624
777.126,-609
777.159,-597
777.192,-585
777.226,-559
777.259,-518
777.292,-461
777.326,-481
777.359,-523
777.392,-505
777.426,-544
777.459,-542
777.492,-541
777.526,-561
777.559,-576
777.592,-590
777.626,-610
777.659,-663
777.692,-731
777.726,-811
777.759,-881
777.792,-998
777.826,-1151
777.859,-1177
777.892,-1098
777.926,-1199
777.959,-1219
777.992,-1114
778.026,-1320
778.059,-1327
778.092,-1286
778.126,-1324
778.159,-1233
778.192,-1051
778.226,-867
778.259,-648
778.292,-434
778.326,-290
778.359,-295
778.392,-430
778.426,-736
778.459,-1091
778.492,-1351
778.526,-1377
778.559,-1352
778.592,-1173
778.626,-1068
778.659,-988
778.692,-847
778.726,-793
778.759,-786
778.792,-835
778.826,-810
778.859,-786
778.892,-718
778.926,-693
778.959,-693
778.992,-746
779.026,-847
779.059,-1040
779.092,-1161
779.126,-1068
779.159,-1060
779.192,-1127
779.226,-1246
779.259,-1235
779.292,-1202
779.326,-1077
779.359,-941
779.392,-884
779.426,-840
779.459,-850
779.492,-920
779.526,-956
779.559,-988
779.592,-1078
779.626,-1062
779.659,-1109
779.692,-1050
779.726,-840
779.759,-473
779.792,-494
779.826,-972
779.859,-1059
779.892,-896
779.926,-829
779.959,-734
779.992,-621
780.026,-599
780.059,-565
780.092,-549
780.126,-534
780.159,-634
780.192,-871
780.226,-1129
780.259,-1094
780.292,-1008
780.326,-834
780.359,-865
780.392,-945
780.426,-775
780.459,-626
780.492,-557
780.526,-588
780.559,-663
780.592,-569
780.626,-777
780.659,-819
780.692,-818
780.726,-804
780.759,-818
780.792,-995
780.826,-1199
780.859,-1092
780.892,-698
780.926,-312
780.959,-344
780.992,-533
781.026,-426
781.059,-353
781.092,-406
781.126,-421
781.159,-386
781.192,-415
781.226,-375
781.259,-334
781.292,-403
781.326,-304
781.359,-453
781.392,-1002
781.426,-951
781.459,-779
781.492,-757
781.526,-902
781.559,-795
781.592,-680
781.626,-708
781.659,-710
781.692,-783
781.726,-783
781.759,-877
781.792,-1074
781.826,-1070
781.859,-1019
781.892,-813
781.926,-741
781.959,-684
781.992,-733
782.026,-799
782.059,-806
782.092,-885
782.126,-1223
782.159,-1511
782.192,-1325
782.226,-950
782.259,-888
782.292,-852
782.326,-760
782.359,-803
782.392,-813
782.426,-880
782.459,-1007
782.492,-1001
782.526,-976
782.559,-935
782.592,-910
782.626,-853
782.659,-811
782.692,-867
782.726,-933
782.759,-934
782.792,-927
782.826,-961
782.859,-838
782.892,-840
782.926,-745
782.959,-511
782.992,-547
783.026,-710
783.059,-1078
783.092,-1311
783.126,-1401
783.159,-1189
783.192,-659
783.226,-354
783.259,-534
783.292,-655
783.326,-716
783.359,-578
783.392,-510
783.425,-286
783.459,-201
783.492,-509
783.525,-651
783.559,-548
783.592,-706
783.625,-537
783.659,-561
783.692,-667
783.725,-528
783.759,-575
783.792,-585
783.825,-528
783.859,-546
783.892,-646
783.925,-733
783.959,-656
783.992,-602
784.025,-603
784.059,-635
784.092,-694
784.125,-629
784.159,-618
784.192,-580
784.225,-646
784.259,-813
784.292,-1286
784.325,-721
784.359,-702
784.392,-943
784.425,-844
784.459,-786
784.492,-689
784.525,-743
784.559,-773
784.592,-809
784.625,-846
784.659,-859
784.692,-969
784.725,-928
784.759,-870
784.792,-818
784.825,-738
784.859,-668
784.892,-718
784.925,-848
784.959,-992
784.992,-1089
785.025,-1357
785.059,-1504
785.092,-1222
785.125,-1180
785.159,-1106
785.192,-1087
785.225,-824
785.259,-762
785.292,-895
785.325,-854
785.359,-910
785.392,-867
785.425,-832
785.459,-801
785.492,-836
785.525,-890
785.559,-963
785.592,-1009
785.625,-1004
785.659,-987
785.692,-988
785.725,-978
785.759,-939
785.792,-914
785.825,-913
785.859,-950
785.892,-1064
785.925,-938
785.959,-767
785.992,-518
786.025,-646
786.059,-945
786.092,-981
786.125,-936
786.159,-882
786.192,-796
786.225,-776
786.259,-798
786.292,-869
786.325,-919
786.359,-938
786.392,-869
786.425,-770
786.459,-679
786.492,-599
786.525,-595
786.559,-609
786.592,-747
786.625,-816
786.659,-776
786.692,-748
786.725,-905
786.759,-961
786.792,-906
786.825,-868
786.859,-745
786.892,-649
786.925,-548
786.959,-361
786.992,-608
787.025,-490
787.059,-487
787.092,-358
787.125,-219
787.159,-452
787.192,-449
787.225,-508
787.259,-274
787.292,-563
787.325,-563
787.359,-874
787.392,-38
787.425,-2
787.459,-293
787.492,-124
787.525,-269
787.559,-341
787.592,-141
787.625,-80
787.659,-313
787.692,-683
787.725,-698
787.759,-741
787.792,-573
787.825,-284
787.859,-234
787.892,-617
787.925,-558
787.959,-856
787.992,-908
788.025,-941
788.059,-1033
788.092,-665
788.125,-253
788.159,-307
788.192,-312
788.225,-483
788.259,-362
788.292,-326
788.325,-549
788.359,-299
788.392,-570
788.425,-914
788.459,-922
788.492,-683
788.525,-600
788.559,-542
788.592,-514
788.625,-591
788.659,-704
788.692,-856
788.725,-909
788.759,-859
788.792,-906
788.825,-915
788.859,-1042
788.892,-1182
788.925,-1182
788.959,-1165
788.992,-1211
789.025,-1342
789.059,-1488
789.092,-1584
789.125,-1612
789.159,-1492
789.192,-1327
789.225,-1209
789.259,-1173
789.292,-1169
789.325,-1138
789.359,-1076
789.392,-988
789.425,-803
789.459,-656
789.492,-640
789.525,-635
789.559,-580
789.592,-551
789.625,-541
789.659,-568
789.692,-532
789.725,-627
789.759,-727
789.792,-836
789.825,-847
789.859,-961
789.892,-965
789.925,-964
789.959,-949
789.992,-899
790.025,-860
790.059,-810
790.092,-787
790.125,-773
790.159,-788
790.192,-829
790.225,-835
790.259,-778
790.292,-798
790.325,-896
790.359,-935
790.392,-882
790.425,-779
790.459,-659
790.492,-593
790.525,-590
790.559,-718
790.592,-774
790.625,-852
790.659,-768
790.692,-678
790.725,-808
790.759,-970
790.792,-947
790.825,-962
790.859,-934
790.892,-994
790.925,-1125
790.959,-1239
790.992,-1273
791.025,-1282
791.059,-1305
791.092,-1280
791.125,-1337
791.159,-1435
791.192,-1417
791.225,-1190
791.259,-1215
791.292,-1246
791.325,-1229
791.359,-1168
791.392,-1132
791.425,-979
791.459,-733
791.492,-700
791.525,-848
791.559,-889
791.592,-890
791.625,-980
791.659,-611
791.692,-267
791.725,-545
791.759,-811
791.792,-944
791.825,-509
791.859,-517
791.892,-469
791.925,-353
791.959,-374
791.992,-414
792.025,-473
792.059,-576
792.092,-563
792.125,-578
792.159,-651
792.192,-600
792.225,-742
792.259,-974
792.292,-935
792.325,-700
792.359,-378
792.392,-641
792.425,-583
792.459,-617
792.492,-599
792.525,-681
792.559,-972
792.592,-1031
792.625,-1040
792.659,-1036
792.692,-1030
792.725,-1050
792.759,-1100
792.792,-1145
792.825,-1203
792.859,-1103
792.892,-1053
792.925,-1105
792.959,-1084
792.992,-1061
793.025,-1004
793.059,-802
793.092,-865
793.125,-737
793.159,-697
793.192,-752
793.225,-873
793.259,-895
793.292,-944
793.325,-1026
793.359,-976
793.392,-1036
793.425,-977
793.459,-1020
793.492,-1054
793.525,-743
793.559,-876
793.592,-825
793.625,-893
793.659,-918
793.692,-948
793.725,-932
793.759,-904
793.792,-875
793.825,-849
793.859,-863
793.892,-860
793.925,-837
793.959,-875
793.992,-936
794.025,-1034
794.059,-1201
794.092,-1219
794.125,-956
794.159,-841
794.192,-960
794.225,-1054
794.259,-1091
794.292,-1112
794.325,-951
794.359,-861
794.392,-674
794.425,-598
794.459,-640
794.492,-637
794.525,-573
794.559,-496
794.592,-452
794.625,-427
794.659,-454
794.692,-539
794.725,-667
794.759,-724
794.792,-857
794.825,-1109
794.859,-1261
794.892,-1180
794.925,-1054
794.959,-1081
794.992,-1047
795.025,-660
795.059,-739
795.092,-584
795.125,-687
795.159,-714
795.192,-787
795.225,-729
795.259,-771
795.292,-699
795.325,-687
795.359,-693
795.392,-710
795.425,-758
795.459,-682
795.492,-650
795.525,-593
795.559,-642
795.592,-676
795.625,-666
795.659,-695
795.692,-805
795.725,-695
795.759,-420
795.792,-285
795.825,-907
795.859,-524
795.892,-814
795.925,-845
795.959,-742
795.992,-631
796.025,-536
796.059,-714
796.092,-819
796.125,-685
796.159,-658
796.192,-681
796.225,-728
796.259,-807
796.292,-791
796.325,-784
796.359,-912
796.392,-1054
796.425,-972
796.459,-1025
796.492,-996
796.525,-962
796.559,-927
796.592,-872
796.625,-784
796.659,-1045
796.692,-933
796.725,-812
796.759,-828
796.792,-838
796.825,-957
796.859,-990
796.892,-973
796.925,-963
796.959,-927
796.992,-927
797.025,-944
797.059,-939
797.092,-958
797.125,-988
797.159,-960
797.192,-945
797.225,-953
797.259,-940
797.292,-860
797.325,-766
797.359,-771
797.392,-851
797.425,-908
797.459,-815
797.492,-795
797.525,-991
797.559,-1061
797.592,-1166
797.625,-734
797.659,-1069
797.692,-1238
797.725,-755
797.759,-509
797.792,-430
797.825,-486
797.859,-410
797.892,-371
797.925,-653
797.959,-653
797.992,-507
798.025,-556
798.059,-621
798.092,-663
798.125,-723
798.159,-660
798.192,-551
798.225,-500
798.259,-425
798.292,-484
798.325,-562
798.359,-571
798.392,-667
798.425,-678
798.459,-726
798.492,-656
798.525,-1701
798.559,2
798.592,-825
798.625,-636
798.659,-698
798.692,-587
798.725,-572
798.759,-633
798.792,-341
798.825,-665
798.859,-834
798.892,-831
798.925,-901
798.959,-931
798.992,-980
799.025,-1056
799.059,-1106
799.092,-956
799.125,-956
799.159,-1095
799.192,-1080
799.225,-1015
799.259,-729
799.292,-800
799.325,-952
799.359,-992
799.392,-939
799.425,-933
799.459,-882
799.492,-861
799.525,-817
799.559,-844
799.592,-842
799.625,-793
799.659,-785
799.692,-754
799.725,-720
799.759,-742
799.792,-787
799.825,-848
799.859,-831
799.892,-845
799.925,-877
799.959,-824
799.992,-846
800.025,-943
800.059,-1052
800.092,-1177
800.125,-1158
800.159,-1042
800.192,-912
800.225,-834
800.259,-805
800.292,-897
800.325,-700
800.359,-595
800.392,-889
800.425,-1046
800.459,-871
800.492,-778
800.525,-848
800.559,-899
800.592,-868
800.625,-837
800.659,-791
800.692,-831
800.725,-847
800.759,-890
800.792,-975
800.825,-805
800.859,-654
800.892,-578
800.925,-666
800.959,-895
800.992,-835
801.025,-759
801.059,-834
801.092,-857
801.125,-841
801.159,-803
801.192,-799
801.225,-857
801.259,-848
801.292,-846
801.325,-849
801.359,-797
801.392,-827
801.425,-848
801.459,-854
801.492,-889
801.525,-881
801.559,-1067
801.592,-1153
801.625,-1117
801.659,-1129
801.692,-1092
801.725,-1020
801.759,-1018
801.792,-956
801.825,-903
801.859,-871
801.892,-739
801.925,-714
801.959,-741
801.992,-616
802.025,-844
802.059,-830
802.092,-918
802.125,-970
802.159,-994
802.192,-993
802.225,-961
802.259,-904
802.292,-912
802.325,-884
802.359,-838
802.392,-822
802.425,-820
802.459,-832
802.492,-859
802.525,-846
802.559,-855
802.592,-893
802.625,-859
802.659,-901
802.692,-937
802.725,-1021
802.759,-1054
802.792,-1061
802.825,-1097
802.859,-1191
802.892,-1359
802.925,-833
802.959,-663
802.992,-460
803.025,-708
803.059,-1020
803.092,-803
803.125,-540
803.159,-600
803.192,-684
803.225,-795
803.259,-685
803.292,-570
803.325,-644
803.359,-649
803.392,-719
803.425,-739
803.459,-786
803.492,-801
803.525,-715
803.559,-746
803.592,-750
803.625,-743
803.659,-755
803.692,-777
803.725,-702
803.759,-681
803.792,-656
803.825,-703
803.859,-879
803.892,-1309
803.925,-556
803.959,-548
803.992,-706
804.025,-764
804.059,-837
804.092,-840
804.125,-924
804.159,-1044
804.192,-1089
804.225,-1096
804.259,-1062
804.292,-1062
804.325,-1050
804.359,-1060
804.392,-1085
804.425,-1149
804.459,-1250
804.492,-1208
804.525,-1015
804.559,-1079
804.592,-903
804.625,-761
804.659,-724
804.692,-816
804.725,-834
804.759,-857
804.792,-901
804.825,-946
804.859,-980
804.892,-1013
804.925,-987
804.959,-919
804.992,-816
805.025,-810
805.059,-842
805.092,-874
805.125,-627
805.159,-769
805.192,-981
805.225,-1165
805.259,-1212
805.292,-1180
805.325,-969
805.359,-662
805.392,-535
805.425,-618
805.459,-735
805.492,-910
805.525,-1065
805.559,-1031
805.592,-1080
805.625,-1130
805.659,-1220
805.692,-1190
805.725,-1049
805.759,-1025
805.792,-1059
805.825,-877
805.859,-502
805.892,-564
805.925,-776
805.959,-783
805.992,-686
806.025,-695
806.059,-744
806.092,-813
806.125,-828
806.159,-776
806.192,-790
806.225,-779
806.259,-830
806.292,-851
806.325,-885
806.359,-946
806.392,-1028
806.425,-1095
806.459,-1020
806.492,-877
806.525,-560
806.559,-281
806.592,-4
806.625,-910
806.659,-1042
806.692,-985
806.725,-773
806.759,-748
806.792,-845
806.825,-842
806.859,-931
806.892,-824
806.925,-866
806.959,-897
806.992,-931
807.025,-952
807.059,-1094
807.092,-1303
807.125,-1304
807.159,-1204
807.192,-1161
807.225,-1078
807.259,-945
807.292,-842
807.325,-815
807.359,-824
807.392,-897
807.425,-899
807.459,-890
807.492,-847
807.525,-783
807.559,-772
807.592,-810
807.625,-703
807.659,-763
807.692,-825
807.725,-817
807.759,-787
807.792,-737
807.825,-727
807.859,-768
807.892,-823
807.925,-844
807.959,-843
807.992,-815
808.025,-820
808.059,-846
808.092,-896
808.125,-885
808.159,-834
808.192,-754
808.225,-772
808.259,-850
808.292,-1007
808.325,-1216
808.359,-1217
808.392,-1179
808.425,-1251
808.459,-1307
808.492,-1409
808.525,-1192
808.559,-965
808.592,-936
808.625,-951
808.659,-928
808.692,-869
808.725,-839
808.759,-838
808.792,-854
808.825,-893
808.859,-875
808.892,-862
808.925,-872
808.959,-888
808.992,-782
809.025,-945
809.059,-854
809.092,-861
809.125,-812
809.159,-806
809.192,-868
809.225,-913
809.259,-854
809.292,-932
809.325,-893
809.359,-898
809.392,-866
809.425,-844
809.459,-836
809.492,-819
809.525,-772
809.559,-788
809.592,-748
809.625,-819
809.659,-944
809.692,-933
809.725,-910
809.759,-875
809.792,-869
809.825,-804
809.859,-788
809.892,-799
809.925,-800
809.959,-864
809.992,-896
810.025,-984
810.059,-1007
810.092,-1004
810.125,-1072
810.159,-1103
810.192,-1114
810.225,-1127
810.259,-1166
810.292,-1203
810.325,-1232
810.359,-1197
810.392,-1067
810.425,-932
810.459,-924
810.492,-846
810.525,-814
810.559,-752
810.592,-710
810.625,-648
810.659,-609
810.692,-653
810.725,-686
810.759,-760
810.792,-767
810.825,-818
810.859,-838
810.892,-837
810.925,-833
810.959,-817
810.992,-837
811.025,-879
811.059,-856
811.092,-825
811.125,-860
811.159,-882
811.192,-882
811.225,-876
811.259,-879
811.292,-886
811.325,-886
811.359,-881
811.392,-912
811.425,-930
811.459,-906
811.492,-884
811.525,-907
811.559,-924
811.592,-869
811.625,-794
811.659,-819
811.692,-956
811.725,-1016
811.759,-988
811.792,-965
811.825,-950
811.859,-960
811.892,-968
811.925,-943
811.959,-926
811.992,-940
812.025,-946
812.059,-911
812.092,-862
812.125,-824
812.159,-854
812.192,-926
812.225,-974
812.259,-1108
812.292,-1368
812.325,-1334
812.359,-1278
812.392,-1053
812.425,-831
812.459,-818
812.492,-1047
812.525,-1208
812.559,-1052
812.592,-903
812.625,-698
812.659,-527
812.692,-399
812.725,-363
812.759,-334
812.792,-391
812.825,-623
812.859,-795
812.892,-1008
812.925,-1226
812.959,-1053
812.992,-1238
813.025,-1298
813.059,-1111
813.092,-1017
813.125,-1251
813.159,-1340
813.192,-1215
813.225,-1008
813.259,-818
813.292,-695
813.325,-647
813.359,-714
813.392,-785
813.425,-843
813.459,-938
813.492,-972
813.525,-1046
813.559,-1039
813.592,-955
813.625,-733
813.659,-809
813.692,-1460
813.725,-1309
813.759,-1030
813.792,-865
813.825,-752
813.859,-658
813.892,-650
813.925,-663
813.959,-693
813.992,-760
814.025,-819
814.059,-842
814.092,-861
814.125,-935
814.159,-1045
814.192,-1079
814.225,-1029
814.259,-1030
814.292,-1057
814.325,-1214
814.359,-1268
814.392,-1257
814.425,-1132
814.459,-1003
814.492,-855
814.525,-750
814.559,-647
814.592,-597
814.625,-600
814.659,-633
814.692,-672
814.725,-350
814.759,65
814.792,255
814.825,346
814.859,-12
814.892,-337
814.925,-178
814.959,-101
814.992,-178
815.025,-457
815.059,-495
815.092,73
815.125,377
815.159,445
815.192,526
815.225,440
815.259,264
815.292,340
815.325,370
815.359,413
815.392,536
815.425,548
815.459,542
815.492,365
815.525,410
815.559,440
815.592,499
815.625,626
815.659,620
815.692,540
815.725,497
815.759,503
815.792,520
815.825,530
815.859,661
815.892,640
815.925,204
815.959,399
815.992,171
816.025,15
816.059,400
816.092,372
816.125,212
816.159,202
816.192,271
816.225,276
816.259,198
816.292,274
816.325,145
816.359,56
816.392,10
816.425,1
816.459,-77
816.492,-40
816.525,-22
816.559,44
816.592,17
816.625,-91
816.659,-88
816.692,39
816.725,64
816.758,42
816.792,226
816.825,31
816.858,-1483
816.892,94
816.925,1103
816.958,-8
816.992,-234
817.025,610
817.058,231
817.092,-138
817.125,62
817.158,-83
817.192,259
817.225,205
817.258,221
817.292,192
817.325,102
817.358,-191
817.392,-674
817.425,-657
817.458,-303
817.492,-183
817.525,-482
817.558,-390
817.592,-415
817.625,-572
817.658,-954
817.692,-1391
817.725,-1720
817.758,-1605
817.792,-1237
817.825,-1101
817.858,-1031
817.892,-669
817.925,-633
817.958,-659
817.992,-841
818.025,-1095
818.058,-1230
818.092,-1227
818.125,-1129
818.158,-1005
818.192,-941
818.225,-857
818.258,-849
818.292,-900
818.325,-918
818.358,-962
818.392,-982
818.425,-957
818.458,-926
818.492,-922
818.525,-956
818.558,-866
818.592,-755
818.625,-984
818.658,-1010
818.692,-1047
818.725,-1043
818.758,-971
818.792,-943
818.825,-833
818.858,-698
818.892,-522
818.925,-298
818.958,-383
818.992,-425
819.025,-248
819.058,-347
819.092,-330
819.125,-195
819.158,-985
819.192,-257
819.225,477
819.258,105
819.292,-153
819.325,-359
819.358,-505
819.392,-8
819.425,-136
819.458,-287
819.492,-244
819.525,-192
819.558,-173
819.592,-141
819.625,-82
819.658,-27
819.692,36
819.725,191
819.758,220
819.792,271
819.825,291
819.858,320
819.892,385
819.925,392
819.958,422
819.992,371
820.025,370
820.058,401
820.092,457
820.125,456
820.158,457
820.192,367
820.225,376
820.258,513
820.292,479
820.325,370
820.358,289
820.392,325
820.425,261
820.458,-4
820.492,5
820.525,271
820.558,136
820.592,-86
820.625,110
820.658,21
820.692,-21
820.725,57
820.758,0
820.792,16
820.825,34
820.858,-45
820.892,-9
820.925,54
820.958,-36
820.992,10
821.025,-17
821.058,-41
821.092,-60
821.125,-291
821.158,-552
821.192,-521
821.225,-570
821.258,-653
821.292,-615
821.325,-606
821.358,-642
821.392,-789
821.425,-893
821.458,-1012
821.492,-1350
821.525,-1657
821.558,-1858
821.592,-1820
821.625,-1366
821.658,-1077
821.692,-975
821.725,-894
821.758,-719
821.792,-641
821.825,-666
821.858,-670
821.892,-711
821.925,-755
821.958,-814
821.992,-866
822.025,-853
822.058,-881
822.092,-553
822.125,-1634
822.158,-1393
822.192,-1317
822.225,-1144
822.258,-1036
822.292,-835
822.325,-794
822.358,-1007
822.392,-929
822.425,-757
822.458,-567
822.492,-469
822.525,-435
822.558,-496
822.592,-608
822.625,-648
822.658,-650
822.692,-851
822.725,-993
822.758,-970
822.792,-1171
822.825,-1192
822.858,-1233
822.892,-1213
822.925,-1112
822.958,-1308
822.992,-1315
823.025,-1166
823.058,-970
823.092,-785
823.125,-635
823.158,-561
823.192,-567
823.225,-633
823.258,-724
823.292,-838
823.325,-959
823.358,-1032
823.392,-984
823.425,-1107
823.458,-995
823.492,-917
823.525,-1152
823.558,-1352
823.592,-1143
823.625,-900
823.658,-660
823.692,-528
823.725,-416
823.758,-398
823.792,-503
823.825,-685
823.858,-809
823.892,-891
823.925,-900
823.958,-954
823.992,-855
824.025,-902
824.058,-865
824.092,-854
824.125,-1059
824.158,-1276
824.192,-1420
824.225,-1407
824.258,-1289
824.292,-1189
824.325,-1069
824.358,-883
824.392,-724
824.425,-683
824.458,-660
824.492,-416
824.525,-157
824.558,-114
824.592,-156
824.625,-241
824.658,-125
824.692,-387
824.725,-1172
824.758,-1363
824.792,-767
824.825,259
824.858,180
824.892,-87
824.925,178
824.958,163
824.992,217
825.025,267
825.058,279
825.092,223
825.125,229
825.158,216
825.192,269
825.225,288
825.258,270
825.292,233
825.325,264
825.358,232
825.392,191
825.425,222
825.458,172
825.492,138
825.525,203
825.558,150
825.592,64
825.625,12
825.658,-4
825.692,-23
825.725,-36
825.758,-73
825.792,-125
825.825,-183
825.858,-98
825.892,-43
825.925,217
825.958,445
825.992,-394
826.025,-456
826.058,-220
826.092,-260
826.125,-277
826.158,-324
826.192,-292
826.225,-312
826.258,-296
826.292,-269
826.325,-240
826.358,-244
826.392,-200
826.425,-195
826.458,-262
826.492,-215
826.525,-188
826.558,-123
826.592,-192
826.625,-212
826.658,-191
826.692,-106
826.725,-194
826.758,-128
826.792,-1045
826.825,-451
826.858,615
826.892,-99
826.925,-227
826.958,444
826.992,180
827.025,-291
827.058,92
827.092,-215
827.125,-98
827.158,-79
827.192,-335
827.225,26
827.258,-353
827.292,-286
827.325,-361
827.358,-388
827.392,-570
827.425,-530
827.458,-453
827.492,-478
827.525,-497
827.558,-654
827.592,-1002
827.625,-1060
827.658,-1331
827.692,-1384
827.725,-1161
827.758,-982
827.792,-832
827.825,-789
827.858,-980
827.892,-1088
827.925,-1058
827.958,-959
827.992,-892
828.025,-875
828.058,-864
828.092,-882
828.125,-931
828.158,-909
828.192,-961
828.225,-917
828.258,-903
828.292,-806
828.325,-718
828.358,-881
828.392,-947
828.425,-921
828.458,-841
828.492,-793
828.525,-719
828.558,-628
828.592,-620
828.625,-567
828.658,-541
828.692,-495
828.725,-493
828.758,-278
828.792,-97
828.825,-100
828.858,-201
828.892,-299
828.925,-187
828.958,-77
828.992,-124
829.025,-245
829.058,2
829.092,-159
829.125,-18
829.158,-214
829.192,-372
829.225,-165
829.258,-414
829.292,233
829.325,-38
829.358,-9
829.392,-301
829.425,-283
829.458,-70
829.492,-80
829.525,-51
829.558,-346
829.592,-181
829.625,-243
829.658,-251
829.692,-84
829.725,154
829.758,170
829.792,240
829.825,237
829.858,246
829.892,270
829.925,325
829.958,481
829.992,405
830.025,275
830.058,282
830.092,348
830.125,380
830.158,377
830.192,365
830.225,405
830.258,393
830.292,336
830.325,350
830.358,302
830.392,278
830.425,292
830.458,293
830.492,277
830.525,224
830.558,239
830.592,270
830.625,258
830.658,271
830.692,299
830.725,265
830.758,166
830.792,187
830.825,219
830.858,312
830.892,218
830.925,121
830.958,184
830.992,218
831.025,260
831.058,246
831.092,172
831.125,190
831.158,204
831.192,136
831.225,125
831.258,165
831.292,142
831.325,23
831.358,-15
831.392,86
831.425,102
831.458,89
831.492,120
831.525,159
831.558,152
831.592,97
831.625,85
831.658,111
831.692,50
831.725,-214
831.758,-594
831.792,-613
831.825,-526
831.858,-454
831.892,-459
831.925,-536
831.958,-656
831.992,-1080
832.025,-1163
832.058,-1088
832.092,-1448
832.125,-1600
832.158,-1491
832.192,-1462
832.225,-783
832.258,-625
832.292,-675
832.325,-648
832.358,-746
832.392,-827
832.425,-914
832.458,-1075
832.492,-1197
832.525,-1067
832.558,-949
832.592,-793
832.625,-750
832.658,-786
832.692,-1061
832.725,-1117
832.758,-1093
832.792,-997
832.825,-839
832.858,-715
832.892,-622
832.925,-652
832.958,-741
832.992,-816
833.025,-882
833.058,-926
833.092,-908
833.125,-965
833.158,-1011
833.192,-1030
833.225,-1116
833.258,-1156
833.292,-987
833.325,-942
833.358,-1210
833.392,-1228
833.425,-1051
833.458,-862
833.492,-739
833.525,-726
833.558,-658
833.592,-706
833.625,-765
833.658,-800
833.692,-868
833.725,-1002
833.758,-1061
833.792,-1152
833.825,-1192
833.858,-1021
833.892,-970
833.925,-1158
833.958,-1471
833.992,-1396
834.025,-1056
834.058,-734
834.092,-524
834.125,-394
834.158,-345
834.192,-413
834.225,-526
834.258,-609
834.292,-848
834.325,-983
834.358,-1365
834.392,-1492
834.425,-1438
834.458,-1351
834.492,-1245
834.525,-1227
834.558,-1247
834.592,-1124
834.625,-959
834.658,-776
834.692,-663
834.725,-545
834.758,-536
834.792,-588
834.825,-651
834.858,-740
834.892,-872
834.925,-978
834.958,-1051
834.992,-1242
835.025,-1327
835.058,-1187
835.092,-1076
835.125,-1223
835.158,-1248
835.192,-948
835.225,-678
835.258,-504
835.292,-441
835.325,-407
835.358,-456
835.392,-576
835.425,-709
835.458,-780
835.492,-841
835.525,-972
835.558,-1113
835.592,-1240
835.625,-1223
835.658,-1132
835.692,-1088
835.725,-1268
835.758,-1410
835.792,-1288
835.825,-1118
835.858,-899
835.892,-718
835.925,-616
835.958,-603
835.992,-603
836.025,-655
836.058,-699
836.092,-736
836.125,-814
836.158,-1098
836.192,-1199
836.225,-1263
836.258,-801
836.292,-653
836.325,-1112
836.358,-989
836.392,-826
836.425,-702
836.458,-595
836.492,-578
836.525,-621
836.558,-705
836.592,-710
836.625,-646
836.658,-593
836.692,-540
836.725,-534
836.758,-395
836.792,-650
836.825,-503
836.858,-731
836.892,-505
836.925,-315
836.958,-354
836.992,-400
837.025,-302
837.058,-228
837.092,-439
837.125,-532
837.158,-431
837.192,-508
837.225,-473
837.258,-584
837.292,-580
837.325,-643
837.358,-716
837.392,-866
837.425,-1070
837.458,-1175
837.492,-1289
837.525,-1291
837.558,-1077
837.592,-1402
837.625,-754
837.658,-999
837.692,-775
837.725,-816
837.758,-781
837.792,-895
837.825,-999
837.858,-880
837.892,-890
837.925,-874
837.958,-905
837.992,-925
838.025,-808
838.058,-874
838.092,-755
838.125,-752
838.158,-651
838.192,-521
838.225,-459
838.258,-541
838.292,-614
838.325,-569
838.358,-372
838.392,-457
838.425,-661
838.458,-858
838.492,-821
838.525,-466
838.558,131
838.592,19
838.625,-555
838.658,-347
838.692,-384
838.725,-451
838.758,-389
838.792,-336
838.825,-423
838.858,-501
838.892,-602
838.925,-708
838.958,-746
838.992,-836
839.025,-1105
839.058,-1271
839.092,-1266
839.125,-1168
839.158,-1153
839.192,-1111
839.225,-1185
839.258,-947
839.292,-845
839.325,-858
839.358,-952
839.392,-1090
839.425,-1124
839.458,-1079
839.492,-1032
839.525,-989
839.558,-946
839.592,-874
839.625,-876
839.658,-926
839.692,-941
839.725,-905
839.758,-868
839.792,-848
839.825,-856
839.858,-889
839.892,-944
839.925,-969
839.958,-989
839.992,-1009
840.025,-1040
840.058,-1097
840.092,-1140
840.125,-1203
840.158,-1130
840.192,-945
840.225,-1022
840.258,-1151
840.292,-1243
840.325,-1120
840.358,-910
840.392,-810
840.425,-710
840.458,-683
840.492,-703
840.525,-796
840.558,-878
840.592,-963
840.625,-1020
840.658,-1080
840.692,-1111
840.725,-1159
840.758,-1057
840.792,-951
840.825,-940
840.858,-1115
840.892,-1166
840.925,-981
840.958,-772
840.992,-651
841.025,-600
841.058,-585
841.092,-627
841.125,-663
841.158,-730
841.192,-773
841.225,-785
841.258,-839
841.292,-952
841.325,-969
841.358,-1002
841.392,-973
841.425,-954
841.458,-962
841.492,-996
841.525,-1097
841.558,-1137
841.592,-1032
841.625,-910
841.658,-821
841.692,-769
841.725,-732
841.758,-736
841.792,-732
841.825,-712
841.858,-705
841.892,-659
841.925,-680
841.958,-618
841.992,-538
842.025,-516
842.058,-478
842.092,-467
842.125,-467
842.158,-452
842.192,-790
842.225,-1032
842.258,-1245
842.292,-1365
842.325,-1645
842.358,-1418
842.392,-1274
842.425,-1365
842.458,-995
842.492,-1083
842.525,-1096
842.558,-943
842.592,-885
842.625,-694
842.658,-375
842.692,90
842.725,134
842.758,-14
842.792,-343
842.825,-620
842.858,-728
842.892,-919
842.925,-1287
842.958,-1582
842.992,-1427
843.025,-1527
843.058,-1102
843.092,-1013
843.125,-1207
843.158,-942
843.192,-901
843.225,-738
843.258,-730
843.292,-560
843.325,-534
843.358,-565
843.392,-667
843.425,-723
843.458,-721
843.492,-767
843.525,-802
843.558,-895
843.592,-1021
843.625,-1328
843.658,-1135
843.692,-1032
843.725,-1038
843.758,-1055
843.792,-1037
843.825,-916
843.858,-814
843.892,-756
843.925,-824
843.958,-839
843.992,-853
844.025,-860
844.058,-1045
844.092,-1202
844.125,-1200
844.158,-1421
844.192,-1174
844.225,-456
844.258,-300
844.292,-272
844.325,-31
844.358,-20
844.392,-189
844.425,-360
844.458,-676
844.492,-1095
844.525,-849
844.558,-1069
844.592,-1018
844.625,-1045
844.658,-893
844.692,-772
844.725,-924
844.758,-931
844.792,-968
844.825,-1081
844.858,-1070
844.892,-924
844.925,-878
844.958,-727
844.992,-446
845.025,-271
845.058,-284
845.092,-451
845.125,-501
845.158,-394
845.192,-312
845.225,-380
845.258,-303
845.292,-245
845.325,-285
845.358,-436
845.392,-674
845.425,-831
845.458,-935
845.492,-999
845.525,-1069
845.558,-925
845.592,-785
845.625,-671
845.658,-574
845.692,-928
845.725,-965
845.758,-803
845.792,-818
845.825,-842
845.858,-1107
845.892,-1175
845.925,-1157
845.958,-1144
845.992,-1063
846.025,-1075
846.058,-953
846.092,-914
846.125,-1079
846.158,-999
846.192,-1025
846.225,-1044
846.258,-935
846.292,-883
846.325,-798
846.358,-818
846.392,-882
846.425,-814
846.458,-871
846.492,-949
846.525,-874
846.558,-701
846.592,-636
846.625,-753
846.658,-895
846.692,-928
846.725,-987
846.758,-1001
846.792,-1078
846.825,-1028
846.858,-923
846.892,-865
846.925,-962
846.958,-1007
846.992,-976
847.025,-797
847.058,-622
847.092,-644
847.125,-675
847.158,-788
847.192,-893
847.225,-1059
847.258,-1434
847.292,-1716
847.325,-1571
847.358,-1254
847.392,-1158
847.425,-1051
847.458,-875
847.492,-778
847.525,-770
847.558,-785
847.592,-809
847.625,-800
847.658,-833
847.692,-814
847.725,-874
847.758,-873
847.792,-850
847.825,-817
847.858,-869
847.892,-919
847.925,-963
847.958,-971
847.992,-989
848.025,-864
848.058,-810
848.092,-839
848.125,-1013
848.158,-1173
848.192,-1154
848.225,-1170
848.258,-1191
848.292,-1060
848.325,-904
848.358,-806
848.392,-859
848.425,-1007
848.458,-1028
848.492,-964
848.525,-1012
848.558,-905
848.592,-1027
848.625,-1058
848.658,-928
848.692,-736
848.725,-658
848.758,-726
848.792,-621
848.825,-751
848.858,-748
848.892,-837
848.925,-835
848.958,-770
848.992,-771
849.025,-736
849.058,-787
849.092,-856
849.125,-887
849.158,-857
849.192,-748
849.225,-745
849.258,-749
849.292,-690
849.325,-656
849.358,-705
849.392,-563
849.425,-622
849.458,-529
849.492,-624
849.525,-626
849.558,-677
849.592,-695
849.625,-658
849.658,-781
849.692,-788
849.725,-829
849.758,-854
849.792,-791
849.825,-654
849.858,-549
849.892,-343
849.925,-195
849.958,-111
849.992,92
850.025,94
850.058,192
850.091,240
850.125,300
850.158,382
850.191,369
850.225,412
850.258,455
850.291,482
850.325,526
850.358,541
850.391,568
850.425,597
850.458,620
850.491,650
850.525,675
850.558,688
850.591,691
850.625,733
850.658,748
850.691,759
850.725,785
850.758,753
850.791,774
850.825,800
850.858,782
850.891,787
850.925,809
850.958,817
850.991,807
851.025,843
851.058,815
851.091,808
851.125,834
851.158,839
851.191,803
851.225,796
851.258,815
851.291,812
851.325,833
851.358,844
851.391,850
851.425,858
851.458,858
851.491,860
851.525,836
851.558,847
851.591,837
851.625,835
851.658,843
851.691,848
851.725,849
851.758,840
851.791,839
851.825,842
851.858,844
851.891,843
851.925,838
851.958,849
851.991,843
852.025,850
852.058,857
852.091,845
852.125,840
852.158,840
852.191,843
852.225,840
852.258,844
852.291,844
852.325,840
852.358,838
852.391,843
852.425,849
852.458,848
852.491,850
852.525,860
852.558,848
852.591,851
852.625,845
852.658,843
852.691,851
852.725,856
852.758,851
852.791,854
852.825,851
852.858,859
852.891,843
852.925,852
852.958,858
852.991,848
853.025,843
853.058,835
853.091,832
853.125,828
853.158,828
853.191,832
853.225,818
853.258,812
853.291,826
853.325,815
853.358,808
853.391,793
853.425,772
853.458,765
853.491,755
853.525,701
853.558,637
853.591,615
853.625,625
853.658,575
853.691,486
853.725,502
853.758,454
853.791,461
853.825,476
853.858,369
853.891,353
853.925,337
853.958,313
853.991,283
854.025,233
854.058,169
854.091,69
854.125,45
854.158,-9
854.191,-102
854.225,-198
854.258,-253
854.291,-290
854.325,-420
854.358,-470
854.391,-552
854.425,-618
854.458,-575
854.491,-599
854.525,-591
854.558,-601
854.591,-661
854.625,-656
854.658,-620
854.691,-625
854.725,-635
854.758,-651
854.791,-565
854.825,-623
854.858,-464
854.891,-502
854.925,-565
854.958,-581
854.991,-598
855.025,-634
855.058,-723
855.091,-820
855.125,-840
855.158,-915
855.191,-896
855.225,-879
855.258,-843
855.291,-821
855.325,-768
855.358,-704
855.391,-713
855.425,-718
855.458,-694
855.491,-845
855.525,-1125
855.558,-1375
855.591,-1054
855.625,-852
855.658,-943
855.691,-819
855.725,-775
855.758,-773
855.791,-930
855.825,-1054
855.858,-1039
855.891,-980
855.925,-950
855.958,-927
855.991,-906
856.025,-899
856.058,-918
856.091,-918
856.125,-938
856.158,-1053
856.191,-1065
856.225,-973
856.258,-911
856.291,-922
856.325,-962
856.358,-999
856.391,-999
856.425,-966
856.458,-943
856.491,-965
856.525,-1005
856.558,-1030
856.591,-1015
856.625,-1002
856.658,-999
856.691,-1023
856.725,-1009
856.758,-949
856.791,-879
856.825,-861
856.858,-830
856.891,-842
856.925,-868
856.958,-892
856.991,-902
857.025,-927
857.058,-908
857.091,-922
857.125,-896
857.158,-866
857.191,-850
857.225,-860
857.258,-869
857.291,-886
857.325,-994
857.358,-1182
857.391,-1152
857.425,-1049
857.458,-979
857.491,-903
857.525,-999
857.558,-1030
857.591,-1010
857.625,-898
857.658,-825
857.691,-877
857.725,-952
857.758,-1007
857.791,-1041
857.825,-978
857.858,-1006
857.891,-975
857.925,-990
857.958,-974
857.991,-885
858.025,-783
858.058,-726
858.091,-783
858.125,-776
858.158,-795
858.191,-895
858.225,-953
858.258,-1000
858.291,-990
858.325,-1001
858.358,-989
858.391,-967
858.425,-919
858.458,-922
858.491,-912
858.525,-866
858.558,-768
858.591,-706
858.625,-695
858.658,-675
858.691,-677
858.725,-671
858.758,-688
858.791,-707
858.825,-683
858.858,-647
858.891,-591
858.925,-533
858.958,-510
858.991,-491
859.025,-514
859.058,-498
859.091,-464
859.125,-384
859.158,-302
859.191,-228
859.225,-46
859.258,115
859.291,278
859.325,503
859.358,648
859.391,694
859.425,749
859.458,788
859.491,719
859.525,540
859.558,224
859.591,-45
859.625,-349
859.658,-303
859.691,-247
859.725,-193
859.758,-155
859.791,-60
859.825,-27
859.858,25
859.891,26
859.925,-7
859.958,22
859.991,48
860.025,29
860.058,124
860.091,40
860.125,108
860.158,26
860.191,-28
860.225,51
860.258,2
860.291,-35
860.325,7
860.358,1
860.391,-33
860.425,1
860.458,-13
860.491,-45
860.525,-19
860.558,18
860.591,69
860.625,166
860.658,283
860.691,335
860.725,410
860.758,473
860.791,557
860.825,585
860.858,539
860.891,588
860.925,635
860.958,655
860.991,685
861.025,716
861.058,746
861.091,725
861.125,724
861.158,726
861.191,731
861.225,734
861.258,736
861.291,732
861.325,732
861.358,738
861.391,734
861.425,753
861.458,769
861.491,782
861.525,771
861.558,786
861.591,788
861.625,784
861.658,781
861.691,788
861.725,798
861.758,788
861.791,777
861.825,775
861.858,784
861.891,781
861.925,776
861.958,782
861.991,791
862.025,794
862.058,795
862.091,811
862.125,800
862.158,800
862.191,800
862.225,800
862.258,803
862.291,801
862.325,805
862.358,808
862.391,796
862.425,807
862.458,808
862.491,791
862.525,802
862.558,802
862.591,805
862.625,807
862.658,805
862.691,805
862.725,808
862.758,805
862.791,812
862.825,812
862.858,809
862.891,810
862.925,801
862.958,798
862.991,795
863.025,785
863.058,793
863.091,784
863.125,777
863.158,777
863.191,778
863.225,787
863.258,776
863.291,780
863.325,757
863.358,723
863.391,707
863.425,720
863.458,716
863.491,696
863.525,672
863.558,668
863.591,662
863.625,647
863.658,634
863.691,619
863.725,593
863.758,581
863.791,612
863.825,652
863.858,685
863.891,699
863.925,677
863.958,674
863.991,671
864.025,630
864.058,579
864.091,521
864.125,457
864.158,480
864.191,394
864.225,367
864.258,380
864.291,288
864.325,217
864.358,186
864.391,75
864.425,47
864.458,28
864.491,50
864.525,-19
864.558,-29
864.591,-23
864.625,-39
864.658,-62
864.691,-254
864.725,-56
864.758,-38
864.791,-14
864.825,-73
864.858,-108
864.891,-141
864.925,-232
864.958,-402
864.991,-774
865.025,-728
865.058,-373
865.091,-135
865.125,155
865.158,439
865.191,483
865.225,475
865.258,296
865.291,214
865.325,210
865.358,14
865.391,-501
865.425,-1711
865.458,-496
865.491,-239
865.525,-316
865.558,-416
865.591,-459
865.625,-453
865.658,-421
865.691,-378
865.725,-387
865.758,-397
865.791,-402
865.825,-406
865.858,-410
865.891,-412
865.925,-401
865.958,-392
865.991,-389
866.025,-388
866.058,-397
866.091,-403
866.125,-393
866.158,-395
866.191,-403
866.225,-416
866.258,-411
866.291,-402
866.325,-398
866.358,-402
866.391,-403
866.425,-397
866.458,-393
866.491,-400
866.525,-403
866.558,-411
866.591,-411
866.625,-411
866.658,-410
866.691,-413
866.725,-417
866.758,-422
866.791,-451
866.825,-452
866.858,-366
866.891,-358
866.925,-390
866.958,-379
866.991,-414
867.025,-460
867.058,-396
867.091,-402
867.125,-446
867.158,-578
867.191,-636
867.225,-588
867.258,-696
867.291,-902
867.325,-842
867.358,-1182
867.391,-1108
867.425,-1006
867.458,-956
867.491,-1045
867.525,-1239
867.558,-1345
867.591,-1335
867.625,-1177
867.658,-1145
867.691,-1051
867.725,-900
867.758,-776
867.791,-648
867.825,-585
867.858,-593
867.891,-547
867.925,-569
867.958,-624
867.991,-776
868.025,-916
868.058,-1013
868.091,-1051
868.125,-1062
868.158,-1035
868.191,-1007
868.225,-897
868.258,-800
868.291,-803
868.325,-810
868.358,-779
868.391,-776
868.425,-823
868.458,-740
868.491,-779
868.525,-948
868.558,-1312
868.591,-1488
868.625,-1389
868.658,-1214
868.691,-990
868.725,-798
868.758,-688
868.791,-657
868.825,-713
868.858,-822
868.891,-889
868.925,-916
868.958,-897
868.991,-852
869.025,-808
869.058,-815
869.091,-920
869.125,-1028
869.158,-1071
869.191,-954
869.225,-893
869.258,-1193
869.291,-1335
869.325,-1325
869.358,-1161
869.391,-977
869.425,-828
869.458,-750
869.491,-768
869.525,-763
869.558,-823
869.591,-911
869.625,-996
869.658,-1023
869.691,-946
869.725,-783
869.758,-562
869.791,-516
869.825,-752
869.858,-1039
869.891,-1040
869.925,-1002
869.958,-907
869.991,-792
870.025,-722
870.058,-665
870.091,-570
870.125,-552
870.158,-675
870.191,-878
870.225,-1037
870.258,-1140
870.291,-1041
870.325,-924
870.358,-818
870.391,-903
870.425,-799
870.458,-801
870.491,-784
870.525,-811
870.558,-691
870.591,-373
870.625,-736
870.658,-1165
870.691,-1107
870.725,-1076
870.758,-966
870.791,-889
870.825,-681
870.858,-577
870.891,-667
870.925,-709
870.958,-612
870.991,-547
871.025,-376
871.058,-193
871.091,-58
871.125,-81
871.158,-255
871.191,-589
871.225,-299
871.258,-407
871.291,-399
871.325,-460
871.358,-701
871.391,-962
871.425,-939
871.458,-790
871.491,-809
871.525,-838
871.558,-800
871.591,-780
871.625,-771
871.658,-675
871.691,-674
871.725,-744
871.758,-790
871.791,-817
871.825,-944
871.858,-1041
871.891,-852
871.925,-700
871.958,-635
871.991,-495
872.025,-625
872.058,-954
872.091,-1069
872.125,-1209
872.158,-952
872.191,-375
872.225,-516
872.258,-727
872.291,-829
872.325,-846
872.358,-858
872.391,-994
872.425,-888
872.458,-676
872.491,-554
872.525,-453
872.558,-257
872.591,-330
872.625,-512
872.658,-734
872.691,-931
872.725,-945
872.758,-870
872.791,-848
872.825,-787
872.858,-563
872.891,-633
872.925,-740
872.958,-733
872.991,-703
873.025,-683
873.058,-609
873.091,-683
873.125,-642
873.158,-579
873.191,-528
873.225,-525
873.258,-422
873.291,-332
873.325,-277
873.358,-274
873.391,-267
873.425,-299
873.458,-342
873.491,-351
873.525,-394
873.558,-565
873.591,-551
873.625,-593
873.658,-593
873.691,-604
873.725,-476
873.758,-606
873.791,-729
873.825,-581
873.858,-505
873.891,-590
873.925,-525
873.958,-615
873.991,-726
874.025,-628
874.058,-614
874.091,-804
874.125,-1578
874.158,-335
874.191,-929
874.225,-719
874.258,-845
874.291,-717
874.325,-683
874.358,-760
874.391,-734
874.425,-865
874.458,-1003
874.491,-1006
874.525,-993
874.558,-884
874.591,-740
874.625,-727
874.658,-853
874.691,-1056
874.725,-1306
874.758,-1616
874.791,-1823
874.825,-1459
874.858,-1283
874.891,-1197
874.925,-989
874.958,-915
874.991,-881
875.025,-795
875.058,-744
875.091,-713
875.125,-750
875.158,-805
875.191,-889
875.225,-935
875.258,-958
875.291,-963
875.325,-968
875.358,-1136
875.391,-1072
875.425,-921
875.458,-900
875.491,-900
875.525,-956
875.558,-911
875.591,-865
875.625,-846
875.658,-919
875.691,-950
875.725,-916
875.758,-850
875.791,-898
875.825,-1023
875.858,-1085
875.891,-1083
875.925,-941
875.958,-820
875.991,-726
876.025,-704
876.058,-749
876.091,-840
876.125,-955
876.158,-1038
876.191,-1048
876.225,-977
876.258,-869
876.291,-782
876.325,-706
876.358,-701
876.391,-704
876.425,-623
876.458,-584
876.491,-621
876.525,-745
876.558,-799
876.591,-924
876.625,-945
876.658,-895
876.691,-873
876.725,-821
876.758,-690
876.791,-683
876.825,-825
876.858,-958
876.891,-964
876.925,-863
876.958,-603
876.991,-505
877.025,-623
877.058,-649
877.091,-657
877.125,-400
877.158,-428
877.191,-538
877.225,-437
877.258,-379
877.291,-518
877.325,-1183
877.358,-844
877.391,-992
877.425,-821
877.458,-669
877.491,-496
877.525,-454
877.558,-435
877.591,-454
877.625,-290
877.658,-218
877.691,-64
877.725,-378
877.758,-611
877.791,-723
877.825,-857
877.858,-904
877.891,-895
877.925,-922
877.958,-857
877.991,-770
878.025,-840
878.058,-840
878.091,-686
878.125,-628
878.158,-915
878.191,-851
878.225,-775
878.258,-830
878.291,-959
878.325,-1049
878.358,-1037
878.391,-1050
878.425,-1070
878.458,-1100
878.491,-1131
878.525,-1184
878.558,-1201
878.591,-1252
878.625,-1214
878.658,-1406
878.691,-1393
878.725,-1377
878.758,-1283
878.791,-1249
878.825,-1210
878.858,-1183
878.891,-1108
878.925,-1026
878.958,-965
878.991,-901
879.025,-801
879.058,-681
879.091,-538
879.125,-503
879.158,-498
879.191,-497
879.225,-555
879.258,-671
879.291,-708
879.325,-753
879.358,-752
879.391,-763
879.425,-797
879.458,-835
879.491,-903
879.525,-855
879.558,-842
879.591,-873
879.625,-879
879.658,-858
879.691,-830
879.725,-791
879.758,-779
879.791,-733
879.825,-645
879.858,-567
879.891,-558
879.925,-540
879.958,-626
879.991,-832
880.025,-944
880.058,-1003
880.091,-1123
880.125,-1175
880.158,-1225
880.191,-1294
880.225,-1233
880.258,-1312
880.291,-1411
880.325,-1489
880.358,-1376
880.391,-1278
880.425,-1176
880.458,-1348
880.491,-1400
880.525,-1288
880.558,-1276
880.591,-1138
880.625,-1097
880.658,-1170
880.691,-1130
880.725,-1057
880.758,-920
880.791,-818
880.825,-749
880.858,-684
880.891,-621
880.925,-631
880.958,-626
880.991,-534
881.025,-662
881.058,-707
881.091,-718
881.125,-699
881.158,-669
881.191,-755
881.225,-629
881.258,-493
881.291,-392
881.325,-441
881.358,-505
881.391,-745
881.425,-792
881.458,-697
881.491,-853
881.525,-981
881.558,-1170
881.591,-711
881.625,-640
881.658,-525
881.691,-585
881.725,-674
881.758,-699
881.791,-829
881.825,-981
881.858,-1030
881.891,-1002
881.925,-962
881.958,-932
881.991,-972
882.025,-1049
882.058,-1173
882.091,-1320
882.125,-1326
882.158,-1377
882.191,-1287
882.225,-1137
882.258,-1045
882.291,-909
882.325,-816
882.358,-756
882.391,-707
882.425,-679
882.458,-836
882.491,-1033
882.525,-1077
882.558,-1099
882.591,-1030
882.625,-945
882.658,-900
882.691,-851
882.725,-879
882.758,-1069
882.791,-828
882.825,-919
882.858,-936
882.891,-913
882.925,-925
882.958,-928
882.991,-971
883.025,-1123
883.058,-1181
883.091,-966
883.125,-789
883.158,-827
883.191,-994
883.225,-1126
883.258,-1178
883.291,-1114
883.325,-1014
883.358,-938
883.391,-819
883.424,-793
883.458,-814
883.491,-719
883.524,-622
883.558,-540
883.591,-479
883.624,-502
883.658,-577
883.691,-726
883.724,-1032
883.758,-1285
883.791,-1252
883.824,-1096
883.858,-886
883.891,-947
883.924,-974
883.958,-801
883.991,-560
884.024,-489
884.058,-795
884.091,-1035
884.124,-1010
884.158,-709
884.191,-666
884.224,-568
884.258,-661
884.291,-753
884.324,-687
884.358,-653
884.391,-602
884.424,-572
884.458,-577
884.491,-657
884.524,-523
884.558,-448
884.591,-484
884.624,-318
884.658,-905
884.691,-530
884.724,-449
884.758,-466
884.791,-555
884.824,-611
884.858,-631
884.891,-707
884.924,-800
884.958,-826
884.991,-837
885.024,-1048
885.058,-1076
885.091,-1043
885.124,-1091
885.158,-952
885.191,-808
885.224,-742
885.258,-712
885.291,-945
885.324,-706
885.358,-756
885.391,-804
885.424,-898
885.458,-963
885.491,-972
885.524,-981
885.558,-964
885.591,-938
885.624,-922
885.658,-904
885.691,-897
885.724,-923
885.758,-917
885.791,-898
885.824,-892
885.858,-913
885.891,-918
885.924,-902
885.958,-896
885.991,-903
886.024,-872
886.058,-870
886.091,-840
886.124,-829
886.158,-802
886.191,-805
886.224,-816
886.258,-1076
886.291,-888
886.324,-746
886.358,-553
886.391,-469
886.424,-444
886.458,-528
886.491,-549
886.524,-526
886.558,-435
886.591,-603
886.624,-522
886.658,-448
886.691,-552
886.724,-552
886.758,-512
886.791,-523
886.824,-454
886.858,-562
886.891,-597
886.924,-589
886.958,-626
886.991,-561
887.024,-587
887.058,-681
887.091,-770
887.124,-1427
887.158,84
887.191,-706
887.224,-475
887.258,-591
887.291,-541
887.324,-581
887.358,-725
887.391,-867
887.424,-932
887.458,-914
887.491,-892
887.524,-839
887.558,-742
887.591,-737
887.624,-783
887.658,-870
887.691,-1087
887.724,-1412
887.758,-1164
887.791,-629
887.824,-757
887.858,-894
887.891,-957
887.924,-969
887.958,-896
887.991,-844
888.024,-786
888.058,-751
888.091,-731
888.124,-732
888.158,-603
888.191,-596
888.224,-469
888.258,-540
888.291,-576
888.324,-614
888.358,-554
888.391,-579
888.424,-689
888.458,-881
888.491,-1032
888.524,-1026
888.558,-1048
888.591,-1030
888.624,-1076
888.658,-958
888.691,-1010
888.724,-866
888.758,-682
888.791,-660
888.824,-542
888.858,-739
888.891,-762
888.924,-703
888.958,-703
888.991,-781
889.024,-690
889.058,-726
889.091,-687
889.124,-730
889.158,-720
889.191,-694
889.224,-650
889.258,-568
889.291,-451
889.324,-558
889.358,-886
889.391,-945
889.424,-429
889.458,-773
889.491,-578
889.524,-699
889.558,-690
889.591,-763
889.624,-798
889.658,-836
889.691,-1057
889.724,-1166
889.758,-1123
889.791,-1061
889.824,-967
889.858,-924
889.891,-890
889.924,-869
889.958,-897
889.991,-865
890.024,-745
890.058,-807
890.091,-718
890.124,-708
890.158,-751
890.191,-829
890.224,-824
890.258,-841
890.291,-822
890.324,-787
890.358,-807
890.391,-832
890.424,-836
890.458,-840
890.491,-944
890.524,-965
890.558,-1043
890.591,-1031
890.624,-1065
890.658,-1077
890.691,-1255
890.724,-1044
890.758,-808
890.791,-860
890.824,-761
890.858,-779
890.891,-766
890.924,-796
890.958,-817
890.991,-763
891.024,-727
891.058,-823
891.091,-626
891.124,-797
891.158,-790
891.191,-787
891.224,-847
891.258,-818
891.291,-720
891.324,-756
891.358,-761
891.391,-763
891.424,-749
891.458,-827
891.491,-785
891.524,-805
891.558,-1225
891.591,-1248
891.624,-826
891.658,-671
891.691,-715
891.724,-747
891.758,-883
891.791,-947
891.824,-954
891.858,-930
891.891,-938
891.924,-912
891.958,-905
891.991,-939
892.024,-999
892.058,-1063
892.091,-1175
892.124,-1213
892.158,-1109
892.191,-1108
892.224,-806
892.258,-822
892.291,-882
892.324,-886
892.358,-919
892.391,-883
892.424,-934
892.458,-927
892.491,-905
892.524,-835
892.558,-721
892.591,-738
892.624,-839
892.658,-931
892.691,-941
892.724,-887
892.758,-840
892.791,-833
892.824,-892
892.858,-847
892.891,-808
892.924,-829
892.958,-764
892.991,-768
893.024,-870
893.058,-984
893.091,-958
893.124,-846
893.158,-784
893.191,-927
893.224,-1063
893.258,-1170
893.291,-1192
893.324,-1154
893.358,-900
893.391,-739
893.424,-628
893.458,-665
893.491,-878
893.524,-608
893.558,-617
893.591,-751
893.624,-731
893.658,-702
893.691,-768
893.724,-827
893.758,-809
893.791,-798
893.824,-817
893.858,-830
893.891,-903
893.924,-805
893.958,-827
893.991,-912
894.024,-960
894.058,-854
894.091,-940
894.124,-554
894.158,-409
894.191,-787
894.224,-749
894.258,-830
894.291,-865
894.324,-933
894.358,-834
894.391,-907
894.424,-938
894.458,-931
894.491,-1055
894.524,-1074
894.558,-1083
894.591,-1109
894.624,-1122
894.658,-1104
894.691,-1110
894.724,-1037
894.758,-973
894.791,-908
894.824,-861
894.858,-816
894.891,-787
894.924,-797
894.958,-792
894.991,-814
895.024,-813
895.058,-794
895.091,-813
895.124,-832
895.158,-829
895.191,-832
895.224,-847
895.258,-858
895.291,-888
895.324,-998
895.358,-1061
895.391,-1070
895.424,-1093
895.458,-1087
895.491,-1108
895.524,-1154
895.558,-1144
895.591,-1068
895.624,-929
895.658,-842
895.691,-824
895.724,-1066
895.758,-1021
895.791,-1127
895.824,-802
895.858,-748
895.891,-887
895.924,-906
895.958,-841
895.991,-832
896.024,-977
896.058,-831
896.091,-847
896.124,-872
896.158,-860
896.191,-793
896.224,-835
896.258,-838
896.291,-875
896.324,-833
896.358,-549
896.391,-744
896.424,-788
896.458,-765
896.491,-754
896.524,-845
896.558,-906
896.591,-905
896.624,-939
896.658,-832
896.691,-846
896.724,-894
896.758,-936
896.791,-920
896.824,-964
896.858,-1043
896.891,-1050
896.924,-1021
896.958,-1017
896.991,-1058
897.024,-1113
897.058,-1182
897.091,-1235
897.124,-1326
897.158,-1269
897.191,-1098
897.224,-1011
897.258,-958
897.291,-886
897.324,-800
897.358,-777
897.391,-682
897.424,-642
897.458,-581
897.491,-581
897.524,-601
897.558,-693
897.591,-731
897.624,-770
897.658,-796
897.691,-810
897.724,-847
897.758,-979
897.791,-893
897.824,-871
897.858,-931
897.891,-964
897.924,-1031
897.958,-1083
897.991,-965
898.024,-827
898.058,-660
898.091,-625
898.124,-659
898.158,-726
898.191,-820
898.224,-897
898.258,-919
898.291,-876
898.324,-853
898.358,-860
898.391,-993
898.424,-1090
898.458,-1148
898.491,-1220
898.524,-1057
898.558,-959
898.591,-1057
898.624,-1177
898.658,-1154
898.691,-891
898.724,-665
898.758,-533
898.791,-447
898.824,-390
898.858,-397
898.891,-444
898.924,-568
898.958,-700
898.991,-705
899.024,-921
899.058,-1077
899.091,-1037
899.124,-1039
899.158,-1024
899.191,-1086
899.224,-1158
899.258,-1110
899.291,-968
899.324,-796
899.358,-670
899.391,-587
899.424,-590
899.458,-669
899.491,-765
899.524,-866
899.558,-920
899.591,-904
899.624,-751
899.658,-800
899.691,-801
899.724,-656
899.758,-899
899.791,-1278
899.824,-1248
899.858,-1027
899.891,-798
899.924,-646
899.958,-562
899.991,-586
900.024,-644
900.058,-739
900.091,-868
900.124,-962
900.158,-942
900.191,-898
900.224,-898
900.258,-803
900.291,-740
900.324,-701
900.358,-861
900.391,-1229
900.424,-1394
900.458,-1276
900.491,-1057
900.524,-834
900.558,-662
900.591,-620
900.624,-577
900.658,-517
900.691,-454
900.724,-350
900.758,-297
900.791,1
900.824,316
900.858,270
900.891,-138
900.924,-517
900.958,-596
900.991,-453
901.024,-1370
901.058,-1702
901.091,-138
901.124,534
901.158,384
901.191,324
901.224,445
901.258,337
901.291,268
901.324,253
901.358,127
901.391,248
901.424,418
901.458,478
901.491,386
901.524,244
901.558,433
901.591,295
901.624,316
901.658,267
901.691,327
901.724,441
901.758,506
901.791,503
901.824,477
901.858,475
901.891,367
901.924,369
901.958,546
901.991,141
902.024,104
902.058,44
902.091,193
902.124,188
902.158,263
902.191,268
902.224,242
902.258,241
902.291,371
902.324,408
902.358,253
902.391,257
902.424,241
902.458,-99
902.491,-166
902.524,54
902.558,-103
902.591,-47
902.624,-146
902.658,-1175
902.691,-561
902.724,983
902.758,135
902.791,-70
902.824,338
902.858,227
902.891,93
902.924,49
902.958,-672
902.991,255
903.024,574
903.058,-111
903.091,-213
903.124,387
903.158,61
903.191,47
903.224,104
903.258,287
903.291,-125
903.324,316
903.358,37
903.391,-107
903.424,161
903.458,-153
903.491,-213
903.524,-444
903.558,-569
903.591,-517
903.624,-298
903.658,-440
903.691,-491
903.724,-500
903.758,-833
903.791,-1499
903.824,-1705
903.858,-1800
903.891,-1858
903.924,-1575
903.958,-977
903.991,-606
904.024,-632
904.058,-739
904.091,-797
904.124,-825
904.158,-848
904.191,-853
904.224,-927
904.258,-984
904.291,-1004
904.324,-961
904.358,-907
904.391,-854
904.424,-834
904.458,-780
904.491,-659
904.524,-607
904.558,-499
904.591,-370
904.624,-310
904.658,-298
904.691,-300
904.724,-481
904.758,-597
904.791,-222
904.824,66
904.858,437
904.891,295
904.924,-366
904.958,233
904.991,-1157
905.024,-313
905.058,414
905.091,-924
905.124,-585
905.158,-531
905.191,134
905.224,-13
905.258,-259
905.291,-263
905.324,-18
905.358,59
905.391,67
905.424,191
905.458,210
905.491,-10
905.524,231
905.558,398
905.591,389
905.624,206
905.658,140
905.691,258
905.724,484
905.758,469
905.791,607
905.824,567
905.858,410
905.891,331
905.924,468
905.958,203
905.991,130
906.024,285
906.058,592
906.091,614
906.124,519
906.158,288
906.191,223
906.224,157
906.258,113
906.291,318
906.324,269
906.358,141
906.391,179
906.424,82
906.458,-5
906.491,59
906.524,202
906.558,176
906.591,-165
906.624,-27
906.658,-7
906.691,-173
906.724,-334
906.758,-478
906.791,-687
906.824,-678
906.858,-481
906.891,-416
906.924,-370
906.958,-430
906.991,-367
907.024,-514
907.058,-679
907.091,-693
907.124,-538
907.158,-386
907.191,-307
907.224,-328
907.258,-356
907.291,-441
907.324,-516
907.358,-656
907.391,-850
907.424,-900
907.458,-1044
907.491,-1346
907.524,-1375
907.558,-1221
907.591,-1032
907.624,-816
907.658,-741
907.691,-677
907.724,-599
907.758,-605
907.791,-653
907.824,-758
907.858,-829
907.891,-867
907.924,-919
907.958,-1005
907.991,-1105
908.024,-1117
908.058,-1165
908.091,-1202
908.124,-1257
908.158,-1330
908.191,-1379
908.224,-1325
908.258,-1161
908.291,-926
908.324,-731
908.358,-599
908.391,-573
908.424,-590
908.458,-610
908.491,-714
908.524,-844
908.558,-978
908.591,-960
908.624,-999
908.658,-1012
908.691,-891
908.724,-1032
908.758,-1439
908.791,-1276
908.824,-974
908.858,-737
908.891,-582
908.924,-533
908.958,-554
908.991,-663
909.024,-664
909.058,-728
909.091,-808
909.124,-914
909.158,-1074
909.191,-1148
909.224,-1136
909.258,-1137
909.291,-1193
909.324,-1377
909.358,-1445
909.391,-1411
909.424,-1241
909.458,-1021
909.491,-913
909.524,-896
909.558,-861
909.591,-841
909.624,-763
909.658,-611
909.691,-476
909.724,-276
909.758,-196
909.791,-21
909.824,46
909.858,-316
909.891,-472
909.924,-390
909.958,-158
909.991,-1
910.024,-217
910.058,-1091
910.091,-1309
910.124,-764
910.158,234
910.191,775
910.224,228
910.258,112
910.291,511
910.324,550
910.358,573
910.391,374
910.424,159
910.458,324
910.491,369
910.524,305
910.558,237
910.591,294
910.624,418
910.658,553
910.691,629
910.724,791
910.758,444
910.791,200
910.824,277
910.858,124
910.891,182
910.924,95
910.958,96
910.991,206
911.024,264
911.058,122
911.091,39
911.124,105
911.158,65
911.191,2
911.224,-104
911.258,-127
911.291,-70
911.324,26
911.358,174
911.391,-81
911.424,-246
911.458,-84
911.491,-74
911.524,-139
911.558,-183
911.591,-154
911.624,-114
911.658,-51
911.691,-114
911.724,-120
911.758,-129
911.791,-99
911.824,-156
911.858,-138
911.891,-240
911.924,-157
911.958,-148
911.991,-148
912.024,-187
912.058,101
912.091,187
912.124,78
912.158,214
912.191,-397
912.224,-209
912.258,60
912.291,-502
912.324,23
912.358,-56
912.391,-493
912.424,-658
912.458,-615
912.491,-567
912.524,-502
912.558,-430
912.591,-364
912.624,-447
912.658,-508
912.691,-343
912.724,-665
912.758,-1305
912.791,-1828
912.824,-1592
912.858,-1084
912.891,-876
912.924,-686
912.958,-784
912.991,-820
913.024,-839
913.058,-766
913.091,-804
913.124,-1025
913.158,-969
913.191,-950
913.224,-861
913.258,-769
913.291,-705
913.324,-869
913.358,-980
913.391,-902
913.424,-933
913.458,-940
913.491,-821
913.524,-707
913.558,-556
913.591,-448
913.624,-215
913.658,-159
913.691,-416
913.724,-603
913.758,-555
913.791,-389
913.824,414
913.858,-925
913.891,-265
913.924,762
913.958,28
913.991,273
914.024,-1040
914.058,-141
914.091,24
914.124,-66
914.158,-167
914.191,-240
914.224,-205
914.258,-312
914.291,-336
914.324,-222
914.358,186
914.391,111
914.424,146
914.458,234
914.491,450
914.524,365
914.558,459
914.591,387
914.624,484
914.658,451
914.691,468
914.724,381
914.758,404
914.791,365
914.824,327
914.858,365
914.891,381
914.924,273
914.958,344
914.991,275
915.024,282
915.058,520
915.091,410
915.124,62
915.158,113
915.191,218
915.224,312
915.258,456
915.291,363
915.324,272
915.358,301
915.391,636
915.424,719
915.458,475
915.491,94
915.524,148
915.558,16
915.591,308
915.624,290
915.658,-18
915.691,-18
915.724,131
915.758,165
915.791,14
915.824,13
915.858,264
915.891,266
915.924,31
915.958,182
915.991,255
916.024,149
916.058,46
916.091,-70
916.124,-185
916.158,-394
916.191,-563
916.224,-582
916.258,-427
916.291,-432
916.324,-428
916.358,-413
916.391,-668
916.424,-999
916.458,-1172
916.491,-1604
916.524,-1859
916.558,-1860
916.591,-1818
916.624,-1450
916.658,-1336
916.691,-1051
916.724,-799
916.757,-698
916.791,-644
916.824,-648
916.857,-681
916.891,-669
916.924,-721
916.957,-774
916.991,-788
917.024,-896
917.057,-1007
917.091,-942
917.124,-1080
917.157,-1231
917.191,-1409
917.224,-977
917.257,-793
917.291,-712
917.324,-809
917.357,-904
917.391,-587
917.424,-631
917.457,-682
917.491,-805
917.524,-896
917.557,-937
917.591,-1130
917.624,-1310
917.657,-1368
917.691,-1406
917.724,-1190
917.757,-1044
917.791,-1162
917.824,-1201
917.857,-1062
917.891,-898
917.924,-741
917.957,-615
917.991,-554
918.024,-590
918.057,-676
918.091,-764
918.124,-883
918.157,-1053
918.191,-1145
918.224,-1217
918.257,-1125
918.291,-937
918.324,-1025
918.357,-1455
918.391,-1294
918.424,-999
918.457,-713
918.491,-486
918.524,-372
918.557,-321
918.591,-337
918.624,-454
918.657,-644
918.691,-872
918.724,-1112
918.757,-1321
918.791,-1254
918.824,-1297
918.857,-1148
918.891,-1215
918.924,-1518
918.957,-1561
918.991,-1292
919.024,-1082
919.057,-793
919.091,-606
919.124,-444
919.157,-406
919.191,-440
919.224,-519
919.257,-623
919.291,-797
919.324,-1001
919.357,-1014
919.391,-940
919.424,-1084
919.457,-963
919.491,-806
919.524,-1115
919.557,-1502
919.591,-1244
919.624,-991
919.657,-800
919.691,-655
919.724,-589
919.757,-556
919.791,-555
919.824,-595
919.857,-626
919.891,-698
919.924,-874
919.957,-952
919.991,-1092
920.024,-1143
920.057,-1108
920.091,-1310
920.124,-1489
920.157,-1483
920.191,-1382
920.224,-1181
920.257,-994
920.291,-877
920.324,-874
920.357,-895
920.391,-894
920.424,-972
920.457,-1016
920.491,-747
920.524,-464
920.557,-390
920.591,-75
920.624,-121
920.657,-505
920.691,-519
920.724,-432
920.757,-346
920.791,-981
920.824,-207
920.857,-325
920.891,-12
920.924,136
920.957,272
920.991,-154
921.024,-386
921.057,-106
921.091,-230
921.124,-557
921.157,-598
921.191,-651
921.224,-706
921.257,-828
921.291,-1094
921.324,-1332
921.357,-1393
921.391,-1293
921.424,-1287
921.457,-1137
921.491,-949
921.524,-794
921.557,-788
921.591,-698
921.624,-785
921.657,-1027
921.691,-1113
921.724,-997
921.757,-997
921.791,-977
921.824,-959
921.857,-953
921.891,-926
921.924,-924
921.957,-909
921.991,-901
922.024,-936
922.057,-931
922.091,-975
922.124,-972
922.157,-922
922.191,-830
922.224,-729
922.257,-609
922.291,-521
922.324,-488
922.357,-511
922.391,-528
922.424,-469
922.457,-448
922.491,-345
922.524,-669
922.557,-855
922.591,-884
922.624,-631
922.657,-425
922.691,-240
922.724,-37
922.757,29
922.791,-149
922.824,-275
922.857,-393
922.891,-546
922.924,-691
922.957,-885
922.991,-1180
923.024,-1319
923.057,-1369
923.091,-1320
923.124,-1288
923.157,-1128
923.191,-1577
923.224,-841
923.257,-1209
923.291,-994
923.324,-1030
923.357,-939
923.391,-841
923.424,-797
923.457,-601
923.491,-611
923.524,-881
923.557,-1193
923.591,-1368
923.624,-1442
923.657,-1699
923.691,-993
923.724,-893
923.757,-687
923.791,-582
923.824,-593
923.857,-680
923.891,-796
923.924,-882
923.957,-854
923.991,-858
924.024,-894
924.057,-882
924.091,-987
924.124,-1187
924.157,-1311
924.191,-1264
924.224,-1127
924.257,-1074
924.291,-1188
924.324,-1256
924.357,-1150
924.391,-967
924.424,-775
924.457,-635
924.491,-561
924.524,-583
924.557,-643
924.591,-730
924.624,-829
924.657,-965
924.691,-1049
924.724,-1002
924.757,-1112
924.791,-960
924.824,-941
924.857,-1486
924.891,-1504
924.924,-1249
924.957,-920
924.991,-686
925.024,-473
925.057,-320
925.091,-290
925.124,-286
925.157,-248
925.191,-288
925.224,-402
925.257,-511
925.291,-532
925.324,-556
925.357,-579
925.391,-632
925.424,-705
925.457,-774
925.491,-668
925.524,-577
925.557,-474
925.591,-371
925.624,-382
925.657,-457
925.691,-524
925.724,-573
925.757,-1057
925.791,-1481
925.824,-1576
925.857,-1865
925.891,-1811
925.924,-1230
925.957,-942
925.991,-909
926.024,-662
926.057,-672
926.091,-482
926.124,-152
926.157,-196
926.191,-416
926.224,-276
926.257,-85
926.291,-653
926.324,-1058
926.357,-1216
926.391,-1656
926.424,-1241
926.457,-1139
926.491,-1499
926.524,-1844
926.557,-1643
926.591,-1183
926.624,-1125
926.657,-1069
926.691,-1074
926.724,-986
926.757,-893
926.791,-815
926.824,-592
926.857,-686
926.891,-760
926.924,-802
926.957,-853
926.991,-947
927.024,-1076
927.057,-1213
927.091,-1113
927.124,-1116
927.157,-1569
927.191,-1242
927.224,-1129
927.257,-969
927.291,-741
927.324,-621
927.357,-798
927.391,-808
927.424,-780
927.457,-542
927.491,-321
927.524,-375
927.557,-525
927.591,-794
927.624,-1356
927.657,-1601
927.691,-1240
927.724,-1254
927.757,-1109
927.791,-1118
927.824,-1197
927.857,-910
927.891,-596
927.924,-361
927.957,-380
927.991,-428
928.024,-527
928.057,-671
928.091,-920
928.124,-1063
928.157,-1069
928.191,-848
928.224,-866
928.257,-871
928.291,-913
928.324,-921
928.357,-1085
928.391,-1132
928.424,-997
928.457,-840
928.491,-776
928.524,-753
928.557,-713
928.591,-737
928.624,-759
928.657,-848
928.691,-1016
928.724,-1142
928.757,-1178
928.791,-1056
928.824,-885
928.857,-803
928.891,-857
928.924,-873
928.957,-882
928.991,-837
929.024,-790
929.057,-793
929.091,-784
929.124,-815
929.157,-890
929.191,-936
929.224,-1084
929.257,-1003
929.291,-868
929.324,-849
929.357,-855
929.391,-852
929.424,-906
929.457,-954
929.491,-955
929.524,-913
929.557,-909
929.591,-912
929.624,-1007
929.657,-1018
929.691,-927
929.724,-927
929.757,-866
929.791,-810
929.824,-751
929.857,-634
929.891,-684
929.924,-754
929.957,-763
929.991,-736
930.024,-693
930.057,-645
930.091,-622
930.124,-627
930.157,-601
930.191,-516
930.224,-473
930.257,-526
930.291,-625
930.324,-696
930.357,-795
930.391,-879
930.424,-886
930.457,-862
930.491,-841
930.524,-788
930.557,-705
930.591,-664
930.624,-564
930.657,-576
930.691,-603
930.724,-710
930.757,-634
930.791,-727
930.824,-796
930.857,-927
930.891,-870
930.924,-814
930.957,-773
930.991,-637
931.024,-425
931.057,-227
931.091,-55
931.124,101
931.157,252
931.191,310
931.224,346
931.257,391
931.291,381
931.324,478
931.357,474
931.391,488
931.424,520
931.457,512
931.491,554
931.524,591
931.557,606
931.591,636
931.624,650
931.657,689
931.691,727
931.724,730
931.757,746
931.791,760
931.824,771
931.857,771
931.891,752
931.924,754
931.957,751
931.991,764
932.024,783
932.057,798
932.091,802
932.124,813
932.157,802
932.191,797
932.224,789
932.257,791
932.291,790
932.324,793
932.357,793
932.391,790
932.424,790
932.457,791
932.491,795
932.524,798
932.557,798
932.591,798
932.624,801
932.657,815
932.691,809
932.724,810
932.757,819
932.791,804
932.824,810
932.857,805
932.891,804
932.924,815
932.957,822
932.991,811
933.024,816
933.057,811
933.091,797
933.124,791
933.157,776
933.191,785
933.224,821
933.257,831
933.291,821
933.324,802
933.357,776
933.391,775
933.424,774
933.457,769
933.491,759
933.524,764
933.557,757
933.591,710
933.624,646
933.657,615
933.691,588
933.724,538
933.757,509
933.791,541
933.824,510
933.857,498
933.891,484
933.924,373
933.957,328
933.991,327
934.024,312
934.057,311
934.091,266
934.124,198
934.157,121
934.191,71
934.224,-35
934.257,-149
934.291,-179
934.324,-327
934.357,-609
934.391,-554
934.424,-666
934.457,-726
934.491,-851
934.524,-816
934.557,-756
934.591,-763
934.624,-656
934.657,-620
934.691,-596
934.724,-569
934.757,-617
934.791,-633
934.824,-690
934.857,-651
934.891,-729
934.924,-749
934.957,-857
934.991,-926
935.024,-875
935.057,-849
935.091,-826
935.124,-794
935.157,-808
935.191,-849
935.224,-837
935.257,-718
935.291,-608
935.324,-634
935.357,-702
935.391,-829
935.424,-956
935.457,-1016
935.491,-1011
935.524,-895
935.557,-788
935.591,-722
935.624,-665
935.657,-641
935.691,-672
935.724,-746
935.757,-828
935.791,-866
935.824,-908
935.857,-846
935.891,-757
935.924,-874
935.957,-857
935.991,-1022
936.024,-950
936.057,-943
936.091,-850
936.124,-1074
936.157,-1047
936.191,-1102
936.224,-795
936.257,-828
936.291,-782
936.324,-758
936.357,-775
936.391,-778
936.424,-770
936.457,-767
936.491,-689
936.524,-677
936.557,-677
936.591,-604
936.624,-641
936.657,-619
936.691,-655
936.724,-598
936.757,-576
936.791,-601
936.824,-550
936.857,-505
936.891,-457
936.924,-441
936.957,-280
936.991,-241
937.024,-179
937.057,-142
937.091,-80
937.124,-23
937.157,-24
937.191,-10
937.224,-4
937.257,-27
937.291,-98
937.324,-240
937.357,-259
937.391,-389
937.424,-480
937.457,-770
937.491,-601
937.524,-336
937.557,-462
937.591,-322
937.624,-238
937.657,-76
937.691,139
937.724,354
937.757,447
937.791,502
937.824,569
937.857,588
937.891,479
937.924,210
937.957,-84
937.991,-342
938.024,-494
938.057,-343
938.091,9
938.124,135
938.157,117
938.191,118
938.224,-54
938.257,34
938.291,42
938.324,114
938.357,57
938.391,89
938.424,21
938.457,28
938.491,88
938.524,-38
938.557,-15
938.591,-56
938.624,-6
938.657,-13
938.691,-64
938.724,10
938.757,92
938.791,173
938.824,305
938.857,402
938.891,466
938.924,553
938.957,604
938.991,613
939.024,658
939.057,705
939.091,702
939.124,726
939.157,737
939.191,753
939.224,749
939.257,744
939.291,744
939.324,757
939.357,758
939.391,724
939.424,728
939.457,707
939.491,734
939.524,751
939.557,762
939.591,774
939.624,781
939.657,782
939.691,789
939.724,778
939.757,768
939.791,786
939.824,800
939.857,793
939.891,795
939.924,794
939.957,792
939.991,792
940.024,778
940.057,795
940.091,794
940.124,789
940.157,794
940.191,792
940.224,788
940.257,782
940.291,776
940.324,792
940.357,792
940.391,776
940.424,783
940.457,787
940.491,761
940.524,764
940.557,763
940.591,749
940.624,738
940.657,755
940.691,753
940.724,750
940.757,739
940.791,717
940.824,697
940.857,682
940.891,736
940.924,744
940.957,705
940.991,712
941.024,710
941.057,700
941.091,686
941.124,707
941.157,727
941.191,727
941.224,715
941.257,708
941.291,693
941.324,711
941.357,694
941.391,644
941.424,609
941.457,552
941.491,423
941.524,402
941.557,268
941.591,199
941.624,155
941.657,129
941.691,54
941.724,38
941.757,0
941.791,8
941.824,52
941.857,55
941.891,32
941.924,77
941.957,36
941.991,-39
942.024,-69
942.057,-3
942.091,-279
942.124,-115
942.157,-63
942.191,-63
942.224,-113
942.257,-150
942.291,-240
942.324,-367
942.357,-693
942.391,-841
942.424,-427
942.457,-142
942.491,134
942.524,410
942.557,547
942.591,606
942.624,428
942.657,240
942.691,-41
942.724,-213
942.757,-1245
942.791,-594
942.824,186
942.857,-491
942.891,-444
942.924,-337
942.957,-302
942.991,-326
943.024,-316
943.057,-331
943.091,-319
943.124,-306
943.157,-303
943.191,-286
943.224,-280
943.257,-280
943.291,-284
943.324,-246
943.357,-228
943.391,-229
943.424,-239
943.457,-265
943.491,-286
943.524,-301
943.557,-259
943.591,-244
943.624,-335
943.657,-445
943.691,-508
943.724,-570
943.757,-467
943.791,-367
943.824,-507
943.857,-645
943.891,-647
943.924,-637
943.957,-759
943.991,-807
944.024,-852
944.057,-834
944.091,-921
944.124,-952
944.157,-773
944.191,-690
944.224,-596
944.257,-526
944.291,-443
944.324,-399
944.357,-357
944.391,-414
944.424,-464
944.457,-562
944.491,-742
944.524,-981
944.557,-1152
944.591,-1162
944.624,-981
944.657,-800
944.691,-667
944.724,-583
944.757,-529
944.791,-562
944.824,-646
944.857,-816
944.891,-905
944.924,-888
944.957,-850
944.991,-762
945.024,-723
945.057,-828
945.091,-912
945.124,-1039
945.157,-1109
945.191,-992
945.224,-1106
945.257,-1228
945.291,-1358
945.324,-1259
945.357,-1136
945.391,-1024
945.424,-940
945.457,-899
945.491,-897
945.524,-900
945.557,-946
945.591,-989
945.624,-1075
945.657,-1083
945.691,-907
945.724,-525
945.757,-656
945.791,-934
945.824,-942
945.857,-891
945.891,-845
945.924,-735
945.957,-626
945.991,-530
946.024,-518
946.057,-474
946.091,-491
946.124,-551
946.157,-837
946.191,-972
946.224,-996
946.257,-983
946.291,-993
946.324,-905
946.357,-837
946.391,-1033
946.424,-918
946.457,-736
946.491,-492
946.524,-607
946.557,-993
946.591,-991
946.624,-1101
946.657,-1005
946.691,-809
946.724,-690
946.757,-606
946.791,-483
946.824,-842
946.857,-706
946.891,-713
946.924,-609
946.957,-533
946.991,-513
947.024,-396
947.057,-421
947.091,-426
947.124,-335
947.157,-436
947.191,-687
947.224,-802
947.257,-825
947.291,-707
947.324,-644
947.357,-828
947.391,-815
947.424,-868
947.457,-840
947.491,-726
947.524,-826
947.557,-935
947.591,-906
947.624,-818
947.657,-699
947.691,-668
947.724,-567
947.757,-550
947.791,-546
947.824,-821
947.857,-997
947.891,-950
947.924,-823
947.957,-693
947.991,-676
948.024,-765
948.057,-849
948.091,-815
948.124,-741
948.157,-574
948.191,-466
948.224,-380
948.257,-398
948.291,-426
948.324,-420
948.357,-638
948.391,-792
948.424,-826
948.457,-871
948.491,-874
948.524,-809
948.557,-695
948.591,-467
948.624,-593
948.657,-790
948.691,-896
948.724,-807
948.757,-739
948.791,-600
948.824,-543
948.857,-571
948.891,-539
948.924,-632
948.957,-649
948.991,-667
949.024,-561
949.057,-461
949.091,-419
949.124,-439
949.157,-431
949.191,-436
949.224,-422
949.257,-524
949.291,-542
949.324,-664
949.357,-676
949.391,-630
949.424,-583
949.457,-566
949.491,-566
949.524,-571
949.557,-625
949.591,-591
949.624,-485
949.657,-532
949.691,-684
949.724,-726
949.757,-1465
949.791,-490
949.824,-774
949.857,-1046
949.891,-868
949.924,-716
949.957,-900
949.991,-992
950.024,-891
950.057,-837
950.09,-788
950.124,-837
950.157,-886
950.19,-955
950.224,-1058
950.257,-1229
950.29,-1332
950.324,-1411
950.357,-1334
950.39,-1179
950.424,-1106
950.457,-954
950.49,-836
950.524,-936
950.557,-1004
950.59,-982
950.624,-911
950.657,-891
950.69,-1263
950.724,-779
950.757,-872
950.79,-909
950.824,-855
950.857,-909
950.89,-960
950.924,-968
950.957,-969
950.99,-957
951.024,-947
951.057,-931
951.09,-941
951.124,-946
951.157,-934
951.19,-961
951.224,-986
951.257,-936
951.29,-882
951.324,-871
951.357,-939
951.39,-1024
951.424,-1090
951.457,-1115
951.49,-982
951.524,-862
951.557,-848
951.59,-870
951.624,-869
951.657,-908
951.69,-913
951.724,-789
951.757,-728
951.79,-762
951.824,-747
951.857,-728
951.89,-662
951.924,-601
951.957,-576
951.99,-566
952.024,-565
952.057,-604
952.09,-613
952.124,-738
952.157,-804
952.19,-846
952.224,-865
952.257,-1080
952.29,-1015
952.324,-938
952.357,-783
952.39,-517
952.424,-290
952.457,-335
952.49,-319
952.524,-492
952.557,-717
952.59,-1113
952.624,-837
952.657,-1031
952.69,-967
952.724,-517
952.757,-258
952.79,-393
952.824,-237
952.857,-279
952.89,-410
952.924,-499
952.957,-550
952.99,-509
953.024,-569
953.057,-743
953.09,-684
953.124,-838
953.157,-769
953.19,-845
953.224,-898
953.257,-1120
953.29,-1140
953.324,-1059
953.357,-976
953.39,-837
953.424,-913
953.457,-1120
953.49,-1124
953.524,-1138
953.557,-1200
953.59,-1274
953.624,-1308
953.657,-1446
953.69,-1519
953.724,-1523
953.757,-1497
953.79,-1432
953.824,-1336
953.857,-1263
953.89,-1196
953.924,-1135
953.957,-1018
953.99,-913
954.024,-826
954.057,-798
954.09,-682
954.124,-524
954.157,-546
954.19,-508
954.224,-425
954.257,-452
954.29,-494
954.324,-637
954.357,-844
954.39,-970
954.424,-969
954.457,-966
954.49,-893
954.524,-916
954.557,-916
954.59,-875
954.624,-859
954.657,-915
954.69,-986
954.724,-1001
954.757,-1006
954.79,-1058
954.824,-1014
954.857,-851
954.89,-717
954.924,-725
954.957,-840
954.99,-902
955.024,-913
955.057,-880
955.09,-846
955.124,-696
955.157,-642
955.19,-695
955.224,-686
955.257,-720
955.29,-652
955.324,-665
955.357,-633
955.39,-632
955.424,-688
955.457,-691
955.49,-586
955.524,-559
955.557,-745
955.59,-864
955.624,-969
955.657,-1069
955.69,-1193
955.724,-1435
955.757,-1491
955.79,-1453
955.824,-1372
955.857,-1200
955.89,-1082
955.924,-1507
955.957,-1454
955.99,-1262
956.024,-1189
956.057,-1340
956.09,-1322
956.124,-1164
956.157,-1043
956.19,-1167
956.224,-1185
956.257,-893
956.29,-553
956.324,-453
956.357,-286
956.39,-281
956.424,-457
956.457,-543
956.49,-580
956.524,-585
956.557,-525
956.59,-203
956.624,-141
956.657,-348
956.69,-491
956.724,-531
956.757,-357
956.79,-416
956.824,-491
956.857,-719
956.89,-1030
956.924,-1605
956.957,-676
956.99,-928
957.024,-481
957.057,-590
957.09,-515
957.124,-726
957.157,-1092
957.19,-1238
957.224,-1196
957.257,-1108
957.29,-1010
957.324,-959
957.357,-996
957.39,-1099
957.424,-1163
957.457,-1201
957.49,-1215
957.524,-1082
957.557,-987
957.59,-902
957.624,-787
957.657,-724
957.69,-655
957.724,-839
957.757,-768
957.79,-971
957.824,-1119
957.857,-1187
957.89,-901
957.924,-884
957.957,-902
957.99,-979
958.024,-979
958.057,-945
958.09,-862
958.124,-748
958.157,-687
958.19,-716
958.224,-839
958.257,-900
958.29,-858
958.324,-857
958.357,-750
958.39,-729
958.424,-721
958.457,-688
958.49,-524
958.524,-434
958.557,-332
958.59,-256
958.624,-379
958.657,-364
958.69,-439
958.724,-548
958.757,-684
958.79,-788
958.824,-948
958.857,-1051
958.89,-1144
958.924,-1207
958.957,-1073
958.99,-1051
959.024,-989
959.057,-1058
959.09,-1113
959.124,-251
959.157,-605
959.19,-832
959.224,-798
959.257,-799
959.29,-704
959.324,-564
959.357,-600
959.39,-649
959.424,-657
959.457,-657
959.49,-601
959.524,-461
959.557,-569
959.59,-532
959.624,-474
959.657,-538
959.69,-492
959.724,-394
959.757,-505
959.79,-593
959.824,-556
959.857,-672
959.89,-737
959.924,-758
959.957,-887
959.99,-931
960.024,-952
960.057,-1016
960.09,-959
960.124,-952
960.157,-1068
960.19,-1087
960.224,-999
960.257,-1075
960.29,-1043
960.324,-896
960.357,-888
960.39,-605
960.424,-815
960.457,-827
960.49,-887
960.524,-965
960.557,-987
960.59,-993
960.624,-1006
960.657,-991
960.69,-943
960.724,-874
960.757,-803
960.79,-858
960.824,-702
960.857,-634
960.89,-625
960.924,-744
960.957,-748
960.99,-728
961.024,-749
961.057,-760
961.09,-777
961.124,-696
961.157,-776
961.19,-995
961.224,-1352
961.257,-684
961.29,-636
961.324,-474
961.357,-246
961.39,-418
961.424,-678
961.457,-656
961.49,-554
961.524,-554
961.557,-511
961.59,-530
961.624,-542
961.657,-533
961.69,-567
961.724,-574
961.757,-583
961.79,-579
961.824,-569
961.857,-490
961.89,-448
961.924,-503
961.957,-1685
961.99,-233
962.024,-544
962.057,-340
962.09,-674
962.124,-552
962.157,-574
962.19,-603
962.224,-669
962.257,-724
962.29,-788
962.324,-846
962.357,-876
962.39,-902
962.424,-1028
962.457,-1064
962.49,-1077
962.524,-1222
962.557,-1514
962.59,-1577
962.624,-932
962.657,-877
962.69,-734
962.724,-791
962.757,-840
962.79,-871
962.824,-836
962.857,-861
962.89,-878
962.924,-933
962.957,-913
962.99,-932
963.024,-890
963.057,-969
963.09,-1023
963.124,-916
963.157,-868
963.19,-740
963.224,-697
963.257,-673
963.29,-696
963.324,-733
963.357,-783
963.39,-824
963.424,-765
963.457,-897
963.49,-952
963.524,-915
963.557,-935
963.59,-839
963.624,-793
963.657,-955
963.69,-1038
963.724,-1201
963.757,-1335
963.79,-1226
963.824,-891
963.857,-755
963.89,-854
963.924,-878
963.957,-744
963.99,-902
964.024,-812
964.057,-721
964.09,-797
964.124,-844
964.157,-716
964.19,-616
964.224,-618
964.257,-582
964.29,-673
964.324,-881
964.357,-531
964.39,-772
964.424,-547
964.457,-760
964.49,-638
964.524,-773
964.557,-711
964.59,-750
964.624,-766
964.657,-801
964.69,-819
964.724,-941
964.757,-1039
964.79,-1137
964.824,-1162
964.857,-1069
964.89,-1057
964.924,-1026
964.957,-949
964.99,-871
965.024,-800
965.057,-750
965.09,-741
965.124,-713
965.157,-731
965.19,-775
965.224,-1076
965.257,-746
965.29,-806
965.324,-822
965.357,-885
965.39,-967
965.424,-973
965.457,-935
965.49,-895
965.524,-870
965.557,-877
965.59,-887
965.624,-881
965.657,-880
965.69,-886
965.724,-864
965.757,-854
965.79,-820
965.824,-789
965.857,-797
965.89,-805
965.924,-916
965.957,-1070
965.99,-1126
966.024,-945
966.057,-879
966.09,-1011
966.124,-1059
966.157,-561
966.19,-680
966.224,-673
966.257,-832
966.29,-762
966.324,-751
966.357,-755
966.39,-744
966.424,-710
966.457,-883
966.49,-735
966.524,-786
966.557,-798
966.59,-843
966.624,-793
966.657,-799
966.69,-792
966.724,-769
966.757,-737
966.79,-764
966.824,-740
966.857,-735
966.89,-757
966.924,-1412
966.957,-1000
966.99,-684
967.024,-611
967.057,-795
967.09,-853
967.124,-904
967.157,-968
967.19,-967
967.224,-965
967.257,-1026
967.29,-1046
967.324,-1028
967.357,-1034
967.39,-1002
967.424,-1046
967.457,-1056
967.49,-1061
967.524,-1098
967.557,-1052
967.59,-993
967.624,-969
967.657,-908
967.69,-853
967.724,-905
967.757,-895
967.79,-873
967.824,-864
967.857,-840
967.89,-778
967.924,-703
967.957,-663
967.99,-660
968.024,-700
968.057,-816
968.09,-889
968.124,-957
968.157,-983
968.19,-972
968.224,-858
968.257,-779
968.29,-842
968.324,-787
968.357,-763
968.39,-773
968.424,-779
968.457,-767
968.49,-776
968.524,-849
968.557,-902
968.59,-904
968.624,-1013
968.657,-1114
968.69,-1185
968.724,-1138
968.757,-1167
968.79,-1127
968.824,-1023
968.857,-823
968.89,-615
968.924,-677
968.957,-824
968.99,-748
969.024,-721
969.057,-804
969.09,-789
969.124,-790
969.157,-768
969.19,-863
969.224,-863
969.257,-928
969.29,-911
969.324,-889
969.357,-807
969.39,-484
969.424,-341
969.457,-286
969.49,-376
969.524,-639
969.557,-879
969.59,-715
969.624,-1077
969.657,-918
969.69,-563
969.724,-757
969.757,-721
969.79,-823
969.824,-763
969.857,-815
969.89,-838
969.924,-800
969.957,-791
969.99,-924
970.024,-1158
970.057,-1349
970.09,-1322
970.124,-1250
970.157,-1114
970.19,-1010
970.224,-930
970.257,-914
970.29,-918
970.324,-919
970.357,-1025
970.39,-1027
970.424,-968
970.457,-953
970.49,-922
970.524,-905
970.557,-893
970.59,-839
970.624,-796
970.657,-756
970.69,-758
970.724,-731
970.757,-675
970.79,-694
970.824,-794
970.857,-811
970.89,-870
970.924,-892
970.957,-853
970.99,-962
971.024,-925
971.057,-852
971.09,-765
971.124,-761
971.157,-793
971.19,-866
971.224,-1020
971.257,-1216
971.29,-1418
971.324,-1475
971.357,-1510
971.39,-1578
971.424,-641
971.457,-1061
971.49,-844
971.524,-862
971.557,-765
971.59,-893
971.624,-811
971.657,-842
971.69,-814
971.724,-809
971.757,-777
971.79,-862
971.824,-847
971.857,-822
971.89,-863
971.924,-771
971.957,-753
971.99,-766
972.024,-802
972.057,-960
972.09,-1012
972.124,-997
972.157,-1011
972.19,-843
972.224,-922
972.257,-953
972.29,-939
972.324,-871
972.357,-728
972.39,-673
972.424,-664
972.457,-708
972.49,-853
972.524,-926
972.557,-966
972.59,-976
972.624,-926
972.657,-899
972.69,-924
972.724,-1012
972.757,-1121
972.79,-1188
972.824,-1267
972.857,-1331
972.89,-1294
972.924,-1291
972.957,-1248
972.99,-1223
973.024,-1182
973.057,-1061
973.09,-977
973.124,-916
973.157,-832
973.19,-752
973.224,-690
973.257,-726
973.29,-763
973.324,-765
973.357,-736
973.39,-682
973.424,-647
973.457,-623
973.49,-608
973.524,-580
973.557,-566
973.59,-564
973.624,-598
973.657,-777
973.69,-778
973.724,-648
973.757,-629
973.79,-610
973.824,-630
973.857,-686
973.89,-703
973.924,-867
973.957,-921
973.99,-1095
974.024,-1495
974.057,-1525
974.09,-1348
974.124,-1055
974.157,-751
974.19,-600
974.224,-555
974.257,-525
974.29,-502
974.324,-560
974.357,-678
974.39,-758
974.424,-872
974.457,-1063
974.49,-1229
974.524,-1177
974.557,-1145
974.59,-1091
974.624,-1142
974.657,-1487
974.69,-1523
974.724,-1203
974.757,-957
974.79,-755
974.824,-647
974.857,-640
974.89,-709
974.924,-811
974.957,-846
974.99,-896
975.024,-1066
975.057,-931
975.09,-992
975.124,-925
975.157,-729
975.19,-996
975.224,-1487
975.257,-1245
975.29,-971
975.324,-782
975.357,-633
975.39,-519
975.424,-513
975.457,-553
975.49,-629
975.524,-764
975.557,-851
975.59,-934
975.624,-1063
975.657,-1085
975.69,-866
975.724,-876
975.757,-1079
975.79,-1282
975.824,-1330
975.857,-1200
975.89,-968
975.924,-781
975.957,-616
975.99,-594
976.024,-648
976.057,-597
976.09,-467
976.124,-270
976.157,79
976.19,193
976.224,-87
976.257,-373
976.29,-311
976.324,-224
976.357,-419
976.39,-1725
976.424,-81
976.457,356
976.49,584
976.524,380
976.557,382
976.59,412
976.624,520
976.657,132
976.69,394
976.724,481
976.757,446
976.79,480
976.824,404
976.857,342
976.89,368
976.924,654
976.957,617
976.99,465
977.024,427
977.057,450
977.09,416
977.124,426
977.157,413
977.19,251
977.224,265
977.257,286
977.29,197
977.324,328
977.357,426
977.39,293
977.424,136
977.457,-68
977.49,32
977.524,108
977.557,161
977.59,168
977.624,314
977.657,483
977.69,203
977.724,-93
977.757,-108
977.79,71
977.824,-187
977.857,-262
977.89,-90
977.924,-185
977.957,-193
977.99,-78
978.024,-127
978.057,-165
978.09,-260
978.124,-817
978.157,-22
978.19,392
978.224,-69
978.257,-392
978.29,327
978.324,388
978.357,-18
978.39,163
978.424,0
978.457,-658
978.49,-262
978.524,-230
978.557,-165
978.59,-359
978.624,-564
978.657,-517
978.69,-92
978.724,-212
978.757,-491
978.79,-500
978.824,-648
978.857,-836
978.89,-969
978.924,-1254
978.957,-1540
978.99,-1507
979.024,-1297
979.057,-1162
979.09,-1024
979.124,-817
979.157,-661
979.19,-804
979.224,-1116
979.257,-1292
979.29,-1315
979.324,-1187
979.357,-1076
979.39,-972
979.424,-856
979.457,-714
979.49,-596
979.524,-489
979.557,-329
979.59,-257
979.624,-259
979.657,-246
979.69,-383
979.724,-224
979.757,-23
979.79,24
979.824,-547
979.857,581
979.89,166
979.924,-143
979.957,-891
979.99,-290
980.024,-447
980.057,-489
980.09,-468
980.124,-498
980.157,-318
980.19,-167
980.224,-78
980.257,103
980.29,68
980.324,-59
980.357,193
980.39,222
980.424,177
980.457,219
980.49,192
980.524,200
980.557,311
980.59,300
980.624,277
980.657,241
980.69,312
980.724,378
980.757,474
980.79,543
980.824,436
980.857,192
980.89,119
980.924,190
980.957,179
980.99,264
981.024,147
981.057,42
981.09,-150
981.124,-20
981.157,7
981.19,-85
981.224,-97
981.257,-99
981.29,-67
981.324,-185
981.357,-110
981.39,-99
981.424,-64
981.457,-43
981.49,-69
981.524,16
981.557,-64
981.59,-57
981.624,-85
981.657,-202
981.69,-72
981.724,-428
981.757,-734
981.79,-700
981.824,-746
981.857,-687
981.89,-632
981.924,-700
981.957,-614
981.99,-684
982.024,-746
982.057,-1000
982.09,-1568
982.124,-1377
982.157,-981
982.19,-433
982.224,-207
982.257,-179
982.29,-212
982.324,-155
982.357,-137
982.39,-137
982.424,-57
982.457,-35
982.49,-43
982.524,-89
982.557,-148
982.59,-294
982.624,-454
982.657,-593
982.69,-825
982.724,-1029
982.757,-1298
982.79,-1710
982.824,-1862
982.857,-1743
982.89,-1358
982.924,-1120
982.957,-851
982.99,-688
983.024,-539
983.057,-429
983.09,-421
983.124,-474
983.157,-589
983.19,-699
983.224,-780
983.257,-1080
983.29,-1254
983.324,-1332
983.357,-1302
983.39,-1268
983.423,-1487
983.457,-1515
983.49,-1376
983.523,-1136
983.557,-858
983.59,-643
983.623,-531
983.657,-555
983.69,-650
983.723,-770
983.757,-928
983.79,-1080
983.823,-982
983.857,-980
983.89,-800
983.923,-780
983.957,-1063
983.99,-1390
984.023,-1247
984.057,-993
984.09,-730
984.123,-571
984.157,-426
984.19,-395
984.223,-458
984.257,-541
984.29,-597
984.323,-627
984.357,-742
984.39,-862
984.423,-851
984.457,-828
984.49,-760
984.523,-796
984.557,-863
984.59,-917
984.623,-913
984.657,-777
984.69,-635
984.723,-476
984.757,-410
984.79,-368
984.823,-441
984.857,-570
984.89,-444
984.923,-586
984.957,-1486
984.99,-101
985.023,288
985.057,574
985.09,247
985.123,275
985.157,233
985.19,285
985.223,200
985.257,178
985.29,165
985.323,215
985.357,189
985.39,223
985.423,307
985.457,199
985.49,322
985.523,250
985.557,214
985.59,140
985.623,41
985.657,-76
985.69,-127
985.723,118
985.757,402
985.79,557
985.823,609
985.857,444
985.89,388
985.923,145
985.957,389
985.99,-269
986.023,-251
986.057,161
986.09,193
986.123,76
986.157,-54
986.19,62
986.223,-65
986.257,-246
986.29,-170
986.323,-51
986.357,-161
986.39,-111
986.423,-112
986.457,-149
986.49,-176
986.523,-178
986.557,-122
986.59,-90
986.623,-112
986.657,-26
986.69,-13
986.723,-197
986.757,-53
986.79,-400
986.823,-407
986.857,448
986.89,93
986.923,-240
986.957,600
986.99,499
987.023,-177
987.057,150
987.09,446
987.123,-659
987.157,-454
987.19,16
987.223,-223
987.257,-193
987.29,-138
987.323,-458
987.357,-622
987.39,-697
987.423,-420
987.457,-165
987.49,-298
987.523,-179
987.557,-302
987.59,-655
987.623,-978
987.657,-1207
987.69,-1369
987.723,-1422
987.757,-1145
987.79,-1027
987.823,-1034
987.857,-972
987.89,-962
987.923,-988
987.957,-971
987.99,-999
988.023,-928
988.057,-949
988.09,-1002
988.123,-969
988.157,-926
988.19,-848
988.223,-973
988.257,-1000
988.29,-983
988.323,-924
988.357,-829
988.39,-717
988.423,-688
988.457,-613
988.49,-516
988.523,-473
988.557,-654
988.59,-590
988.623,-243
988.657,-288
988.69,-380
988.723,-437
988.757,-88
988.79,-197
988.823,-442
988.857,-391
988.89,752
988.923,49
988.957,506
988.99,-1120
989.023,-370
989.057,-230
989.09,243
989.123,-230
989.157,-159
989.19,-232
989.223,-488
989.257,-267
989.29,-298
989.323,-130
989.357,139
989.39,93
989.423,172
989.457,271
989.49,367
989.523,340
989.557,253
989.59,291
989.623,340
989.657,415
989.69,460
989.723,349
989.757,203
989.79,250
989.823,247
989.857,242
989.89,241
989.923,95
989.957,95
989.99,156
990.023,252
990.057,256
990.09,318
990.123,346
990.157,277
990.19,191
990.223,194
990.257,281
990.29,328
990.323,324
990.357,432
990.39,246
990.423,48
990.457,166
990.49,251
990.523,273
990.557,142
990.59,86
990.623,117
990.657,203
990.69,101
990.723,89
990.757,112
990.79,153
990.823,152
990.857,31
990.89,-29
990.923,-52
990.957,-63
990.99,-226
991.023,-517
991.057,-594
991.09,-573
991.123,-557
991.157,-574
991.19,-674
991.223,-886
991.257,-1233
991.29,-1543
991.323,-1743
991.357,-1862
991.39,-1769
991.423,-1581
991.457,-1040
991.49,-856
991.523,-829
991.557,-807
991.59,-760
991.623,-732
991.657,-697
991.69,-654
991.723,-700
991.757,-854
991.79,-1081
991.823,-1238
991.857,-1093
991.89,-1087
991.923,-1210
991.957,-1125
991.99,-860
992.023,-686
992.057,-606
992.09,-540
992.123,-454
992.157,-396
992.19,-344
992.223,-272
992.257,-302
992.29,-391
992.323,-599
992.357,-778
992.39,-893
992.423,-861
992.457,-925
992.49,-1165
992.523,-1631
992.557,-1443
992.59,-1064
992.623,-834
992.657,-665
992.69,-564
992.723,-557
992.757,-588
992.79,-651
992.823,-733
992.857,-781
992.89,-1027
992.923,-1209
992.957,-1389
992.99,-1311
993.023,-1038
993.057,-1004
993.09,-1284
993.123,-1362
993.157,-1197
993.19,-973
993.223,-799
993.257,-686
993.29,-626
993.323,-598
993.357,-607
993.39,-700
993.423,-842
993.457,-934
993.49,-875
993.523,-1032
993.557,-1035
993.59,-1064
993.623,-1464
993.657,-1643
993.69,-1312
993.723,-995
993.757,-739
993.79,-548
993.823,-436
993.857,-390
993.89,-427
993.923,-526
993.957,-622
993.99,-719
994.023,-987
994.057,-1262
994.09,-1305
994.123,-1278
994.157,-1151
994.19,-1205
994.223,-1527
994.257,-1450
994.29,-1223
994.323,-1019
994.357,-782
994.39,-596
994.423,-487
994.457,-475
994.49,-529
994.523,-642
994.557,-766
994.59,-914
994.623,-849
994.657,-830
994.69,-859
994.723,-719
994.757,-720
994.79,-987
994.823,-1181
994.857,-1061
994.89,-910
994.923,-774
994.957,-571
994.99,-377
995.023,-404
995.057,-440
995.09,-429
995.123,-401
995.157,-386
995.19,-399
995.223,-446
995.257,-416
995.29,-643
995.323,-957
995.357,-1062
995.39,-759
995.423,-523
995.457,-352
995.49,-856
995.523,-340
995.557,-450
995.59,-340
995.623,-92
995.657,250
995.69,317
995.723,522
995.757,156
995.79,-155
995.823,-380
995.857,-423
995.89,-322
995.923,-283
995.957,-171
995.99,-406
996.023,-477
996.057,-402
996.09,-372
996.123,-387
996.157,-309
996.19,-330
996.223,-477
996.257,-657
996.29,-771
996.323,-933
996.357,-998
996.39,-903
996.423,-885
996.457,-857
996.49,-853
996.523,-880
996.557,-874
996.59,-790
996.623,-690
996.657,-583
996.69,-479
996.723,-407
996.757,-380
996.79,-260
996.823,-305
996.857,-346
996.89,-375
996.923,-1073
996.957,-246
996.99,-707
997.023,-520
997.057,-658
997.09,-491
997.123,-539
997.157,-414
997.19,-381
997.223,-323
997.257,-324
997.29,-522
997.323,-630
997.357,-552
997.39,-394
997.423,-336
997.457,-328
997.49,-337
997.523,-376
997.557,-784
997.59,-1302
997.623,-1292
997.657,-1144
997.69,-1074
997.723,-1049
997.757,-1392
997.79,-1040
997.823,-998
997.857,-940
997.89,-977
997.923,-979
997.957,-1013
997.99,-1012
998.023,-1008
998.057,-985
998.09,-932
998.123,-932
998.157,-832
998.19,-778
998.223,-758
998.257,-809
998.29,-868
998.323,-897
998.357,-915
998.39,-932
998.423,-973
998.457,-989
998.49,-1065
998.523,-1173
998.557,-1257
998.59,-1215
998.623,-1032
998.657,-945
998.69,-1006
998.723,-1054
998.757,-1017
998.79,-937
998.823,-826
998.857,-746
998.89,-730
998.923,-772
998.957,-830
998.99,-861
999.023,-946
999.057,-1057
999.09,-1088
999.123,-1092
999.157,-1231
999.19,-1079
999.223,-854
999.257,-847
999.29,-986
999.323,-1200
999.357,-1090
999.39,-907
999.423,-724
999.457,-608
999.49,-562
999.523,-574
999.557,-607
999.59,-651
999.623,-671
999.657,-682
999.69,-709
999.723,-821
999.757,-855
999.79,-889
999.823,-881
999.857,-903
999.89,-950
999.923,-1089
999.957,-1165
999.99,-1130
1000.023,-979
1000.057,-825
1000.09,-702
1000.123,-610
1000.157,-572
1000.19,-583
1000.223,-598
1000.257,-611
1000.29,-576
1000.323,-572
1000.357,-514
1000.39,-414
1000.423,-726
1000.457,-974
1000.49,-1177
1000.523,-1266
1000.557,-1493
1000.59,-1597
1000.623,-1114
1000.657,-635
1000.69,-260
1000.723,-364
1000.757,-671
1000.79,-757
1000.823,-955
1000.857,-1146
1000.89,-1365
1000.923,-1344
1000.957,-1391
1000.99,-1170
1001.023,-1161
1001.057,-1358
1001.09,-1042
1001.123,-1109
1001.157,-659
1001.19,-721
1001.223,-711
1001.257,-680
1001.29,-807
1001.323,-826
1001.357,-906
1001.39,-999
1001.423,-1121
1001.457,-1074
1001.49,-1127
1001.523,-1048
1001.557,-1063
1001.59,-984
1001.623,-811
1001.657,-641
1001.69,-682
1001.723,-652
1001.757,-399
1001.79,-445
1001.823,-825
1001.857,-1092
1001.89,-897
1001.923,-316
1001.957,-314
1001.99,-339
1002.023,-543
1002.057,-1289
1002.09,-1133
1002.123,-1233
1002.157,-1098
1002.19,-1129
1002.223,-1173
1002.257,-1119
1002.29,-1142
1002.323,-1056
1002.357,-1009
1002.39,-1065
1002.423,-1151
1002.457,-1094
1002.49,-970
1002.523,-950
1002.557,-805
1002.59,-842
1002.623,-975
1002.657,-965
1002.69,-940
1002.723,-890
1002.757,-899
1002.79,-852
1002.823,-772
1002.857,-773
1002.89,-612
1002.923,-578
1002.957,-694
1002.99,-773
1003.023,-799
1003.057,-733
1003.09,-555
1003.123,-486
1003.157,-466
1003.19,-681
1003.223,-742
1003.257,-772
1003.29,-701
1003.323,-753
1003.357,-971
1003.39,-947
1003.423,-1131
1003.457,-1233
1003.49,-1150
1003.523,-1085
1003.557,-1089
1003.59,-1032
1003.623,-1107
1003.657,-1146
1003.69,-1111
1003.723,-930
1003.757,-747
1003.79,-628
1003.823,-668
1003.857,-713
1003.89,-883
1003.923,-928
1003.957,-825
1003.99,-766
1004.023,-750
1004.057,-687
1004.09,-706
1004.123,-704
1004.157,-759
1004.19,-847
1004.223,-938
1004.257,-1112
1004.29,-944
1004.323,-750
1004.357,-651
1004.39,-712
1004.423,-972
1004.457,-1054
1004.49,-995
1004.523,-882
1004.557,-792
1004.59,-787
1004.623,-847
1004.657,-956
1004.69,-1018
1004.723,-1036
1004.757,-1067
1004.79,-1098
1004.823,-923
1004.857,-863
1004.89,-817
1004.923,-761
1004.957,-793
1004.99,-855
1005.023,-903
1005.057,-862
1005.09,-828
1005.123,-749
1005.157,-597
1005.19,-557
1005.223,-486
1005.257,-488
1005.29,-544
1005.323,-616
1005.357,-720
1005.39,-828
1005.423,-860
1005.457,-851
1005.49,-819
1005.523,-787
1005.557,-757
1005.59,-723
1005.623,-723
1005.657,-669
1005.69,-644
1005.723,-638
1005.757,-670
1005.79,-620
1005.823,-678
1005.857,-676
1005.89,-680
1005.923,-762
1005.957,-800
1005.99,-850
1006.023,-867
1006.057,-784
1006.09,-696
1006.123,-579
1006.157,-401
1006.19,-260
1006.223,-144
1006.257,48
1006.29,177
1006.323,279
1006.357,328
1006.39,345
1006.423,399
1006.457,468
1006.49,490
1006.523,493
1006.557,491
1006.59,511
1006.623,545
1006.657,597
1006.69,646
1006.723,663
1006.757,679
1006.79,686
1006.823,716
1006.857,739
1006.89,757
1006.923,782
1006.957,794
1006.99,810
1007.023,795
1007.057,791
1007.09,796
1007.123,791
1007.157,799
1007.19,806
1007.223,798
1007.257,805
1007.29,800
1007.323,791
1007.357,797
1007.39,809
1007.423,825
1007.457,821
1007.49,819
1007.523,825
1007.557,823
1007.59,826
1007.623,828
1007.657,832
1007.69,837
1007.723,834
1007.757,819
1007.79,815
1007.823,817
1007.857,815
1007.89,835
1007.923,840
1007.957,849
1007.99,830
1008.023,824
1008.057,823
1008.09,828
1008.123,809
1008.157,816
1008.19,830
1008.223,841
1008.257,834
1008.29,816
1008.323,827
1008.357,844
1008.39,831
1008.423,833
1008.457,821
1008.49,816
1008.523,811
1008.557,807
1008.59,789
1008.623,782
1008.657,797
1008.69,811
1008.723,785
1008.757,787
1008.79,803
1008.823,782
1008.857,793
1008.89,808
1008.923,806
1008.957,762
1008.99,768
1009.023,735
1009.057,728
1009.09,707
1009.123,697
1009.157,649
1009.19,618
1009.223,604
1009.257,597
1009.29,575
1009.323,498
1009.357,461
1009.39,440
1009.423,377
1009.457,421
1009.49,348
1009.523,270
1009.557,220
1009.59,157
1009.623,112
1009.657,-6
1009.69,-145
1009.723,-243
1009.757,-368
1009.79,-453
1009.823,-462
1009.857,-576
1009.89,-559
1009.923,-608
1009.957,-649
1009.99,-774
1010.023,-739
1010.057,-747
1010.09,-753
1010.123,-748
1010.157,-694
1010.19,-738
1010.223,-689
1010.257,-646
1010.29,-640
1010.323,-661
1010.357,-678
1010.39,-679
1010.423,-732
1010.457,-777
1010.49,-858
1010.523,-923
1010.557,-966
1010.59,-935
1010.623,-889
1010.657,-891
1010.69,-924
1010.723,-823
1010.757,-632
1010.79,-570
1010.823,-503
1010.857,-327
1010.89,-1803
1010.923,-1164
1010.957,-734
1010.99,-848
1011.023,-826
1011.057,-804
1011.09,-815
1011.123,-848
1011.157,-923
1011.19,-911
1011.223,-981
1011.257,-943
1011.29,-903
1011.323,-898
1011.357,-948
1011.39,-963
1011.423,-935
1011.457,-916
1011.49,-846
1011.523,-917
1011.557,-980
1011.59,-1032
1011.623,-1019
1011.657,-999
1011.69,-974
1011.723,-882
1011.757,-840
1011.79,-797
1011.823,-806
1011.857,-841
1011.89,-858
1011.923,-821
1011.957,-815
1011.99,-812
1012.023,-814
1012.057,-783
1012.09,-761
1012.123,-775
1012.157,-768
1012.19,-772
1012.223,-802
1012.257,-797
1012.29,-804
1012.323,-967
1012.357,-1209
1012.39,-1127
1012.423,-1307
1012.457,-1191
1012.49,-1105
1012.523,-1059
1012.557,-1008
1012.59,-939
1012.623,-925
1012.657,-928
1012.69,-1007
1012.723,-979
1012.757,-974
1012.79,-934
1012.823,-873
1012.857,-800
1012.89,-723
1012.923,-666
1012.957,-764
1012.99,-833
1013.023,-1090
1013.057,-1077
1013.09,-852
1013.123,-857
1013.157,-690
1013.19,-859
1013.223,-720
1013.257,-751
1013.29,-651
1013.323,-630
1013.357,-589
1013.39,-637
1013.423,-614
1013.457,-558
1013.49,-554
1013.523,-551
1013.557,-621
1013.59,-553
1013.623,-570
1013.657,-537
1013.69,-502
1013.723,-506
1013.757,-552
1013.79,-585
1013.823,-433
1013.857,-350
1013.89,-284
1013.923,-218
1013.957,-182
1013.99,-187
1014.023,-207
1014.057,-181
1014.09,-33
1014.123,92
1014.157,314
1014.19,531
1014.223,498
1014.257,515
1014.29,489
1014.323,464
1014.357,437
1014.39,326
1014.423,171
1014.457,-25
1014.49,-245
1014.523,-336
1014.557,-201
1014.59,-47
1014.623,39
1014.657,53
1014.69,26
1014.723,36
1014.757,35
1014.79,129
1014.823,114
1014.857,106
1014.89,98
1014.923,95
1014.957,65
1014.99,68
1015.023,121
1015.057,94
1015.09,122
1015.123,113
1015.157,77
1015.19,23
1015.223,17
1015.257,22
1015.29,-33
1015.323,-33
1015.357,-17
1015.39,-43
1015.423,-37
1015.457,-39
1015.49,-75
1015.523,-18
1015.557,159
1015.59,338
1015.623,464
1015.657,539
1015.69,633
1015.723,654
1015.757,703
1015.79,740
1015.823,701
1015.857,741
1015.89,812
1015.923,855
1015.957,888
1015.99,906
1016.023,895
1016.057,865
1016.09,848
1016.123,820
1016.157,780
1016.19,766
1016.223,746
1016.257,752
1016.29,758
1016.323,773
1016.357,769
1016.39,808
1016.423,807
1016.457,814
1016.49,830
1016.523,826
1016.557,833
1016.59,838
1016.623,835
1016.657,827
1016.69,836
1016.723,850
1016.756,836
1016.79,838
1016.823,835
1016.856,847
1016.89,839
1016.923,849
1016.956,852
1016.99,838
1017.023,848
1017.056,841
1017.09,832
1017.123,838
1017.156,826
1017.19,832
1017.223,845
1017.256,843
1017.29,829
1017.323,834
1017.356,836
1017.39,825
1017.423,837
1017.456,842
1017.49,838
1017.523,836
1017.556,837
1017.59,832
1017.623,822
1017.656,827
1017.69,840
1017.723,820
1017.756,832
1017.79,824
1017.823,828
1017.856,831
1017.89,827
1017.923,828
1017.956,827
1017.99,819
1018.023,806
1018.056,807
1018.09,806
1018.123,798
1018.156,804
1018.19,795
1018.223,780
1018.256,766
1018.29,769
1018.323,771
1018.356,784
1018.39,778
1018.423,772
1018.456,772
1018.49,763
1018.523,770
1018.556,747
1018.59,793
1018.623,768
1018.656,779
1018.69,783
1018.723,716
1018.756,672
1018.79,606
1018.823,644
1018.856,583
1018.89,513
1018.923,417
1018.956,236
1018.99,168
1019.023,143
1019.056,108
1019.09,-15
1019.123,-12
1019.156,-24
1019.19,-70
1019.223,-35
1019.256,-55
1019.29,48
1019.323,-54
1019.356,-161
1019.39,-83
1019.423,-160
1019.456,8
1019.49,-82
1019.523,-26
1019.556,-20
1019.59,-56
1019.623,-107
1019.656,-164
1019.69,-227
1019.723,-376
1019.756,-752
1019.79,-877
1019.823,-507
1019.856,-161
1019.89,93
1019.923,310
1019.956,482
1019.99,326
1020.023,313
1020.056,354
1020.09,342
1020.123,207
1020.156,0
1020.19,-687
1020.223,-828
1020.256,-405
1020.29,52
1020.323,-338
1020.356,-296
1020.39,-203
1020.423,-277
1020.456,-285
1020.49,-271
1020.523,-279
1020.556,-271
1020.59,-258
1020.623,-245
1020.656,-224
1020.69,-217
1020.723,-200
1020.756,-175
1020.79,-195
1020.823,-243
1020.856,-202
1020.89,-167
1020.923,-115
1020.956,-95
1020.99,-61
1021.023,-15
1021.056,10
1021.09,2
1021.123,38
1021.156,34
1021.19,62
1021.223,16
1021.256,-114
1021.29,-159
1021.323,-184
1021.356,-210
1021.39,-253
1021.423,-279
1021.456,-204
1021.49,-165
1021.523,-252
1021.556,-358
1021.59,-506
1021.623,-542
1021.656,-413
1021.69,-465
1021.723,-451
1021.756,-664
1021.79,-714
1021.823,-769
1021.856,-850
1021.89,-984
1021.923,-906
1021.956,-1133
1021.99,-1004
1022.023,-929
1022.056,-821
1022.09,-737
1022.123,-674
1022.156,-618
1022.19,-606
1022.223,-615
1022.256,-787
1022.29,-830
1022.323,-919
1022.356,-845
1022.39,-855
1022.423,-787
1022.456,-712
1022.49,-692
1022.523,-684
1022.556,-687
1022.59,-755
1022.623,-823
1022.656,-843
1022.69,-822
1022.723,-847
1022.756,-872
1022.79,-849
1022.823,-988
1022.856,-912
1022.89,-786
1022.923,-784
1022.956,-904
1022.99,-1103
1023.023,-1154
1023.056,-1014
1023.09,-875
1023.123,-803
1023.156,-826
1023.19,-864
1023.223,-865
1023.256,-860
1023.29,-866
1023.323,-888
1023.356,-868
1023.39,-810
1023.423,-668
1023.456,-883
1023.49,-1188
1023.523,-1197
1023.556,-1129
1023.59,-954
1023.623,-768
1023.656,-675
1023.69,-617
1023.723,-537
1023.756,-470
1023.79,-544
1023.823,-565
1023.856,-602
1023.89,-789
1023.923,-1042
1023.956,-918
1023.99,-943
1024.023,-847
1024.056,-893
1024.09,-869
1024.123,-727
1024.156,-621
1024.19,-672
1024.223,-702
1024.256,-487
1024.29,-857
1024.323,-760
1024.356,-743
1024.39,-928
1024.423,-991
1024.456,-904
1024.49,-1015
1024.523,-1082
1024.556,-731
1024.59,-465
1024.623,-681
1024.656,-665
1024.69,-810
1024.723,-613
1024.756,-405
1024.79,-299
1024.823,-259
1024.856,-218
1024.89,-172
1024.923,-247
1024.956,-59
1024.99,-276
1025.023,-885
1025.056,-1080
1025.09,-1073
1025.123,-795
1025.156,-674
1025.19,-776
1025.223,-783
1025.256,-846
1025.29,-829
1025.323,-738
1025.356,-762
1025.39,-767
1025.423,-835
1025.456,-920
1025.49,-943
1025.523,-916
1025.556,-854
1025.59,-816
1025.623,-710
1025.656,-610
1025.69,-548
1025.723,-669
1025.756,-930
1025.79,-1161
1025.823,-1413
1025.856,-944
1025.89,-618
1025.923,-720
1025.956,-701
1025.99,-780
1026.023,-792
1026.056,-763
1026.09,-840
1026.123,-810
1026.156,-847
1026.19,-874
1026.223,-868
1026.256,-873
1026.29,-847
1026.323,-773
1026.356,-692
1026.39,-588
1026.423,-478
1026.456,-309
1026.49,-282
1026.523,-524
1026.556,-826
1026.59,-1050
1026.623,-1139
1026.656,-1052
1026.69,-732
1026.723,-481
1026.756,-731
1026.79,-858
1026.823,-890
1026.856,-876
1026.89,-691
1026.923,-627
1026.956,-727
1026.99,-573
1027.023,-487
1027.056,-406
1027.09,-339
1027.123,-336
1027.156,-498
1027.19,-571
1027.223,-582
1027.256,-590
1027.29,-589
1027.323,-571
1027.356,-575
1027.39,-592
1027.423,-585
1027.456,-568
1027.49,-620
1027.523,-620
1027.556,-678
1027.59,-670
1027.623,-582
1027.656,-624
1027.69,-730
1027.723,-671
1027.756,-878
1027.79,-1277
1027.823,-615
1027.856,-661
1027.89,-1099
1027.923,-823
1027.956,-839
1027.99,-831
1028.023,-934
1028.056,-906
1028.09,-818
1028.123,-902
1028.156,-982
1028.19,-833
1028.223,-814
1028.256,-708
1028.29,-677
1028.323,-741
1028.356,-832
1028.39,-990
1028.423,-1259
1028.456,-1498
1028.49,-1389
1028.523,-998
1028.556,-1120
1028.59,-1142
1028.623,-1027
1028.656,-976
1028.69,-912
1028.723,-850
1028.756,-775
1028.79,-764
1028.823,-810
1028.856,-864
1028.89,-921
1028.923,-1005
1028.956,-1054
1028.99,-1192
1029.023,-1009
1029.056,-954
1029.09,-945
1029.123,-977
1029.156,-974
1029.19,-933
1029.223,-911
1029.256,-873
1029.29,-829
1029.323,-779
1029.356,-843
1029.39,-935
1029.423,-884
1029.456,-827
1029.49,-960
1029.523,-1029
1029.556,-983
1029.59,-1118
1029.623,-1169
1029.656,-935
1029.69,-847
1029.723,-782
1029.756,-815
1029.79,-874
1029.823,-878
1029.856,-858
1029.89,-787
1029.923,-715
1029.956,-630
1029.99,-716
1030.023,-685
1030.056,-743
1030.09,-933
1030.123,-972
1030.156,-996
1030.19,-707
1030.223,-589
1030.256,-576
1030.29,-669
1030.323,-764
1030.356,-776
1030.39,-764
1030.423,-633
1030.456,-730
1030.49,-526
1030.523,-371
1030.556,-152
1030.59,-705
1030.623,-660
1030.656,-862
1030.69,-857
1030.723,-1039
1030.756,-939
1030.79,-713
1030.823,-538
1030.856,-287
1030.89,-481
1030.923,-463
1030.956,-360
1030.99,-463
1031.023,-521
1031.056,-511
1031.09,-461
1031.123,-382
1031.156,-358
1031.19,-679
1031.223,-685
1031.256,-805
1031.29,-954
1031.323,-1145
1031.356,-977
1031.39,-992
1031.423,-1240
1031.456,-1216
1031.49,-1302
1031.523,-1178
1031.556,-1326
1031.59,-1269
1031.623,-1196
1031.656,-1227
1031.69,-1469
1031.723,-1324
1031.756,-1407
1031.79,-1419
1031.823,-1545
1031.856,-1494
1031.89,-1456
1031.923,-1397
1031.956,-1242
1031.99,-1069
1032.023,-938
1032.056,-798
1032.09,-692
1032.123,-598
1032.156,-584
1032.19,-586
1032.223,-525
1032.256,-525
1032.29,-610
1032.323,-638
1032.356,-789
1032.39,-822
1032.423,-802
1032.456,-658
1032.49,-577
1032.523,-627
1032.556,-700
1032.59,-771
1032.623,-847
1032.656,-943
1032.69,-971
1032.723,-881
1032.756,-853
1032.79,-763
1032.823,-675
1032.856,-630
1032.89,-624
1032.923,-620
1032.956,-612
1032.99,-568
1033.023,-564
1033.056,-616
1033.09,-726
1033.123,-671
1033.156,-730
1033.19,-1137
1033.223,-1364
1033.256,-1302
1033.29,-1275
1033.323,-1221
1033.356,-1120
1033.39,-1117
1033.423,-1119
1033.456,-1074
1033.49,-1000
1033.523,-1119
1033.556,-1261
1033.59,-1194
1033.623,-1027
1033.656,-1206
1033.69,-1307
1033.723,-1225
1033.756,-1337
1033.79,-1474
1033.823,-1316
1033.856,-1126
1033.89,-1135
1033.923,-1094
1033.956,-1162
1033.99,-1089
1034.023,-863
1034.056,-560
1034.09,-368
1034.123,-497
1034.156,-445
1034.19,-461
1034.223,-560
1034.256,-460
1034.29,-269
1034.323,-212
1034.356,-317
1034.39,-472
1034.423,-698
1034.456,-682
1034.49,-509
1034.523,-372
1034.556,-465
1034.59,-526
1034.623,-674
1034.656,-902
1034.69,-1223
1034.723,-1130
1034.756,-381
1034.79,-683
1034.823,-563
1034.856,-669
1034.89,-591
1034.923,-711
1034.956,-1212
1034.99,-1285
1035.023,-1204
1035.056,-1142
1035.09,-1011
1035.123,-1045
1035.156,-1078
1035.19,-1175
1035.223,-1346
1035.256,-1424
1035.29,-1436
1035.323,-1266
1035.356,-1047
1035.39,-971
1035.423,-864
1035.456,-786
1035.49,-748
1035.523,-666
1035.556,-691
1035.59,-713
1035.623,-716
1035.656,-796
1035.69,-972
1035.723,-903
1035.756,-931
1035.79,-1028
1035.823,-1178
1035.856,-1260
1035.89,-1269
1035.923,-1021
1035.956,-632
1035.99,-594
1036.023,-657
1036.056,-761
1036.09,-866
1036.123,-989
1036.156,-1032
1036.19,-963
1036.223,-810
1036.256,-686
1036.29,-597
1036.323,-499
1036.356,-391
1036.39,-381
1036.423,-433
1036.456,-500
1036.49,-635
1036.523,-873
1036.556,-1492
1036.59,-1155
1036.623,-1086
1036.656,-1110
1036.69,-633
1036.723,-496
1036.756,-665
1036.79,-965
1036.823,-770
1036.856,-570
1036.89,-540
1036.923,-539
1036.956,-546
1036.99,-590
1037.023,-593
1037.056,-555
1037.09,-511
1037.123,-519
1037.156,-516
1037.19,-539
1037.223,-593
1037.256,-386
1037.29,-350
1037.323,-785
1037.356,-742
1037.39,-734
1037.423,-617
1037.456,-599
1037.49,-532
1037.523,-632
1037.556,-679
1037.59,-635
1037.623,-659
1037.656,-685
1037.69,-684
1037.723,-712
1037.756,-757
1037.79,-808
1037.823,-924
1037.856,-995
1037.89,-990
1037.923,-954
1037.956,-964
1037.99,-868
1038.023,-935
1038.056,-978
1038.09,-945
1038.123,-971
1038.156,-912
1038.19,-897
1038.223,-935
1038.256,-884
1038.29,-826
1038.323,-866
1038.356,-925
1038.39,-959
1038.423,-976
1038.456,-994
1038.49,-1000
1038.523,-972
1038.556,-920
1038.59,-848
1038.623,-868
1038.656,-855
1038.69,-780
1038.723,-748
1038.756,-784
1038.79,-742
1038.823,-746
1038.856,-892
1038.89,-973
1038.923,-904
1038.956,-884
1038.99,-940
1039.023,-864
1039.056,-804
1039.09,-867
1039.123,-856
1039.156,-633
1039.19,-559
1039.223,-515
1039.256,-476
1039.29,-452
1039.323,-479
1039.356,-596
1039.39,-661
1039.423,-622
1039.456,-562
1039.49,-529
1039.523,-550
1039.556,-484
1039.59,-542
1039.623,-541
1039.656,-506
1039.69,-546
1039.723,-572
1039.756,-646
1039.79,-651
1039.823,-611
1039.856,-586
1039.89,-635
1039.923,-585
1039.956,-580
1039.99,-548
1040.023,-603
1040.056,-1327
1040.09,-23
1040.123,-530
1040.156,-557
1040.19,-598
1040.223,-532
1040.256,-467
1040.29,-621
1040.323,-779
1040.356,-841
1040.39,-863
1040.423,-808
1040.456,-519
1040.49,-396
1040.523,-421
1040.556,-427
1040.59,-497
1040.623,-536
1040.656,-595
1040.69,-673
1040.723,-724
1040.756,-815
1040.79,-842
1040.823,-853
1040.856,-883
1040.89,-867
1040.923,-897
1040.956,-914
1040.99,-890
1041.023,-864
1041.056,-858
1041.09,-841
1041.123,-837
1041.156,-842
1041.19,-806
1041.223,-780
1041.256,-767
1041.29,-724
1041.323,-602
1041.356,-670
1041.39,-854
1041.423,-831
1041.456,-790
1041.49,-804
1041.523,-819
1041.556,-834
1041.59,-776
1041.623,-820
1041.656,-829
1041.69,-822
1041.723,-804
1041.756,-810
1041.79,-843
1041.823,-851
1041.856,-796
1041.89,-754
1041.923,-751
1041.956,-736
1041.99,-823
1042.023,-787
1042.056,-820
1042.09,-692
1042.123,-784
1042.156,-886
1042.19,-742
1042.223,-866
1042.256,-821
1042.29,-849
1042.323,-875
1042.356,-757
1042.39,-814
1042.423,-941
1042.456,-932
1042.49,-997
1042.523,-1055
1042.556,-1163
1042.59,-1063
1042.623,-1118
1042.656,-1169
1042.69,-1147
1042.723,-1150
1042.756,-1077
1042.79,-995
1042.823,-1093
1042.856,-811
1042.89,-703
1042.923,-660
1042.956,-637
1042.99,-777
1043.023,-840
1043.056,-890
1043.09,-969
1043.123,-946
1043.156,-874
1043.19,-833
1043.223,-861
1043.256,-838
1043.29,-854
1043.323,-847
1043.356,-863
1043.39,-873
1043.423,-875
1043.456,-933
1043.49,-1022
1043.523,-1037
1043.556,-1046
1043.59,-1278
1043.623,-1300
1043.656,-1047
1043.69,-927
1043.723,-749
1043.756,-632
1043.79,-810
1043.823,-818
1043.856,-799
1043.89,-765
1043.923,-764
1043.956,-825
1043.99,-824
1044.023,-783
1044.056,-787
1044.09,-731
1044.123,-722
1044.156,-767
1044.19,-870
1044.223,-790
1044.256,-761
1044.29,-834
1044.323,-798
1044.356,-818
1044.39,-841
1044.423,-857
1044.456,-771
1044.49,-761
1044.523,-691
1044.556,-722
1044.59,-780
1044.623,-749
1044.656,-732
1044.69,-723
1044.723,-723
1044.756,-1350
1044.79,-996
1044.823,-620
1044.856,-704
1044.89,-821
1044.923,-881
1044.956,-1024
1044.99,-1060
1045.023,-1043
1045.056,-1068
1045.09,-1017
1045.123,-1002
1045.156,-1023
1045.19,-1117
1045.223,-1208
1045.256,-1283
1045.29,-1257
1045.323,-1111
1045.356,-1101
1045.39,-872
1045.423,-779
1045.456,-685
1045.49,-660
1045.523,-635
1045.556,-652
1045.59,-660
1045.623,-645
1045.656,-715
1045.69,-853
1045.723,-967
1045.756,-1047
1045.79,-1068
1045.823,-994
1045.856,-1086
1045.89,-1032
1045.923,-999
1045.956,-929
1045.99,-855
1046.023,-764
1046.056,-709
1046.09,-756
1046.123,-917
1046.156,-1035
1046.19,-1067
1046.223,-1031
1046.256,-1045
1046.29,-1157
1046.323,-1306
1046.356,-1317
1046.39,-1246
1046.423,-454
1046.456,-564
1046.49,-726
1046.523,-869
1046.556,-654
1046.59,-606
1046.623,-671
1046.656,-776
1046.69,-759
1046.723,-749
1046.756,-733
1046.79,-750
1046.823,-770
1046.856,-728
1046.89,-742
1046.923,-756
1046.956,-773
1046.99,-755
1047.023,-832
1047.056,-794
1047.09,-768
1047.123,-667
1047.156,-727
1047.19,-616
1047.223,-862
1047.256,-997
1047.29,-800
1047.323,-932
1047.356,-801
1047.39,-888
1047.423,-890
1047.456,-838
1047.49,-889
1047.523,-858
1047.556,-892
1047.59,-936
1047.623,-1054
1047.656,-1095
1047.69,-1156
1047.723,-1064
1047.756,-1093
1047.79,-1064
1047.823,-1016
1047.856,-945
1047.89,-973
1047.923,-974
1047.956,-961
1047.99,-982
1048.023,-994
1048.056,-961
1048.09,-923
1048.123,-904
1048.156,-904
1048.19,-877
1048.223,-851
1048.256,-877
1048.29,-937
1048.323,-1013
1048.356,-1072
1048.39,-1178
1048.423,-1285
1048.456,-1290
1048.49,-1209
1048.523,-1155
1048.556,-1114
1048.59,-1376
1048.623,-1542
1048.656,-932
1048.69,-740
1048.723,-789
1048.756,-928
1048.79,-868
1048.823,-821
1048.856,-807
1048.89,-891
1048.923,-930
1048.956,-899
1048.99,-885
1049.023,-890
1049.056,-879
1049.09,-861
1049.123,-827
1049.156,-862
1049.19,-842
1049.223,-827
1049.256,-895
1049.29,-871
1049.323,-890
1049.356,-859
1049.39,-875
1049.423,-861
1049.456,-840
1049.49,-854
1049.523,-834
1049.556,-799
1049.59,-776
1049.623,-852
1049.656,-854
1049.69,-881
1049.723,-906
1049.756,-949
1049.79,-856
1049.823,-867
1049.856,-958
1049.89,-967
1049.923,-954
1049.956,-916
1049.99,-998
1050.023,-1031
1050.056,-1051
1050.089,-1086
1050.123,-1085
1050.156,-1081
1050.189,-1183
1050.223,-1290
1050.256,-1239
1050.289,-1155
1050.323,-1076
1050.356,-971
1050.389,-961
1050.423,-891
1050.456,-850
1050.489,-783
1050.523,-756
1050.556,-696
1050.589,-722
1050.623,-754
1050.656,-778
1050.689,-836
1050.723,-866
1050.756,-848
1050.789,-838
1050.823,-844
1050.856,-862
1050.889,-901
1050.923,-955
1050.956,-986
1050.989,-975
1051.023,-943
1051.056,-857
1051.089,-820
1051.123,-867
1051.156,-966
1051.189,-944
1051.223,-958
1051.256,-941
1051.289,-836
1051.323,-782
1051.356,-785
1051.389,-781
1051.423,-781
1051.456,-814
1051.489,-870
1051.523,-924
1051.556,-953
1051.589,-962
1051.623,-1080
1051.656,-1028
1051.689,-1041
1051.723,-998
1051.756,-1014
1051.789,-1270
1051.823,-1416
1051.856,-1173
1051.889,-936
1051.923,-760
1051.956,-641
1051.989,-572
1052.023,-567
1052.056,-632
1052.089,-731
1052.123,-877
1052.156,-996
1052.189,-1101
1052.223,-1016
1052.256,-1120
1052.289,-1034
1052.323,-972
1052.356,-1073
1052.389,-1307
1052.423,-1217
1052.456,-1015
1052.489,-767
1052.523,-630
1052.556,-564
1052.589,-552
1052.623,-546
1052.656,-595
1052.689,-635
1052.723,-680
1052.756,-706
1052.789,-928
1052.823,-1176
1052.856,-1124
1052.889,-1128
1052.923,-1022
1052.956,-1129
1052.989,-1614
1053.023,-1579
1053.056,-1322
1053.089,-1109
1053.123,-843
1053.156,-679
1053.189,-619
1053.223,-608
1053.256,-699
1053.289,-823
1053.323,-868
1053.356,-932
1053.389,-958
1053.423,-894
1053.456,-1061
1053.489,-1056
1053.523,-622
1053.556,-256
1053.589,-486
1053.623,-764
1053.656,-764
1053.689,-649
1053.723,-577
1053.756,-481
1053.789,-346
1053.823,-256
1053.856,-231
1053.889,-256
1053.923,-233
1053.956,-132
1053.989,-90
1054.023,-123
1054.056,-105
1054.089,-26
1054.123,63
1054.156,136
1054.189,87
1054.223,-37
1054.256,-63
1054.289,-28
1054.323,9
1054.356,-109
1054.389,-375
1054.423,-639
1054.456,-711
1054.489,-749
1054.523,-676
1054.556,156
1054.589,594
1054.623,146
1054.656,211
1054.689,252
1054.723,126
1054.756,-282
1054.789,6
1054.823,139
1054.856,209
1054.889,152
1054.923,141
1054.956,254
1054.989,51
1055.023,-72
1055.056,-84
1055.089,74
1055.123,150
1055.156,66
1055.189,135
1055.223,143
1055.256,130
1055.289,210
1055.323,156
1055.356,164
1055.389,158
1055.423,137
1055.456,126
1055.489,166
1055.523,156
1055.556,121
1055.589,246
1055.623,463
1055.656,600
1055.689,437
1055.723,290
1055.756,324
1055.789,171
1055.823,66
1055.856,13
1055.889,260
1055.923,416
1055.956,327
1055.989,137
1056.023,44
1056.056,83
1056.089,50
1056.123,-15
1056.156,-47
1056.189,7
1056.223,2
1056.256,145
1056.289,140
1056.323,121
1056.356,-963
1056.389,291
1056.423,753
1056.456,-21
1056.489,-18
1056.523,849
1056.556,570
1056.589,332
1056.623,-399
1056.656,-1036
1056.689,125
1056.723,-44
1056.756,-89
1056.789,-141
1056.823,-506
1056.856,-714
1056.889,-511
1056.923,-284
1056.956,-323
1056.989,-433
1057.023,-507
1057.056,-468
1057.089,-735
1057.123,-1329
1057.156,-1288
1057.189,-1331
1057.223,-1326
1057.256,-1182
1057.289,-1061
1057.323,-1056
1057.356,-807
1057.389,-757
1057.423,-724
1057.456,-771
1057.489,-832
1057.523,-918
1057.556,-971
1057.589,-937
1057.623,-718
1057.656,-831
1057.689,-817
1057.723,-796
1057.756,-808
1057.789,-859
1057.823,-874
1057.856,-815
1057.889,-761
1057.923,-726
1057.956,-643
1057.989,-456
1058.023,-438
1058.056,-525
1058.089,-449
1058.123,-295
1058.156,-322
1058.189,-313
1058.223,-165
1058.256,415
1058.289,-148
1058.323,-811
1058.356,-149
1058.389,351
1058.423,-900
1058.456,-210
1058.489,-256
1058.523,-28
1058.556,-384
1058.589,-410
1058.623,-111
1058.656,-30
1058.689,-23
1058.723,47
1058.756,60
1058.789,156
1058.823,225
1058.856,181
1058.889,222
1058.923,209
1058.956,133
1058.989,192
1059.023,278
1059.056,372
1059.089,257
1059.123,204
1059.156,232
1059.189,266
1059.223,330
1059.256,354
1059.289,336
1059.323,330
1059.356,323
1059.389,272
1059.423,214
1059.456,275
1059.489,310
1059.523,187
1059.556,136
1059.589,168
1059.623,185
1059.656,446
1059.689,564
1059.723,331
1059.756,-15
1059.789,110
1059.823,104
1059.856,183
1059.889,206
1059.923,197
1059.956,188
1059.989,174
1060.023,158
1060.056,101
1060.089,114
1060.123,54
1060.156,-12
1060.189,-235
1060.223,-489
1060.256,-587
1060.289,-524
1060.323,-438
1060.356,-388
1060.389,-424
1060.423,-526
1060.456,-661
1060.489,-1053
1060.523,-1177
1060.556,-1401
1060.589,-1820
1060.623,-1790
1060.656,-1456
1060.689,-1267
1060.723,-932
1060.756,-764
1060.789,-733
1060.823,-750
1060.856,-784
1060.889,-805
1060.923,-851
1060.956,-894
1060.989,-1111
1061.023,-1025
1061.056,-881
1061.089,-878
1061.123,-919
1061.156,-913
1061.189,-888
1061.223,-865
1061.256,-829
1061.289,-1074
1061.323,-961
1061.356,-1006
1061.389,-1088
1061.423,-1067
1061.456,-962
1061.489,-845
1061.523,-806
1061.556,-779
1061.589,-768
1061.623,-748
1061.656,-701
1061.689,-608
1061.723,-523
1061.756,-453
1061.789,-435
1061.823,-568
1061.856,-853
1061.889,-1165
1061.923,-1678
1061.956,-1863
1061.989,-1551
1062.023,-1391
1062.056,-1278
1062.089,-1041
1062.123,-815
1062.156,-619
1062.189,-395
1062.223,-264
1062.256,-241
1062.289,-346
1062.323,-617
1062.356,-878
1062.389,-1126
1062.423,-1269
1062.456,-1401
1062.489,-1320
1062.523,-1114
1062.556,-1082
1062.589,-1419
1062.623,-1436
1062.656,-1281
1062.689,-1080
1062.723,-889
1062.756,-743
1062.789,-716
1062.823,-749
1062.856,-768
1062.889,-826
1062.923,-954
1062.956,-1034
1062.989,-980
1063.023,-883
1063.056,-656
1063.089,-676
1063.123,-1356
1063.156,-1526
1063.189,-1230
1063.223,-944
1063.256,-708
1063.289,-551
1063.323,-455
1063.356,-454
1063.389,-528
1063.423,-693
1063.456,-791
1063.489,-873
1063.523,-955
1063.556,-1062
1063.589,-1204
1063.623,-1230
1063.656,-1104
1063.689,-1063
1063.723,-998
1063.756,-1052
1063.789,-1025
1063.823,-845
1063.856,-688
1063.889,-610
1063.923,-615
1063.956,-599
1063.989,-523
1064.023,-462
1064.056,-471
1064.089,-275
1064.123,-6
1064.156,-394
1064.189,-1808
1064.223,62
1064.256,1063
1064.289,108
1064.323,101
1064.356,576
1064.389,552
1064.423,413
1064.456,323
1064.489,344
1064.523,325
1064.556,315
1064.589,390
1064.623,318
1064.656,389
1064.689,423
1064.723,364
1064.756,375
1064.789,314
1064.823,228
1064.856,216
1064.889,231
1064.923,319
1064.956,430
1064.989,546
1065.023,574
1065.056,452
1065.089,343
1065.123,195
1065.156,-26
1065.189,25
1065.223,154
1065.256,24
1065.289,-136
1065.323,-51
1065.356,12
1065.389,141
1065.423,198
1065.456,-27
1065.489,-152
1065.523,-178
1065.556,-192
1065.589,-42
1065.623,-47
1065.656,-119
1065.689,-106
1065.723,-94
1065.756,-143
1065.789,-154
1065.823,-159
1065.856,-100
1065.889,-161
1065.923,-95
1065.956,-45
1065.989,-361
1066.023,-232
1066.056,4
1066.089,103
1066.123,250
1066.156,4
1066.189,-151
1066.223,35
1066.256,-175
1066.289,-859
1066.323,458
1066.356,-450
1066.389,-387
1066.423,-474
1066.456,-385
1066.489,-387
1066.523,-364
1066.556,-401
1066.589,-417
1066.623,-400
1066.656,-538
1066.689,-790
1066.723,-1158
1066.756,-1208
1066.789,-1440
1066.823,-1501
1066.856,-1333
1066.889,-1065
1066.923,-701
1066.956,-720
1066.989,-758
1067.023,-878
1067.056,-931
1067.089,-998
1067.123,-964
1067.156,-994
1067.189,-991
1067.223,-1069
1067.256,-1123
1067.289,-1067
1067.323,-1001
1067.356,-836
1067.389,-729
1067.423,-626
1067.456,-482
1067.489,-338
1067.523,-385
1067.556,-672
1067.589,-535
1067.623,-237
1067.656,-304
1067.689,-12
1067.723,388
1067.756,-262
1067.789,-546
1067.823,278
1067.856,359
1067.889,21
1067.923,249
1067.956,-1065
1067.989,-415
1068.023,0
1068.056,17
1068.089,-297
1068.123,-485
1068.156,-371
1068.189,-195
1068.223,43
1068.256,61
1068.289,238
1068.323,262
1068.356,487
1068.389,363
1068.423,387
1068.456,370
1068.489,490
1068.523,416
1068.556,410
1068.589,387
1068.623,363
1068.656,370
1068.689,293
1068.723,307
1068.756,311
1068.789,323
1068.823,231
1068.856,299
1068.889,355
1068.923,298
1068.956,220
1068.989,209
1069.023,184
1069.056,184
1069.089,180
1069.123,213
1069.156,155
1069.189,203
1069.223,272
1069.256,207
1069.289,200
1069.323,220
1069.356,212
1069.389,291
1069.423,392
1069.456,269
1069.489,118
1069.523,99
1069.556,60
1069.589,190
1069.623,167
1069.656,261
1069.689,162
1069.723,97
1069.756,173
1069.789,198
1069.823,132
1069.856,-16
1069.889,-72
1069.923,-170
1069.956,-195
1069.989,-292
1070.023,-408
1070.056,-460
1070.089,-621
1070.123,-661
1070.156,-702
1070.189,-766
1070.223,-935
1070.256,-1228
1070.289,-1588
1070.323,-1857
1070.356,-1859
1070.389,-1856
1070.423,-1558
1070.456,-1443
1070.489,-1218
1070.523,-981
1070.556,-818
1070.589,-677
1070.623,-637
1070.656,-684
1070.689,-709
1070.723,-702
1070.756,-751
1070.789,-785
1070.823,-801
1070.856,-676
1070.889,-701
1070.923,-768
1070.956,-777
1070.989,-803
1071.023,-660
1071.056,-865
1071.089,-722
1071.123,-834
1071.156,-883
1071.189,-900
1071.223,-1047
1071.256,-1252
1071.289,-980
1071.323,-901
1071.356,-941
1071.389,-1064
1071.423,-1157
1071.456,-1068
1071.489,-871
1071.523,-702
1071.556,-579
1071.589,-511
1071.623,-480
1071.656,-541
1071.689,-643
1071.723,-765
1071.756,-920
1071.789,-1032
1071.823,-1150
1071.856,-1165
1071.889,-1411
1071.923,-1408
1071.956,-1021
1071.989,-1049
1072.023,-1209
1072.056,-1150
1072.089,-1006
1072.123,-850
1072.156,-733
1072.189,-604
1072.223,-569
1072.256,-677
1072.289,-827
1072.323,-896
1072.356,-949
1072.389,-1014
1072.423,-972
1072.456,-1064
1072.489,-1043
1072.523,-938
1072.556,-993
1072.589,-1349
1072.623,-1262
1072.656,-950
1072.689,-683
1072.723,-526
1072.756,-449
1072.789,-445
1072.823,-504
1072.856,-615
1072.889,-663
1072.923,-716
1072.956,-873
1072.989,-1168
1073.023,-1143
1073.056,-1266
1073.089,-1270
1073.123,-1151
1073.156,-1135
1073.189,-1291
1073.223,-1374
1073.256,-1164
1073.289,-892
1073.323,-684
1073.356,-531
1073.389,-469
1073.423,-485
1073.456,-535
1073.489,-652
1073.523,-868
1073.556,-1014
1073.589,-1001
1073.623,-913
1073.656,-950
1073.689,-791
1073.723,-661
1073.756,-1129
1073.789,-1574
1073.823,-1315
1073.856,-1106
1073.889,-897
1073.923,-712
1073.956,-552
1073.989,-479
1074.023,-436
1074.056,-483
1074.089,-611
1074.123,-737
1074.156,-835
1074.189,-928
1074.223,-1002
1074.256,-1138
1074.289,-1153
1074.323,-1198
1074.356,-1404
1074.389,-1309
1074.423,-1164
1074.456,-1050
1074.489,-851
1074.523,-696
1074.556,-754
1074.589,-739
1074.623,-651
1074.656,-535
1074.689,-426
1074.723,-359
1074.756,-386
1074.789,-134
1074.823,-133
1074.856,-193
1074.889,-314
1074.923,-446
1074.956,-503
1074.989,-362
1075.023,-243
1075.056,-515
1075.089,-622
1075.123,-751
1075.156,-872
1075.189,-961
1075.223,-1209
1075.256,-1347
1075.289,-1409
1075.323,-1316
1075.356,-1179
1075.389,-1696
1075.423,-755
1075.456,-806
1075.489,-715
1075.523,-791
1075.556,-858
1075.589,-1011
1075.623,-1145
1075.656,-1157
1075.689,-1115
1075.723,-1015
1075.756,-891
1075.789,-781
1075.823,-763
1075.856,-653
1075.889,-610
1075.923,-578
1075.956,-595
1075.989,-582
1076.023,-411
1076.056,-247
1076.089,-363
1076.123,-1228
1076.156,-645
1076.189,-556
1076.223,-384
1076.256,-376
1076.289,-330
1076.323,-109
1076.356,-87
1076.389,-399
1076.423,-531
1076.456,-576
1076.489,-578
1076.523,-567
1076.556,-540
1076.589,-625
1076.623,-1015
1076.656,-1089
1076.689,-1185
1076.723,-1150
1076.756,-1130
1076.789,-968
1076.823,-947
1076.856,-951
1076.889,-910
1076.923,-887
1076.956,-912
1076.989,-1090
1077.023,-1102
1077.056,-1116
1077.089,-1113
1077.123,-1004
1077.156,-912
1077.189,-861
1077.223,-826
1077.256,-873
1077.289,-892
1077.323,-866
1077.356,-839
1077.389,-855
1077.423,-874
1077.456,-879
1077.489,-913
1077.523,-960
1077.556,-1003
1077.589,-1069
1077.623,-1178
1077.656,-1155
1077.689,-1138
1077.723,-1214
1077.756,-1006
1077.789,-885
1077.823,-1019
1077.856,-1125
1077.889,-1008
1077.923,-819
1077.956,-710
1077.989,-678
1078.023,-711
1078.056,-799
1078.089,-861
1078.123,-880
1078.156,-929
1078.189,-1029
1078.223,-1054
1078.256,-1263
1078.289,-1091
1078.323,-892
1078.356,-929
1078.389,-1251
1078.423,-1371
1078.456,-1099
1078.489,-907
1078.523,-745
1078.556,-604
1078.589,-443
1078.623,-398
1078.656,-479
1078.689,-435
1078.723,-433
1078.756,-519
1078.789,-655
1078.823,-805
1078.856,-960
1078.889,-985
1078.923,-968
1078.956,-973
1078.989,-992
1079.023,-965
1079.056,-866
1079.089,-753
1079.123,-691
1079.156,-691
1079.189,-741
1079.223,-884
1079.256,-1123
1079.289,-1399
1079.323,-1696
1079.356,-1362
1079.389,-1267
1079.423,-1090
1079.456,-1044
1079.489,-1050
1079.523,-725
1079.556,-800
1079.589,-707
1079.623,-653
1079.656,-609
1079.689,-782
1079.723,-908
1079.756,-793
1079.789,-815
1079.823,-852
1079.856,-817
1079.889,-882
1079.923,-901
1079.956,-878
1079.989,-826
1080.023,-779
1080.056,-843
1080.089,-820
1080.123,-950
1080.156,-1232
1080.189,-1146
1080.223,-962
1080.256,-1020
1080.289,-941
1080.323,-833
1080.356,-821
1080.389,-690
1080.423,-534
1080.456,-229
1080.489,-173
1080.523,-177
1080.556,-341
1080.589,-556
1080.623,-673
1080.656,-832
1080.689,-814
1080.723,-878
1080.756,-915
1080.789,-851
1080.823,-796
1080.856,-822
1080.889,-947
1080.923,-916
1080.956,-823
1080.989,-801
1081.023,-495
1081.056,-154
1081.089,73
1081.123,176
1081.156,70
1081.189,-251
1081.223,-492
1081.256,-756
1081.289,-1164
1081.323,-1290
1081.356,-1197
1081.389,-1276
1081.423,-1403
1081.456,-1547
1081.489,-1322
1081.523,-1172
1081.556,-911
1081.589,-680
1081.623,-575
1081.656,-723
1081.689,-1059
1081.723,-1582
1081.756,-1498
1081.789,-1249
1081.823,-1112
1081.856,-908
1081.889,-829
1081.923,-840
1081.956,-791
1081.989,-638
1082.023,-378
1082.056,-259
1082.089,-410
1082.123,-666
1082.156,-728
1082.189,-813
1082.223,-818
1082.256,-854
1082.289,-1023
1082.323,-1165
1082.356,-1140
1082.389,-1060
1082.423,-980
1082.456,-940
1082.489,-812
1082.523,-670
1082.556,-632
1082.589,-847
1082.623,-1112
1082.656,-990
1082.689,-765
1082.723,-549
1082.756,-507
1082.789,-606
1082.823,-717
1082.856,-781
1082.889,-830
1082.923,-906
1082.956,-777
1082.989,-802
1083.023,-1091
1083.056,-1265
1083.089,-1313
1083.123,-1116
1083.156,-917
1083.189,-861
1083.223,-812
1083.256,-1257
1083.289,-863
1083.323,-716
1083.356,-781
1083.389,-763
1083.422,-762
1083.456,-761
1083.489,-778
1083.522,-834
1083.556,-774
1083.589,-819
1083.622,-823
1083.656,-810
1083.689,-776
1083.722,-745
1083.756,-706
1083.789,-608
1083.822,-583
1083.856,-567
1083.889,-534
1083.922,-518
1083.956,-498
1083.989,-491
1084.022,-529
1084.056,-592
1084.089,-658
1084.122,-762
1084.156,-855
1084.189,-853
1084.222,-820
1084.256,-776
1084.289,-747
1084.322,-722
1084.356,-704
1084.389,-641
1084.422,-611
1084.456,-628
1084.489,-650
1084.522,-601
1084.556,-622
1084.589,-639
1084.622,-606
1084.656,-679
1084.689,-751
1084.722,-739
1084.756,-838
1084.789,-943
1084.822,-886
1084.856,-768
1084.889,-620
1084.922,-374
1084.956,-263
1084.989,-127
1085.022,55
1085.056,155
1085.089,226
1085.122,305
1085.156,380
1085.189,390
1085.222,445
1085.256,498
1085.289,520
1085.322,528
1085.356,535
1085.389,526
1085.422,531
1085.456,561
1085.489,600
1085.522,661
1085.556,709
1085.589,752
1085.622,772
1085.656,792
1085.689,817
1085.722,831
1085.756,850
1085.789,848
1085.822,836
1085.856,835
1085.889,821
1085.922,817
1085.956,812
1085.989,805
1086.022,812
1086.056,824
1086.089,837
1086.122,852
1086.156,826
1086.189,792
1086.222,804
1086.256,821
1086.289,822
1086.322,823
1086.356,825
1086.389,814
1086.422,804
1086.456,801
1086.489,795
1086.522,784
1086.556,777
1086.589,777
1086.622,782
1086.656,765
1086.689,766
1086.722,748
1086.756,739
1086.789,725
1086.822,661
1086.856,603
1086.889,571
1086.922,522
1086.956,531
1086.989,546
1087.022,563
1087.056,500
1087.089,486
1087.122,436
1087.156,337
1087.189,335
1087.222,255
1087.256,215
1087.289,185
1087.322,139
1087.356,133
1087.389,166
1087.422,178
1087.456,209
1087.489,217
1087.522,174
1087.556,127
1087.589,54
1087.622,1
1087.656,-112
1087.689,-143
1087.722,-226
1087.756,-287
1087.789,-393
1087.822,-441
1087.856,-474
1087.889,-515
1087.922,-549
1087.956,-679
1087.989,-665
1088.022,-676
1088.056,-719
1088.089,-688
1088.122,-697
1088.156,-634
1088.189,-591
1088.222,-585
1088.256,-552
1088.289,-538
1088.322,-550
1088.356,-577
1088.389,-705
1088.422,-602
1088.456,-708
1088.489,-605
1088.522,-593
1088.556,-613
1088.589,-618
1088.622,-628
1088.656,-670
1088.689,-757
1088.722,-825
1088.756,-830
1088.789,-827
1088.822,-815
1088.856,-760
1088.889,-810
1088.922,-821
1088.956,-734
1088.989,-742
1089.022,-730
1089.056,-781
1089.089,-802
1089.122,-768
1089.156,-704
1089.189,-723
1089.222,-785
1089.256,-792
1089.289,-887
1089.322,-991
1089.356,-1003
1089.389,-958
1089.422,-913
1089.456,-894
1089.489,-907
1089.522,-912
1089.556,-892
1089.589,-842
1089.622,-800
1089.656,-763
1089.689,-761
1089.722,-789
1089.756,-787
1089.789,-762
1089.822,-761
1089.856,-760
1089.889,-755
1089.922,-767
1089.956,-793
1089.989,-835
1090.022,-810
1090.056,-810
1090.089,-850
1090.122,-937
1090.156,-977
1090.189,-906
1090.222,-1012
1090.256,-1143
1090.289,-1044
1090.322,-999
1090.356,-1044
1090.389,-988
1090.422,-919
1090.456,-854
1090.489,-767
1090.522,-739
1090.556,-739
1090.589,-669
1090.622,-643
1090.656,-704
1090.689,-1318
1090.722,-1167
1090.756,-857
1090.789,-909
1090.822,-825
1090.856,-723
1090.889,-725
1090.922,-707
1090.956,-712
1090.989,-685
1091.022,-686
1091.056,-701
1091.089,-699
1091.122,-709
1091.156,-751
1091.189,-660
1091.222,-655
1091.256,-648
1091.289,-618
1091.322,-618
1091.356,-618
1091.389,-554
1091.422,-498
1091.456,-526
1091.489,-586
1091.522,-642
1091.556,-587
1091.589,-476
1091.622,-436
1091.656,-455
1091.689,-412
1091.722,-364
1091.756,-337
1091.789,-243
1091.822,-212
1091.856,-219
1091.889,-264
1091.922,-251
1091.956,-291
1091.989,-267
1092.022,-220
1092.056,-240
1092.089,-275
1092.122,-247
1092.156,-239
1092.189,-265
1092.222,-269
1092.256,-301
1092.289,-320
1092.322,-305
1092.356,-279
1092.389,-303
1092.422,-313
1092.456,-365
1092.489,-435
1092.522,-448
1092.556,-284
1092.589,-217
1092.622,145
1092.656,626
1092.689,755
1092.722,703
1092.756,657
1092.789,657
1092.822,541
1092.856,212
1092.889,-68
1092.922,-348
1092.956,-427
1092.989,-278
1093.022,-207
1093.056,-55
1093.089,67
1093.122,44
1093.156,-3
1093.189,7
1093.222,17
1093.256,33
1093.289,51
1093.322,1
1093.356,15
1093.389,26
1093.422,12
1093.456,51
1093.489,-13
1093.522,-199
1093.556,-7
1093.589,-81
1093.622,-62
1093.656,-63
1093.689,-55
1093.722,8
1093.756,93
1093.789,222
1093.822,352
1093.856,485
1093.889,554
1093.922,597
1093.956,645
1093.989,653
1094.022,657
1094.056,672
1094.089,664
1094.122,685
1094.156,739
1094.189,746
1094.222,754
1094.256,764
1094.289,759
1094.322,753
1094.356,765
1094.389,791
1094.422,776
1094.456,777
1094.489,796
1094.522,800
1094.556,777
1094.589,759
1094.622,753
1094.656,760
1094.689,759
1094.722,771
1094.756,781
1094.789,785
1094.822,783
1094.856,793
1094.889,802
1094.922,792
1094.956,796
1094.989,803
1095.022,786
1095.056,790
1095.089,783
1095.122,785
1095.156,779
1095.189,779
1095.222,789
1095.256,786
1095.289,794
1095.322,798
1095.356,791
1095.389,800
1095.422,787
1095.456,787
1095.489,781
1095.522,783
1095.556,793
1095.589,792
1095.622,787
1095.656,787
1095.689,786
1095.722,781
1095.756,786
1095.789,783
1095.822,781
1095.856,782
1095.889,782
1095.922,784
1095.956,786
1095.989,780
1096.022,771
1096.056,764
1096.089,760
1096.122,747
1096.156,735
1096.189,736
1096.222,752
1096.256,760
1096.289,746
1096.322,727
1096.356,738
1096.389,723
1096.422,699
1096.456,691
1096.489,701
1096.522,701
1096.556,703
1096.589,758
1096.622,780
1096.656,784
1096.689,768
1096.722,712
1096.756,667
1096.789,639
1096.822,565
1096.856,506
1096.889,452
1096.922,351
1096.956,318
1096.989,237
1097.022,176
1097.056,85
1097.089,34
1097.122,0
1097.156,-59
1097.189,-49
1097.222,-63
1097.256,-97
1097.289,-50
1097.322,17
1097.356,22
1097.389,45
1097.422,-285
1097.456,63
1097.489,38
1097.522,50
1097.556,-33
1097.589,-40
1097.622,-70
1097.656,-176
1097.689,-168
1097.722,-358
1097.756,-868
1097.789,-763
1097.822,-225
1097.856,-48
1097.889,217
1097.922,475
1097.956,550
1097.989,480
1098.022,394
1098.056,388
1098.089,247
1098.122,10
1098.156,-1037
1098.189,-520
1098.222,-412
1098.256,129
1098.289,-334
1098.322,-323
1098.356,-179
1098.389,-252
1098.422,-268
1098.456,-253
1098.489,-288
1098.522,-280
1098.556,-252
1098.589,-254
1098.622,-245
1098.656,-230
1098.689,-227
1098.722,-232
1098.756,-238
1098.789,-242
1098.822,-254
1098.856,-261
1098.889,-250
1098.922,-221
1098.956,-203
1098.989,-237
1099.022,-251
1099.056,-234
1099.089,-213
1099.122,-222
1099.156,-235
1099.189,-260
1099.222,-246
1099.256,-232
1099.289,-188
1099.322,-271
1099.356,-387
1099.389,-442
1099.422,-377
1099.456,-483
1099.489,-888
1099.522,-672
1099.556,-730
1099.589,-728
1099.622,-700
1099.656,-785
1099.689,-831
1099.722,-777
1099.756,-700
1099.789,-671
1099.822,-777
1099.856,-855
1099.889,-863
1099.922,-784
1099.956,-629
1099.989,-563
1100.022,-485
1100.056,-426
1100.089,-431
1100.122,-512
1100.156,-600
1100.189,-719
1100.222,-836
1100.256,-889
1100.289,-832
1100.322,-781
1100.356,-696
1100.389,-666
1100.422,-697
1100.456,-722
1100.489,-672
1100.522,-673
1100.556,-663
1100.589,-661
1100.622,-720
1100.656,-754
1100.689,-823
1100.722,-775
1100.756,-763
1100.789,-760
1100.822,-781
1100.856,-985
1100.889,-1195
1100.922,-1188
1100.956,-1023
1100.989,-860
1101.022,-811
1101.056,-796
1101.089,-779
1101.122,-777
1101.156,-814
1101.189,-844
1101.222,-847
1101.256,-844
1101.289,-843
1101.322,-783
1101.356,-708
1101.389,-749
1101.422,-922
1101.456,-1025
1101.489,-1084
1101.522,-1137
1101.556,-1183
1101.589,-1215
1101.622,-1323
1101.656,-1343
1101.689,-1209
1101.722,-1022
1101.756,-866
1101.789,-778
1101.822,-745
1101.856,-803
1101.889,-929
1101.922,-1020
1101.956,-1010
1101.989,-890
1102.022,-771
1102.056,-561
1102.089,-421
1102.122,-385
1102.156,-486
1102.189,-840
1102.222,-846
1102.256,-859
1102.289,-866
1102.322,-937
1102.356,-1017
1102.389,-936
1102.422,-892
1102.456,-864
1102.489,-822
1102.522,-551
1102.556,-350
1102.589,-721
1102.622,-1038
1102.656,-959
1102.689,-953
1102.722,-887
1102.756,-665
1102.789,-470
1102.822,-659
1102.856,-706
1102.889,-391
1102.922,-276
1102.956,-259
1102.989,-356
1103.022,-311
1103.056,-261
1103.089,-227
1103.122,-166
1103.156,-208
1103.189,-279
1103.222,-191
1103.256,-453
1103.289,-669
1103.322,-701
1103.356,-694
1103.389,-701
1103.422,-664
1103.456,-800
1103.489,-752
1103.522,-736
1103.556,-752
1103.589,-682
1103.622,-699
1103.656,-694
1103.689,-697
1103.722,-696
1103.756,-735
1103.789,-793
1103.822,-877
1103.856,-1000
1103.889,-985
1103.922,-813
1103.956,-490
1103.989,-356
1104.022,-226
1104.056,-280
1104.089,-459
1104.122,-494
1104.156,-535
1104.189,-556
1104.222,-534
1104.256,-480
1104.289,-462
1104.322,-438
1104.356,-403
1104.389,-376
1104.422,-393
1104.456,-457
1104.489,-549
1104.522,-718
1104.556,-803
1104.589,-925
1104.622,-984
1104.656,-818
1104.689,-741
1104.722,-633
1104.756,-769
1104.789,-770
1104.822,-715
1104.856,-726
1104.889,-653
1104.922,-670
1104.956,-597
1104.989,-598
1105.022,-612
1105.056,-709
1105.089,-722
1105.122,-681
1105.156,-615
1105.189,-429
1105.222,-600
1105.256,-550
1105.289,-472
1105.322,-535
1105.356,-628
1105.389,-533
1105.422,-583
1105.456,-673
1105.489,-662
1105.522,-634
1105.556,-597
1105.589,-606
1105.622,-585
1105.656,-634
1105.689,-677
1105.722,-631
1105.756,-630
1105.789,-697
1105.822,-688
1105.856,-713
1105.889,-652
1105.922,-654
1105.956,-657
1105.989,-1747
1106.022,-149
1106.056,-890
1106.089,-809
1106.122,-856
1106.156,-701
1106.189,-765
1106.222,-774
1106.256,-783
1106.289,-816
1106.322,-980
1106.356,-993
1106.389,-1022
1106.422,-961
1106.456,-896
1106.489,-796
1106.522,-843
1106.556,-882
1106.589,-845
1106.622,-975
1106.656,-1046
1106.689,-1152
1106.722,-995
1106.756,-1132
1106.789,-970
1106.822,-843
1106.856,-789
1106.889,-750
1106.922,-704
1106.956,-674
1106.989,-724
1107.022,-743
1107.056,-791
1107.089,-895
1107.122,-909
1107.156,-906
1107.189,-930
1107.222,-895
1107.256,-868
1107.289,-876
1107.322,-795
1107.356,-756
1107.389,-774
1107.422,-803
1107.456,-873
1107.489,-899
1107.522,-927
1107.556,-955
1107.589,-930
1107.622,-1031
1107.656,-1129
1107.689,-1079
1107.722,-916
1107.756,-835
1107.789,-779
1107.822,-758
1107.856,-731
1107.889,-726
1107.922,-704
1107.956,-599
1107.989,-526
1108.022,-506
1108.056,-662
1108.089,-659
1108.122,-658
1108.156,-806
1108.189,-836
1108.222,-769
1108.256,-684
1108.289,-528
1108.322,-669
1108.356,-612
1108.389,-683
1108.422,-493
1108.456,-439
1108.489,-575
1108.522,-401
1108.556,-449
1108.589,-415
1108.622,-1034
1108.656,-1030
1108.689,-790
1108.722,-795
1108.756,-719
1108.789,-568
1108.822,-671
1108.856,-505
1108.889,-194
1108.922,-283
1108.956,-906
1108.989,-632
1109.022,-399
1109.056,-521
1109.089,-613
1109.122,-688
1109.156,-708
1109.189,-679
1109.222,-727
1109.256,-866
1109.289,-924
1109.322,-878
1109.356,-903
1109.389,-891
1109.422,-1124
1109.456,-1020
1109.489,-976
1109.522,-1066
1109.556,-1293
1109.589,-1313
1109.622,-1338
1109.656,-1496
1109.689,-1580
1109.722,-1552
1109.756,-1547
1109.789,-1466
1109.822,-1366
1109.856,-1278
1109.889,-1200
1109.922,-1073
1109.956,-1000
1109.989,-836
1110.022,-740
1110.056,-693
1110.089,-614
1110.122,-713
1110.156,-727
1110.189,-737
1110.222,-790
1110.256,-686
1110.289,-664
1110.322,-532
1110.356,-481
1110.389,-552
1110.422,-615
1110.456,-694
1110.489,-793
1110.522,-866
1110.556,-907
1110.589,-913
1110.622,-925
1110.656,-916
1110.689,-928
1110.722,-885
1110.756,-826
1110.789,-783
1110.822,-785
1110.856,-704
1110.889,-659
1110.922,-602
1110.956,-539
1110.989,-457
1111.022,-482
1111.056,-592
1111.089,-697
1111.122,-618
1111.156,-689
1111.189,-930
1111.222,-1108
1111.256,-1324
1111.289,-1351
1111.322,-1407
1111.356,-1242
1111.389,-1134
1111.422,-1065
1111.456,-1028
1111.489,-1084
1111.522,-1118
1111.556,-1080
1111.589,-1126
1111.622,-1284
1111.656,-1298
1111.689,-1300
1111.722,-1252
1111.756,-1228
1111.789,-1175
1111.822,-1191
1111.856,-1205
1111.889,-1262
1111.922,-1258
1111.956,-1204
1111.989,-1220
1112.022,-1074
1112.056,-750
1112.089,-673
1112.122,-583
1112.156,-520
1112.189,-662
1112.222,-640
1112.256,-596
1112.289,-574
1112.322,-684
1112.356,-532
1112.389,-422
1112.422,-397
1112.456,-478
1112.489,-598
1112.522,-628
1112.556,-557
1112.589,-515
1112.622,-456
1112.656,-487
1112.689,-862
1112.722,-1405
1112.756,-608
1112.789,-674
1112.822,-413
1112.856,-532
1112.889,-707
1112.922,-835
1112.956,-827
1112.989,-864
1113.022,-967
1113.056,-1068
1113.089,-999
1113.122,-1009
1113.156,-975
1113.189,-1059
1113.222,-1192
1113.256,-1298
1113.289,-1511
1113.322,-1542
1113.356,-1336
1113.389,-1207
1113.422,-992
1113.456,-783
1113.489,-653
1113.522,-684
1113.556,-1003
1113.589,-1180
1113.622,-1144
1113.656,-1084
1113.689,-949
1113.722,-826
1113.756,-806
1113.789,-897
1113.822,-983
1113.856,-1151
1113.889,-1063
1113.922,-1004
1113.956,-973
1113.989,-909
1114.022,-866
1114.056,-861
1114.089,-933
1114.122,-1052
1114.156,-954
1114.189,-883
1114.222,-975
1114.256,-941
1114.289,-976
1114.322,-1066
1114.356,-1101
1114.389,-1034
1114.422,-915
1114.456,-822
1114.489,-780
1114.522,-766
1114.556,-789
1114.589,-731
1114.622,-661
1114.656,-686
1114.689,-739
1114.722,-854
1114.756,-1107
1114.789,-1305
1114.822,-1335
1114.856,-1345
1114.889,-1068
1114.922,-650
1114.956,-581
1114.989,-713
1115.022,-672
1115.056,-783
1115.089,-833
1115.122,-764
1115.156,-653
1115.189,-620
1115.222,-641
1115.256,-615
1115.289,-614
1115.322,-596
1115.356,-647
1115.389,-635
1115.422,-650
1115.456,-354
1115.489,-370
1115.522,-664
1115.556,-584
1115.589,-556
1115.622,-586
1115.656,-516
1115.689,-523
1115.722,-512
1115.756,-630
1115.789,-645
1115.822,-592
1115.856,-688
1115.889,-860
1115.922,-953
1115.956,-1084
1115.989,-1049
1116.022,-982
1116.056,-936
1116.089,-1022
1116.122,-951
1116.156,-820
1116.189,-806
1116.222,-970
1116.256,-1224
1116.289,-1241
1116.322,-859
1116.356,-859
1116.389,-825
1116.422,-826
1116.456,-860
1116.489,-911
1116.522,-994
1116.556,-948
1116.589,-967
1116.622,-876
1116.656,-892
1116.689,-750
1116.722,-750
1116.755,-744
1116.789,-739
1116.822,-1268
1116.855,-1648
1116.889,-1160
1116.922,-610
1116.955,-427
1116.989,-503
1117.022,-447
1117.055,-494
1117.089,-611
1117.122,-620
1117.155,-570
1117.189,-554
1117.222,-578
1117.255,-603
1117.289,-582
1117.322,-612
1117.355,-599
1117.389,-516
1117.422,-543
1117.455,-576
1117.489,-716
1117.522,-615
1117.555,-578
1117.589,-577
1117.622,-537
1117.655,-808
1117.689,-1333
1117.722,-430
1117.755,-530
1117.789,-466
1117.822,-491
1117.855,-488
1117.889,-526
1117.922,-593
1117.955,-688
1117.989,-804
1118.022,-665
1118.055,-467
1118.089,-380
1118.122,-348
1118.155,-422
1118.189,-545
1118.222,-665
1118.255,-725
1118.289,-783
1118.322,-834
1118.355,-891
1118.389,-1035
1118.422,-1093
1118.455,-1091
1118.489,-1144
1118.522,-1184
1118.555,-1244
1118.589,-1204
1118.622,-1278
1118.655,-1075
1118.689,-748
1118.722,-808
1118.755,-854
1118.789,-889
1118.822,-859
1118.855,-803
1118.889,-820
1118.922,-778
1118.955,-742
1118.989,-716
1119.022,-715
1119.055,-802
1119.089,-848
1119.122,-894
1119.155,-951
1119.189,-957
1119.222,-964
1119.255,-988
1119.289,-961
1119.322,-927
1119.355,-976
1119.389,-1008
1119.422,-1073
1119.455,-1142
1119.489,-815
1119.522,-666
1119.555,-780
1119.589,-762
1119.622,-763
1119.655,-769
1119.689,-766
1119.722,-794
1119.755,-776
1119.789,-742
1119.822,-809
1119.855,-821
1119.889,-827
1119.922,-858
1119.955,-771
1119.989,-761
1120.022,-866
1120.055,-884
1120.089,-778
1120.122,-770
1120.155,-679
1120.189,-650
1120.222,-620
1120.255,-677
1120.289,-697
1120.322,-879
1120.355,-700
1120.389,-654
1120.422,-773
1120.455,-828
1120.489,-678
1120.522,-755
1120.555,-846
1120.589,-802
1120.622,-787
1120.655,-786
1120.689,-783
1120.722,-853
1120.755,-904
1120.789,-1054
1120.822,-1120
1120.855,-1124
1120.889,-1073
1120.922,-1104
1120.955,-1062
1120.989,-976
1121.022,-941
1121.055,-909
1121.089,-913
1121.122,-970
1121.155,-904
1121.189,-876
1121.222,-831
1121.255,-833
1121.289,-704
1121.322,-646
1121.355,-666
1121.389,-718
1121.422,-740
1121.455,-793
1121.489,-835
1121.522,-830
1121.555,-801
1121.589,-819
1121.622,-814
1121.655,-835
1121.689,-1143
1121.722,-1111
1121.755,-1179
1121.789,-1756
1121.822,-1517
1121.855,-840
1121.889,-518
1121.922,-758
1121.955,-804
1121.989,-598
1122.022,-580
1122.055,-713
1122.089,-771
1122.122,-715
1122.155,-614
1122.189,-680
1122.222,-618
1122.255,-566
1122.289,-686
1122.322,-758
1122.355,-710
1122.389,-714
1122.422,-657
1122.455,-638
1122.489,-731
1122.522,-857
1122.555,-865
1122.589,-734
1122.622,-725
1122.655,-730
1122.689,-769
1122.722,-670
1122.755,-610
1122.789,-623
1122.822,-1437
1122.855,-1173
1122.889,-250
1122.922,-693
1122.955,-832
1122.989,-742
1123.022,-737
1123.055,-796
1123.089,-863
1123.122,-895
1123.155,-973
1123.189,-1023
1123.222,-1041
1123.255,-1091
1123.289,-1136
1123.322,-1171
1123.355,-1197
1123.389,-1189
1123.422,-1165
1123.455,-1067
1123.489,-927
1123.522,-837
1123.555,-804
1123.589,-811
1123.622,-788
1123.655,-818
1123.689,-837
1123.722,-864
1123.755,-916
1123.789,-956
1123.822,-958
1123.855,-1003
1123.889,-1084
1123.922,-1108
1123.955,-903
1123.989,-1040
1124.022,-1023
1124.055,-655
1124.089,-824
1124.122,-798
1124.155,-764
1124.189,-838
1124.222,-863
1124.255,-753
1124.289,-735
1124.322,-736
1124.355,-832
1124.389,-948
1124.422,-974
1124.455,-1090
1124.489,-1341
1124.522,-1276
1124.555,-1242
1124.589,-1178
1124.622,-866
1124.655,-610
1124.689,-696
1124.722,-953
1124.755,-977
1124.789,-665
1124.822,-630
1124.855,-760
1124.889,-781
1124.922,-749
1124.955,-864
1124.989,-804
1125.022,-803
1125.055,-837
1125.089,-882
1125.122,-881
1125.155,-885
1125.189,-816
1125.222,-882
1125.255,-985
1125.289,-1021
1125.322,-887
1125.355,-622
1125.389,-272
1125.422,-380
1125.455,-1002
1125.489,-1086
1125.522,-894
1125.555,-786
1125.589,-872
1125.622,-829
1125.655,-897
1125.689,-940
1125.722,-884
1125.755,-908
1125.789,-927
1125.822,-925
1125.855,-1076
1125.889,-1257
1125.922,-1312
1125.955,-1241
1125.989,-1130
1126.022,-918
1126.055,-1211
1126.089,-1009
1126.122,-938
1126.155,-924
1126.189,-887
1126.222,-842
1126.255,-832
1126.289,-790
1126.322,-773
1126.355,-775
1126.389,-753
1126.422,-795
1126.455,-762
1126.489,-646
1126.522,-642
1126.555,-706
1126.589,-676
1126.622,-811
1126.655,-927
1126.689,-991
1126.722,-975
1126.755,-915
1126.789,-894
1126.822,-864
1126.855,-843
1126.889,-815
1126.922,-805
1126.955,-804
1126.989,-983
1127.022,-1091
1127.055,-1233
1127.089,-1383
1127.122,-1566
1127.155,-1407
1127.189,-1167
1127.222,-859
1127.255,-960
1127.289,-776
1127.322,-699
1127.355,-772
1127.389,-919
1127.422,-962
1127.455,-928
1127.489,-886
1127.522,-801
1127.555,-787
1127.589,-875
1127.622,-966
1127.655,-991
1127.689,-987
1127.722,-984
1127.755,-959
1127.789,-990
1127.822,-968
1127.855,-956
1127.889,-940
1127.922,-1008
1127.955,-958
1127.989,-906
1128.022,-832
1128.055,-763
1128.089,-777
1128.122,-900
1128.155,-872
1128.189,-849
1128.222,-920
1128.255,-927
1128.289,-862
1128.322,-875
1128.355,-834
1128.389,-726
1128.422,-767
1128.455,-709
1128.489,-782
1128.522,-904
1128.555,-739
1128.589,-747
1128.622,-838
1128.655,-904
1128.689,-1015
1128.722,-1076
1128.755,-1121
1128.789,-1169
1128.822,-1218
1128.855,-1257
1128.889,-1295
1128.922,-1328
1128.955,-1355
1128.989,-1338
1129.022,-1227
1129.055,-1108
1129.089,-1038
1129.122,-972
1129.155,-963
1129.189,-954
1129.222,-848
1129.255,-757
1129.289,-726
1129.322,-662
1129.355,-605
1129.389,-594
1129.422,-604
1129.455,-604
1129.489,-632
1129.522,-692
1129.555,-796
1129.589,-909
1129.622,-968
1129.655,-992
1129.689,-1069
1129.722,-1078
1129.755,-1003
1129.789,-900
1129.822,-797
1129.855,-716
1129.889,-698
1129.922,-725
1129.955,-727
1129.989,-830
1130.022,-902
1130.055,-872
1130.089,-806
1130.122,-828
1130.155,-877
1130.189,-988
1130.222,-1195
1130.255,-1318
1130.289,-1199
1130.322,-1007
1130.355,-917
1130.389,-1247
1130.422,-1278
1130.455,-935
1130.489,-670
1130.522,-511
1130.555,-414
1130.589,-329
1130.622,-358
1130.655,-468
1130.689,-604
1130.722,-683
1130.755,-798
1130.789,-1020
1130.822,-908
1130.855,-963
1130.889,-1085
1130.922,-1088
1130.955,-1035
1130.989,-1341
1131.022,-1495
1131.055,-1238
1131.089,-1001
1131.122,-790
1131.155,-646
1131.189,-571
1131.222,-591
1131.255,-686
1131.289,-750
1131.322,-806
1131.355,-927
1131.389,-1068
1131.422,-1072
1131.455,-1062
1131.489,-867
1131.522,-860
1131.555,-1294
1131.589,-1316
1131.622,-1072
1131.655,-808
1131.689,-647
1131.722,-576
1131.755,-551
1131.789,-609
1131.822,-734
1131.855,-804
1131.889,-867
1131.922,-926
1131.955,-932
1131.989,-1032
1132.022,-1067
1132.055,-1023
1132.089,-941
1132.122,-930
1132.155,-989
1132.189,-1118
1132.222,-1180
1132.255,-1135
1132.289,-958
1132.322,-761
1132.355,-626
1132.389,-545
1132.422,-476
1132.455,-475
1132.489,-473
1132.522,-498
1132.555,-467
1132.589,-200
1132.622,133
1132.655,390
1132.689,349
1132.722,24
1132.755,-237
1132.789,-181
1132.822,-2
1132.855,217
1132.889,236
1132.922,30
1132.955,-234
1132.989,-328
1133.022,-992
1133.055,-1055
1133.089,516
1133.122,763
1133.155,432
1133.189,459
1133.222,612
1133.255,617
1133.289,559
1133.322,597
1133.355,833
1133.389,489
1133.422,363
1133.455,551
1133.489,399
1133.522,455
1133.555,529
1133.589,492
1133.622,479
1133.655,531
1133.689,547
1133.722,576
1133.755,565
1133.789,508
1133.822,481
1133.855,376
1133.889,327
1133.922,267
1133.955,225
1133.989,363
1134.022,384
1134.055,105
1134.089,-18
1134.122,274
1134.155,435
1134.189,245
1134.222,29
1134.255,-61
1134.289,137
1134.322,201
1134.355,28
1134.389,-177
1134.422,-107
1134.455,-38
1134.489,-138
1134.522,-15
1134.555,-111
1134.589,-687
1134.622,-945
1134.655,693
1134.689,109
1134.722,53
1134.755,-570
1134.789,306
1134.822,162
1134.855,-235
1134.889,394
1134.922,-217
1134.955,-258
1134.989,36
1135.022,-76
1135.055,115
1135.089,-275
1135.122,-555
1135.155,-669
1135.189,-498
1135.222,-462
1135.255,-538
1135.289,-765
1135.322,-972
1135.355,-1097
1135.389,-1233
1135.422,-1227
1135.455,-1542
1135.489,-1422
1135.522,-321
1135.555,-1846
1135.589,-762
1135.622,-673
1135.655,-788
1135.689,-934
1135.722,-937
1135.755,-1078
1135.789,-1102
1135.822,-1139
1135.855,-819
1135.889,-799
1135.922,-922
1135.955,-841
1135.989,-806
1136.022,-834
1136.055,-802
1136.089,-671
1136.122,-516
1136.155,-440
1136.189,-427
1136.222,-673
1136.255,-931
1136.289,-787
1136.322,-350
1136.355,140
1136.389,101
1136.422,-658
1136.455,-217
1136.489,-10
1136.522,554
1136.555,-49
1136.589,-739
1136.622,-517
1136.655,-254
1136.689,-306
1136.722,-338
1136.755,-323
1136.789,-160
1136.822,-76
1136.855,-45
1136.889,-14
1136.922,-15
1136.955,143
1136.989,438
1137.022,279
1137.055,159
1137.089,215
1137.122,312
1137.155,346
1137.189,356
1137.222,346
1137.255,193
1137.289,179
1137.322,324
1137.355,269
1137.389,184
1137.422,253
1137.455,276
1137.489,371
1137.522,627
1137.555,677
1137.589,410
1137.622,383
1137.655,706
1137.689,442
1137.722,115
1137.755,62
1137.789,45
1137.822,-15
1137.855,28
1137.889,34
1137.922,62
1137.955,-50
1137.989,-82
1138.022,0
1138.055,5
1138.089,21
1138.122,16
1138.155,93
1138.189,58
1138.222,-46
1138.255,38
1138.289,6
1138.322,13
1138.355,-32
1138.389,33
1138.422,-21
1138.455,-185
1138.489,-355
1138.522,-521
1138.555,-453
1138.589,-390
1138.622,-360
1138.655,-368
1138.689,-478
1138.722,-681
1138.755,-902
1138.789,-991
1138.822,-1271
1138.855,-1648
1138.889,-1746
1138.922,-1735
1138.955,-1080
1138.989,-1051
1139.022,-830
1139.055,-678
1139.089,-573
1139.122,-482
1139.155,-449
1139.189,-427
1139.222,-409
1139.255,-391
1139.289,-380
1139.322,-378
1139.355,-405
1139.389,-416
1139.422,-453
1139.455,-547
1139.489,-609
1139.522,-797
1139.555,-988
1139.589,-1340
1139.622,-1855
1139.655,-1679
1139.689,-1119
1139.722,-1092
1139.755,-937
1139.789,-827
1139.822,-789
1139.855,-487
1139.889,-374
1139.922,-553
1139.955,-802
1139.989,-800
1140.022,-772
1140.055,-911
1140.089,-1027
1140.122,-1199
1140.155,-1209
1140.189,-1173
1140.222,-1223
1140.255,-1469
1140.289,-1541
1140.322,-1462
1140.355,-1237
1140.389,-1014
1140.422,-856
1140.455,-759
1140.489,-751
1140.522,-751
1140.555,-712
1140.589,-696
1140.622,-746
1140.655,-781
1140.689,-812
1140.722,-876
1140.755,-954
1140.789,-1185
1140.822,-1672
1140.855,-1566
1140.889,-1194
1140.922,-926
1140.955,-730
1140.989,-584
1141.022,-487
1141.055,-465
1141.089,-514
1141.122,-620
1141.155,-752
1141.189,-850
1141.222,-995
1141.255,-1223
1141.289,-1348
1141.322,-1336
1141.355,-1233
1141.389,-1272
1141.422,-1445
1141.455,-1374
1141.489,-1301
1141.522,-1174
1141.555,-1039
1141.589,-951
1141.622,-880
1141.655,-756
1141.689,-645
1141.722,-588
1141.755,-513
1141.789,-412
1141.822,-325
1141.855,-269
1141.889,-65
1141.922,-143
1141.955,-478
1141.989,-530
1142.022,-382
1142.055,-135
1142.089,-16
1142.122,56
1142.155,-253
1142.189,-631
1142.222,94
1142.255,202
1142.289,327
1142.322,158
1142.355,142
1142.389,215
1142.422,302
1142.455,321
1142.489,266
1142.522,325
1142.555,300
1142.589,348
1142.622,334
1142.655,314
1142.689,311
1142.722,323
1142.755,345
1142.789,345
1142.822,259
1142.855,323
1142.889,308
1142.922,238
1142.955,218
1142.989,228
1143.022,245
1143.055,226
1143.089,151
1143.122,60
1143.155,-12
1143.189,9
1143.222,221
1143.255,395
1143.289,217
1143.322,57
1143.355,-109
1143.389,-70
1143.422,31
1143.455,117
1143.489,116
1143.522,-148
1143.555,-122
1143.589,7
1143.622,-81
1143.655,-129
1143.689,-133
1143.722,-85
1143.755,-127
1143.789,-169
1143.822,62
1143.855,-150
1143.889,-201
1143.922,-169
1143.955,-146
1143.989,-47
1144.022,73
1144.055,-89
1144.089,-149
1144.122,-200
1144.155,249
1144.189,338
1144.222,201
1144.255,210
1144.289,416
1144.322,-29
1144.355,72
1144.389,-304
1144.422,-1192
1144.455,229
1144.489,-334
1144.522,-328
1144.555,100
1144.589,-69
1144.622,-408
1144.655,-513
1144.689,-503
1144.722,-529
1144.755,-287
1144.789,-171
1144.822,-213
1144.855,-416
1144.889,-724
1144.922,-1071
1144.955,-1178
1144.989,-1203
1145.022,-1043
1145.055,-1039
1145.089,-1074
1145.122,-1104
1145.155,-1054
1145.189,-958
1145.222,-890
1145.255,-887
1145.289,-902
1145.322,-859
1145.355,-883
1145.389,-981
1145.422,-1054
1145.455,-1091
1145.489,-1134
1145.522,-1073
1145.555,-887
1145.589,-620
1145.622,-521
1145.655,-438
1145.689,-353
1145.722,-246
1145.755,-745
1145.789,-1072
1145.822,-230
1145.855,-367
1145.889,-552
1145.922,-115
1145.955,28
1145.989,-11
1146.022,226
1146.055,29
1146.089,369
1146.122,39
1146.155,78
1146.189,-975
1146.222,-170
1146.255,-150
1146.289,2
1146.322,-176
1146.355,-307
1146.389,-379
1146.422,-226
1146.455,-252
1146.489,110
1146.522,224
1146.555,229
1146.589,330
1146.622,416
1146.655,432
1146.689,457
1146.722,366
1146.755,342
1146.789,374
1146.822,397
1146.855,380
1146.889,354
1146.922,303
1146.955,305
1146.989,364
1147.022,452
1147.055,319
1147.089,264
1147.122,326
1147.155,300
1147.189,309
1147.222,327
1147.255,294
1147.289,224
1147.322,244
1147.355,408
1147.389,379
1147.422,257
1147.455,255
1147.489,291
1147.522,339
1147.555,262
1147.589,200
1147.622,262
1147.655,398
1147.689,463
1147.722,382
1147.755,186
1147.789,177
1147.822,255
1147.855,283
1147.889,265
1147.922,213
1147.955,198
1147.989,124
1148.022,-119
1148.055,-79
1148.089,-71
1148.122,-355
1148.155,-464
1148.189,-457
1148.222,-250
1148.255,-514
1148.289,-480
1148.322,-474
1148.355,-608
1148.389,-577
1148.422,-807
1148.455,-1260
1148.489,-1375
1148.522,-1369
1148.555,-1305
1148.589,-1285
1148.622,-1201
1148.655,-1017
1148.689,-839
1148.722,-756
1148.755,-747
1148.789,-735
1148.822,-770
1148.855,-810
1148.889,-843
1148.922,-863
1148.955,-899
1148.989,-1021
1149.022,-1168
1149.055,-1188
1149.089,-975
1149.122,-1025
1149.155,-1130
1149.189,-1160
1149.222,-1031
1149.255,-850
1149.289,-691
1149.322,-596
1149.355,-554
1149.389,-544
1149.422,-543
1149.455,-546
1149.489,-600
1149.522,-717
1149.555,-865
1149.589,-978
1149.622,-1301
1149.655,-1319
1149.689,-1222
1149.722,-1153
1149.755,-1077
1149.789,-1117
1149.822,-981
1149.855,-769
1149.889,-602
1149.922,-493
1149.955,-435
1149.989,-453
1150.022,-549
1150.055,-627
1150.088,-669
1150.122,-825
1150.155,-1055
1150.188,-1345
1150.222,-1489
1150.255,-1359
1150.288,-1083
1150.322,-1157
1150.355,-1254
1150.388,-1110
1150.422,-910
1150.455,-763
1150.488,-622
1150.522,-535
1150.555,-513
1150.588,-607
1150.622,-802
1150.655,-900
1150.688,-1038
1150.722,-1146
1150.755,-1088
1150.788,-1081
1150.822,-1021
1150.855,-1013
1150.888,-1270
1150.922,-1425
1150.955,-1127
1150.988,-773
1151.022,-577
1151.055,-459
1151.088,-424
1151.122,-441
1151.155,-542
1151.188,-602
1151.222,-632
1151.255,-740
1151.288,-1070
1151.322,-1146
1151.355,-1292
1151.388,-1264
1151.422,-1090
1151.455,-1331
1151.488,-1461
1151.522,-1355
1151.555,-1188
1151.588,-976
1151.622,-722
1151.655,-586
1151.688,-522
1151.722,-536
1151.755,-677
1151.788,-849
1151.822,-884
1151.855,-890
1151.888,-867
1151.922,-881
1151.955,-970
1151.988,-1066
1152.022,-1051
1152.055,-1201
1152.088,-1226
1152.122,-1070
1152.155,-850
1152.188,-662
1152.222,-505
1152.255,-471
1152.288,-516
1152.322,-582
1152.355,-604
1152.388,-534
1152.422,-462
1152.455,-444
1152.488,-502
1152.522,-398
1152.555,-505
1152.588,-616
1152.622,-984
1152.655,-995
1152.688,-774
1152.722,-616
1152.755,-488
1152.788,-354
1152.822,-165
1152.855,-425
1152.888,-119
1152.922,-330
1152.955,-127
1152.988,-43
1153.022,-181
1153.055,-439
1153.088,-523
1153.122,-414
1153.155,-559
1153.188,-574
1153.222,-556
1153.255,-635
1153.288,-766
1153.322,-888
1153.355,-805
1153.388,-1185
1153.422,-1416
1153.455,-1348
1153.488,-840
1153.522,-1045
1153.555,-816
1153.588,-713
1153.622,-729
1153.655,-828
1153.688,-963
1153.722,-1050
1153.755,-1104
1153.788,-1101
1153.822,-1076
1153.855,-980
1153.888,-977
1153.922,-942
1153.955,-829
1153.988,-749
1154.022,-637
1154.055,-516
1154.088,-424
1154.122,-321
1154.155,-242
1154.188,-190
1154.222,-265
1154.255,-212
1154.288,-1096
1154.322,-630
1154.355,-498
1154.388,-331
1154.422,-549
1154.455,-662
1154.488,-565
1154.522,-527
1154.555,-599
1154.588,-595
1154.622,-281
1154.655,-463
1154.688,-445
1154.722,-347
1154.755,-283
1154.788,-235
1154.822,-201
1154.855,-285
1154.888,-455
1154.922,-583
1154.955,-834
1154.988,-1204
1155.022,-1375
1155.055,-1043
1155.088,-931
1155.122,-909
1155.155,-1050
1155.188,-1127
1155.222,-1029
1155.255,-882
1155.288,-974
1155.322,-889
1155.355,-880
1155.388,-865
1155.422,-851
1155.455,-834
1155.488,-843
1155.522,-888
1155.555,-917
1155.588,-916
1155.622,-846
1155.655,-850
1155.688,-922
1155.722,-945
1155.755,-1045
1155.788,-1213
1155.822,-1311
1155.855,-1231
1155.888,-1036
1155.922,-888
1155.955,-988
1155.988,-1176
1156.022,-1134
1156.055,-971
1156.088,-782
1156.122,-689
1156.155,-638
1156.188,-657
1156.222,-758
1156.255,-851
1156.288,-879
1156.322,-937
1156.355,-1030
1156.388,-1078
1156.422,-1176
1156.455,-1155
1156.488,-992
1156.522,-915
1156.555,-1080
1156.588,-1235
1156.622,-1053
1156.655,-818
1156.688,-648
1156.722,-554
1156.755,-519
1156.788,-536
1156.822,-610
1156.855,-634
1156.888,-568
1156.922,-569
1156.955,-686
1156.988,-793
1157.022,-770
1157.055,-793
1157.088,-745
1157.122,-715
1157.155,-755
1157.188,-830
1157.222,-889
1157.255,-884
1157.288,-805
1157.322,-723
1157.355,-602
1157.388,-508
1157.422,-512
1157.455,-557
1157.488,-729
1157.522,-954
1157.555,-1157
1157.588,-1328
1157.622,-1822
1157.655,-1469
1157.688,-1304
1157.722,-1030
1157.755,-874
1157.788,-888
1157.822,-894
1157.855,-966
1157.888,-909
1157.922,-746
1157.955,-691
1157.988,-681
1158.022,-717
1158.055,-830
1158.088,-773
1158.122,-869
1158.155,-1006
1158.188,-1135
1158.222,-1117
1158.255,-1101
1158.288,-1004
1158.322,-982
1158.355,-1119
1158.388,-1186
1158.422,-986
1158.455,-755
1158.488,-562
1158.522,-247
1158.555,-431
1158.588,-1151
1158.622,-494
1158.655,-215
1158.688,-306
1158.722,-349
1158.755,-441
1158.788,-788
1158.822,-1059
1158.855,-908
1158.888,-937
1158.922,-957
1158.955,-996
1158.988,-976
1159.022,-1002
1159.055,-1098
1159.088,-1197
1159.122,-1156
1159.155,-1032
1159.188,-805
1159.222,-635
1159.255,-697
1159.288,-329
1159.322,-125
1159.355,245
1159.388,235
1159.422,-343
1159.455,-1029
1159.488,-879
1159.522,-934
1159.555,-924
1159.588,-960
1159.622,-1102
1159.655,-1148
1159.688,-1129
1159.722,-906
1159.755,-642
1159.788,-270
1159.822,-68
1159.855,-315
1159.888,-350
1159.922,-163
1159.955,-195
1159.988,-224
1160.022,-296
1160.055,-473
1160.088,-665
1160.122,-803
1160.155,-1289
1160.188,-1610
1160.222,-1487
1160.255,-1285
1160.288,-1263
1160.322,-1092
1160.355,-983
1160.388,-948
1160.422,-929
1160.455,-845
1160.488,-866
1160.522,-782
1160.555,-808
1160.588,-782
1160.622,-466
1160.655,-485
1160.688,-498
1160.722,-611
1160.755,-686
1160.788,-799
1160.822,-834
1160.855,-829
1160.888,-867
1160.922,-1099
1160.955,-912
1160.988,-1003
1161.022,-841
1161.055,-740
1161.088,-678
1161.122,-511
1161.155,-474
1161.188,-553
1161.222,-679
1161.255,-758
1161.288,-874
1161.322,-814
1161.355,-882
1161.388,-1086
1161.422,-1094
1161.455,-962
1161.488,-741
1161.522,-683
1161.555,-686
1161.588,-703
1161.622,-750
1161.655,-784
1161.688,-902
1161.722,-960
1161.755,-972
1161.788,-992
1161.822,-895
1161.855,-774
1161.888,-705
1161.922,-864
1161.955,-674
1161.988,-744
1162.022,-846
1162.055,-881
1162.088,-901
1162.122,-911
1162.155,-942
1162.188,-931
1162.222,-915
1162.255,-874
1162.288,-862
1162.322,-917
1162.355,-1040
1162.388,-1003
1162.422,-905
1162.455,-879
1162.488,-909
1162.522,-921
1162.555,-909
1162.588,-847
1162.622,-778
1162.655,-838
1162.688,-859
1162.722,-873
1162.755,-833
1162.788,-804
1162.822,-756
1162.855,-728
1162.888,-702
1162.922,-625
1162.955,-470
1162.988,-380
1163.022,-371
1163.055,-476
1163.088,-596
1163.122,-733
1163.155,-812
1163.188,-704
1163.222,-718
1163.255,-645
1163.288,-626
1163.322,-646
1163.355,-659
1163.388,-615
1163.422,-599
1163.455,-624
1163.488,-554
1163.522,-588
1163.555,-590
1163.588,-634
1163.622,-610
1163.655,-619
1163.688,-604
1163.722,-654
1163.755,-649
1163.788,-750
1163.822,-705
1163.855,-775
1163.888,-868
1163.922,-834
1163.955,-746
1163.988,-693
1164.022,-464
1164.055,-317
1164.088,-167
1164.122,-9
1164.155,104
1164.188,192
1164.222,213
1164.255,244
1164.288,370
1164.322,406
1164.355,466
1164.388,518
1164.422,531
1164.455,529
1164.488,497
1164.522,487
1164.555,517
1164.588,533
1164.622,542
1164.655,577
1164.688,610
1164.722,643
1164.755,679
1164.788,668
1164.822,683
1164.855,742
1164.888,785
1164.922,790
1164.955,798
1164.988,804
1165.022,801
1165.055,791
1165.088,783
1165.122,812
1165.155,807
1165.188,801
1165.222,799
1165.255,806
1165.288,790
1165.322,800
1165.355,812
1165.388,805
1165.422,813
1165.455,803
1165.488,799
1165.522,781
1165.555,792
1165.588,803
1165.622,816
1165.655,809
1165.688,802
1165.722,804
1165.755,795
1165.788,798
1165.822,794
1165.855,785
1165.888,783
1165.922,784
1165.955,768
1165.988,775
1166.022,797
1166.055,800
1166.088,805
1166.122,820
1166.155,812
1166.188,790
1166.222,791
1166.255,788
1166.288,784
1166.322,800
1166.355,799
1166.388,798
1166.422,793
1166.455,794
1166.488,779
1166.522,777
1166.555,782
1166.588,787
1166.622,796
1166.655,805
1166.688,791
1166.722,786
1166.755,803
1166.788,796
1166.822,792
1166.855,792
1166.888,780
1166.922,769
1166.955,764
1166.988,741
1167.022,717
1167.055,746
1167.088,735
1167.122,713
1167.155,725
1167.188,739
1167.222,715
1167.255,703
1167.288,696
1167.322,695
1167.355,672
1167.388,662
1167.422,643
1167.455,594
1167.488,515
1167.522,485
1167.555,508
1167.588,503
1167.622,471
1167.655,437
1167.688,385
1167.722,345
1167.755,351
1167.788,383
1167.822,360
1167.855,382
1167.888,313
1167.922,141
1167.955,91
1167.988,-36
1168.022,-112
1168.055,-156
1168.088,-206
1168.122,-262
1168.155,-449
1168.188,-486
1168.222,-598
1168.255,-742
1168.288,-711
1168.322,-796
1168.355,-750
1168.388,-753
1168.422,-708
1168.455,-645
1168.488,-640
1168.522,-625
1168.555,-624
1168.588,-571
1168.622,-655
1168.655,-759
1168.688,-632
1168.722,-660
1168.755,-660
1168.788,-658
1168.822,-715
1168.855,-810
1168.888,-847
1168.922,-908
1168.955,-947
1168.988,-947
1169.022,-942
1169.055,-880
1169.088,-815
1169.122,-736
1169.155,-680
1169.188,-601
1169.222,-519
1169.255,-494
1169.288,-565
1169.322,-741
1169.355,-897
1169.388,-982
1169.422,-1049
1169.455,-1052
1169.488,-823
1169.522,-852
1169.555,-900
1169.588,-926
1169.622,-944
1169.655,-924
1169.688,-911
1169.722,-896
1169.755,-872
1169.788,-864
1169.822,-898
1169.855,-928
1169.888,-951
1169.922,-956
1169.955,-1047
1169.988,-1032
1170.022,-915
1170.055,-906
1170.088,-920
1170.122,-927
1170.155,-869
1170.188,-788
1170.222,-784
1170.255,-871
1170.288,-1093
1170.322,-1148
1170.355,-1065
1170.388,-943
1170.422,-852
1170.455,-851
1170.488,-945
1170.522,-998
1170.555,-821
1170.588,-808
1170.622,-879
1170.655,-951
1170.688,-1046
1170.722,-1126
1170.755,-1118
1170.788,-1032
1170.822,-894
1170.855,-791
1170.888,-728
1170.922,-722
1170.955,-730
1170.988,-757
1171.022,-817
1171.055,-850
1171.088,-815
1171.122,-800
1171.155,-812
1171.188,-783
1171.222,-796
1171.255,-834
1171.288,-814
1171.322,-808
1171.355,-885
1171.388,-1012
1171.422,-1001
1171.455,-935
1171.488,-950
1171.522,-910
1171.555,-1319
1171.588,-1206
1171.622,-701
1171.655,-1116
1171.688,-791
1171.722,-790
1171.755,-844
1171.788,-821
1171.822,-752
1171.855,-725
1171.888,-730
1171.922,-701
1171.955,-636
1171.988,-584
1172.022,-590
1172.055,-556
1172.088,-538
1172.122,-539
1172.155,-546
1172.188,-558
1172.222,-586
1172.255,-639
1172.288,-620
1172.322,-582
1172.355,-508
1172.388,-395
1172.422,-325
1172.455,-288
1172.488,-254
1172.522,-213
1172.555,-167
1172.588,-164
1172.622,-180
1172.655,-223
1172.688,-249
1172.722,-264
1172.755,-223
1172.788,-281
1172.822,-352
1172.855,-312
1172.888,-288
1172.922,-304
1172.955,-290
1172.988,-306
1173.022,-361
1173.055,-361
1173.088,-395
1173.122,-423
1173.155,-395
1173.188,-307
1173.222,-139
1173.255,36
1173.288,261
1173.322,389
1173.355,369
1173.388,277
1173.422,205
1173.455,200
1173.488,331
1173.522,493
1173.555,540
1173.588,476
1173.622,397
1173.655,163
1173.688,-89
1173.722,-104
1173.755,-163
1173.788,-122
1173.822,-118
1173.855,-93
1173.888,-104
1173.922,-131
1173.955,-91
1173.988,-48
1174.022,-17
1174.055,16
1174.088,-22
1174.122,-19
1174.155,51
1174.188,-185
1174.222,44
1174.255,-32
1174.288,-79
1174.322,-133
1174.355,-115
1174.388,-154
1174.422,-121
1174.455,-57
1174.488,-8
1174.522,148
1174.555,256
1174.588,336
1174.622,499
1174.655,554
1174.688,651
1174.722,701
1174.755,699
1174.788,676
1174.822,707
1174.855,727
1174.888,747
1174.922,725
1174.955,733
1174.988,748
1175.022,746
1175.055,748
1175.088,752
1175.122,734
1175.155,746
1175.188,771
1175.222,783
1175.255,793
1175.288,791
1175.322,819
1175.355,830
1175.388,817
1175.422,809
1175.455,810
1175.488,803
1175.522,803
1175.555,798
1175.588,810
1175.622,814
1175.655,803
1175.688,813
1175.722,810
1175.755,820
1175.788,824
1175.822,830
1175.855,822
1175.888,803
1175.922,802
1175.955,818
1175.988,821
1176.022,815
1176.055,820
1176.088,830
1176.122,818
1176.155,803
1176.188,806
1176.222,816
1176.255,816
1176.288,817
1176.322,829
1176.355,826
1176.388,824
1176.422,822
1176.455,814
1176.488,808
1176.522,795
1176.555,789
1176.588,804
1176.622,812
1176.655,790
1176.688,801
1176.722,817
1176.755,810
1176.788,804
1176.822,812
1176.855,805
1176.888,794
1176.922,797
1176.955,793
1176.988,807
1177.022,803
1177.055,812
1177.088,807
1177.122,799
1177.155,790
1177.188,790
1177.222,804
1177.255,795
1177.288,783
1177.322,797
1177.355,785
1177.388,776
1177.422,768
1177.455,751
1177.488,747
1177.522,739
1177.555,769
1177.588,759
1177.622,765
1177.655,776
1177.688,771
1177.722,729
1177.755,718
1177.788,711
1177.822,689
1177.855,712
1177.888,749
1177.922,687
1177.955,631
1177.988,626
1178.022,597
1178.055,606
1178.088,570
1178.122,486
1178.155,436
1178.188,274
1178.222,175
1178.255,115
1178.288,110
1178.322,-16
1178.355,-110
1178.388,-178
1178.422,-180
1178.455,-230
1178.488,-172
1178.522,-114
1178.555,-131
1178.588,-121
1178.622,1
1178.655,-95
1178.688,-100
1178.722,-113
1178.755,-159
1178.788,-216
1178.822,-360
1178.855,-645
1178.888,-763
1178.922,-449
1178.955,-245
1178.988,-49
1179.022,242
1179.055,366
1179.088,319
1179.122,247
1179.155,133
1179.188,15
1179.222,-19
1179.255,-63
1179.288,-90
1179.322,-744
1179.355,-1030
1179.388,-286
1179.422,-318
1179.455,-427
1179.488,-422
1179.522,-442
1179.555,-438
1179.588,-448
1179.622,-458
1179.655,-442
1179.688,-420
1179.722,-411
1179.755,-412
1179.788,-410
1179.822,-402
1179.855,-399
1179.888,-402
1179.922,-411
1179.955,-424
1179.988,-422
1180.022,-416
1180.055,-420
1180.088,-414
1180.122,-380
1180.155,-344
1180.188,-367
1180.222,-399
1180.255,-445
1180.288,-484
1180.322,-516
1180.355,-471
1180.388,-472
1180.422,-551
1180.455,-534
1180.488,-605
1180.522,-649
1180.555,-712
1180.588,-772
1180.622,-936
1180.655,-951
1180.688,-868
1180.722,-805
1180.755,-754
1180.788,-713
1180.822,-872
1180.855,-1174
1180.888,-1195
1180.922,-1275
1180.955,-1267
1180.988,-1227
1181.022,-1095
1181.055,-932
1181.088,-788
1181.122,-729
1181.155,-701
1181.188,-655
1181.222,-641
1181.255,-697
1181.288,-774
1181.322,-877
1181.355,-953
1181.388,-1071
1181.422,-1019
1181.455,-963
1181.488,-974
1181.522,-998
1181.555,-1028
1181.588,-1070
1181.622,-989
1181.655,-871
1181.688,-785
1181.722,-823
1181.755,-747
1181.788,-626
1181.822,-899
1181.855,-1392
1181.888,-1461
1181.922,-1298
1181.955,-1115
1181.988,-1009
1182.022,-920
1182.055,-876
1182.088,-878
1182.122,-920
1182.155,-936
1182.188,-954
1182.222,-911
1182.255,-851
1182.288,-763
1182.322,-698
1182.355,-681
1182.388,-755
1182.422,-994
1182.455,-1249
1182.488,-1352
1182.522,-1338
1182.555,-1382
1182.588,-1359
1182.622,-1195
1182.655,-1120
1182.688,-994
1182.722,-867
1182.755,-761
1182.788,-705
1182.822,-644
1182.855,-617
1182.888,-607
1182.922,-676
1182.955,-639
1182.988,-760
1183.022,-798
1183.055,-653
1183.088,-793
1183.122,-689
1183.155,-627
1183.188,-623
1183.222,-573
1183.255,-543
1183.288,-514
1183.322,-610
1183.355,-758
1183.388,-978
1183.421,-899
1183.455,-757
1183.488,-689
1183.521,-606
1183.555,-594
1183.588,-603
1183.621,-626
1183.655,-634
1183.688,-700
1183.721,-833
1183.755,-1004
1183.788,-1170
1183.821,-832
1183.855,-301
1183.888,-123
1183.921,-368
1183.955,-584
1183.988,-408
1184.021,-401
1184.055,-378
1184.088,-332
1184.121,-158
1184.155,-93
1184.188,96
1184.221,78
1184.255,-235
1184.288,-796
1184.321,-1262
1184.355,-1225
1184.388,-603
1184.421,-778
1184.455,-917
1184.488,-755
1184.521,-681
1184.555,-756
1184.588,-876
1184.621,-781
1184.655,-813
1184.688,-1005
1184.721,-879
1184.755,-817
1184.788,-769
1184.821,-603
1184.855,-593
1184.888,-677
1184.921,-714
1184.955,-1017
1184.988,-1379
1185.021,-1252
1185.055,-1118
1185.088,-1044
1185.121,-922
1185.155,-842
1185.188,-818
1185.221,-803
1185.255,-821
1185.288,-889
1185.321,-941
1185.355,-1029
1185.388,-1068
1185.421,-1078
1185.455,-1071
1185.488,-1006
1185.521,-901
1185.555,-679
1185.588,-560
1185.621,-421
1185.655,-277
1185.688,-249
1185.721,-301
1185.755,-444
1185.788,-778
1185.821,-1109
1185.855,-1298
1185.888,-1237
1185.921,-834
1185.955,-543
1185.988,-695
1186.021,-668
1186.055,-742
1186.088,-677
1186.121,-547
1186.155,-589
1186.188,-579
1186.221,-491
1186.255,-633
1186.288,-609
1186.321,-634
1186.355,-563
1186.388,-649
1186.421,-694
1186.455,-705
1186.488,-724
1186.521,-660
1186.555,-565
1186.588,-578
1186.621,-612
1186.655,-824
1186.688,-631
1186.721,-628
1186.755,-705
1186.788,-689
1186.821,-683
1186.855,-655
1186.888,-624
1186.921,-667
1186.955,-734
1186.988,-774
1187.021,-742
1187.055,-1301
1187.088,-436
1187.121,-737
1187.155,-928
1187.188,-885
1187.221,-837
1187.255,-719
1187.288,-761
1187.321,-847
1187.355,-847
1187.388,-804
1187.421,-868
1187.455,-1061
1187.488,-1048
1187.521,-1026
1187.555,-960
1187.588,-744
1187.621,-710
1187.655,-704
1187.688,-807
1187.721,-1070
1187.755,-1381
1187.788,-1699
1187.821,-1532
1187.855,-1254
1187.888,-1181
1187.921,-864
1187.955,-687
1187.988,-736
1188.021,-851
1188.055,-912
1188.088,-952
1188.121,-975
1188.155,-909
1188.188,-1029
1188.221,-967
1188.255,-985
1188.288,-903
1188.321,-885
1188.355,-893
1188.388,-1028
1188.421,-1016
1188.455,-932
1188.488,-910
1188.521,-887
1188.555,-852
1188.588,-732
1188.621,-771
1188.655,-851
1188.688,-893
1188.721,-869
1188.755,-1014
1188.788,-1051
1188.821,-1150
1188.855,-1101
1188.888,-966
1188.921,-803
1188.955,-753
1188.988,-739
1189.021,-794
1189.055,-822
1189.088,-822
1189.121,-751
1189.155,-666
1189.188,-571
1189.221,-431
1189.255,-448
1189.288,-529
1189.321,-723
1189.355,-981
1189.388,-965
1189.421,-896
1189.455,-772
1189.488,-682
1189.521,-639
1189.555,-612
1189.588,-589
1189.621,-547
1189.655,-562
1189.688,-702
1189.721,-699
1189.755,-685
1189.788,-669
1189.821,-715
1189.855,-706
1189.888,-557
1189.921,-454
1189.955,-387
1189.988,-482
1190.021,-400
1190.055,-760
1190.088,-954
1190.121,-691
1190.155,-708
1190.188,-748
1190.221,-795
1190.255,-638
1190.288,-470
1190.321,-56
1190.355,-302
1190.388,-270
1190.421,-338
1190.455,-395
1190.488,-159
1190.521,-171
1190.555,-471
1190.588,-768
1190.621,-777
1190.655,-806
1190.688,-838
1190.721,-843
1190.755,-758
1190.788,-1056
1190.821,-1155
1190.855,-1113
1190.888,-1149
1190.921,-1196
1190.955,-1243
1190.988,-1114
1191.021,-1086
1191.055,-1128
1191.088,-1231
1191.121,-1375
1191.155,-1304
1191.188,-1334
1191.221,-1355
1191.255,-1439
1191.288,-1468
1191.321,-1391
1191.355,-1279
1191.388,-1206
1191.421,-1147
1191.455,-1062
1191.488,-977
1191.521,-869
1191.555,-766
1191.588,-674
1191.621,-705
1191.655,-754
1191.688,-734
1191.721,-745
1191.755,-702
1191.788,-653
1191.821,-667
1191.855,-702
1191.888,-689
1191.921,-722
1191.955,-793
1191.988,-932
1192.021,-865
1192.055,-811
1192.088,-783
1192.121,-744
1192.155,-751
1192.188,-834
1192.221,-904
1192.255,-953
1192.288,-970
1192.321,-930
1192.355,-880
1192.388,-830
1192.421,-768
1192.455,-756
1192.488,-740
1192.521,-700
1192.555,-653
1192.588,-635
1192.621,-608
1192.655,-631
1192.688,-669
1192.721,-697
1192.755,-708
1192.788,-671
1192.821,-731
1192.855,-780
1192.888,-954
1192.921,-1054
1192.955,-1047
1192.988,-974
1193.021,-1066
1193.055,-1174
1193.088,-1273
1193.121,-1334
1193.155,-1244
1193.188,-1386
1193.221,-1532
1193.255,-1619
1193.288,-1319
1193.321,-1027
1193.355,-1350
1193.388,-1484
1193.421,-1405
1193.455,-1272
1193.488,-1222
1193.521,-1034
1193.555,-962
1193.588,-885
1193.621,-983
1193.655,-681
1193.688,-482
1193.721,-426
1193.755,-389
1193.788,-281
1193.821,-338
1193.855,-363
1193.888,-288
1193.921,-384
1193.955,-572
1193.988,-765
1194.021,-588
1194.055,-398
1194.088,-361
1194.121,-470
1194.155,-706
1194.188,-955
1194.221,-1523
1194.255,-873
1194.288,-574
1194.321,-628
1194.355,-616
1194.388,-646
1194.421,-652
1194.455,-928
1194.488,-1224
1194.521,-1270
1194.555,-1250
1194.588,-1075
1194.621,-902
1194.655,-879
1194.688,-991
1194.721,-1132
1194.755,-1357
1194.788,-1637
1194.821,-1608
1194.855,-1248
1194.888,-1172
1194.921,-1049
1194.955,-873
1194.988,-753
1195.021,-722
1195.055,-721
1195.088,-697
1195.121,-720
1195.155,-798
1195.188,-799
1195.221,-796
1195.255,-731
1195.288,-918
1195.321,-1178
1195.355,-1345
1195.388,-1264
1195.421,-1170
1195.455,-947
1195.488,-864
1195.521,-760
1195.555,-769
1195.588,-794
1195.621,-946
1195.655,-920
1195.688,-904
1195.721,-859
1195.755,-672
1195.788,-674
1195.821,-553
1195.855,-453
1195.888,-485
1195.921,-594
1195.955,-749
1195.988,-859
1196.021,-967
1196.055,-1001
1196.088,-993
1196.121,-1030
1196.155,-951
1196.188,-816
1196.221,-673
1196.255,-548
1196.288,-453
1196.321,-464
1196.355,-507
1196.388,-576
1196.421,-692
1196.455,-864
1196.488,-934
1196.521,-941
1196.555,-803
1196.588,-708
1196.621,-756
1196.655,-866
1196.688,-817
1196.721,-753
1196.755,-782
1196.788,-703
1196.821,-694
1196.855,-738
1196.888,-682
1196.921,-682
1196.955,-698
1196.988,-688
1197.021,-683
1197.055,-667
1197.088,-443
1197.121,-318
1197.155,-260
1197.188,-526
1197.221,-578
1197.255,-849
1197.288,-727
1197.321,-651
1197.355,-772
1197.388,-587
1197.421,-672
1197.455,-794
1197.488,-743
1197.521,-692
1197.555,-674
1197.588,-743
1197.621,-874
1197.655,-923
1197.688,-935
1197.721,-1011
1197.755,-1003
1197.788,-954
1197.821,-914
1197.855,-893
1197.888,-910
1197.921,-841
1197.955,-825
1197.988,-928
1198.021,-1006
1198.055,-1046
1198.088,-1003
1198.121,-934
1198.155,-927
1198.188,-875
1198.221,-861
1198.255,-857
1198.288,-883
1198.321,-936
1198.355,-933
1198.388,-959
1198.421,-1005
1198.455,-922
1198.488,-808
1198.521,-802
1198.555,-975
1198.588,-1058
1198.621,-1038
1198.655,-1005
1198.688,-1061
1198.721,-1248
1198.755,-598
1198.788,-382
1198.821,-455
1198.855,-394
1198.888,-725
1198.921,-737
1198.955,-628
1198.988,-593
1199.021,-547
1199.055,-533
1199.088,-551
1199.121,-561
1199.155,-590
1199.188,-736
1199.221,-622
1199.255,-609
1199.288,-483
1199.321,-491
1199.355,-552
1199.388,-638
1199.421,-630
1199.455,-669
1199.488,-758
1199.521,-663
1199.555,-601
1199.588,-613
1199.621,-1636
1199.655,-851
1199.688,-367
1199.721,-568
1199.755,-481
1199.788,-671
1199.821,-633
1199.855,-760
1199.888,-875
1199.921,-859
1199.955,-871
1199.988,-909
1200.021,-935
1200.055,-1003
1200.088,-1053
1200.121,-1147
1200.155,-1255
1200.188,-1422
1200.221,-1157
1200.255,-954
1200.288,-943
1200.321,-938
1200.355,-916
1200.388,-872
1200.421,-909
1200.455,-854
1200.488,-836
1200.521,-849
1200.555,-920
1200.588,-958
1200.621,-958
1200.655,-941
1200.688,-942
1200.721,-930
1200.755,-973
1200.788,-973
1200.821,-918
1200.855,-903
1200.888,-958
1200.921,-1045
1200.955,-1079
1200.988,-1109
1201.021,-1186
1201.055,-1183
1201.088,-1074
1201.121,-1065
1201.155,-1122
1201.188,-1072
1201.221,-1005
1201.255,-854
1201.288,-531
1201.321,-741
1201.355,-865
1201.388,-878
1201.421,-911
1201.455,-883
1201.488,-748
1201.521,-798
1201.555,-871
1201.588,-802
1201.621,-836
1201.655,-833
1201.688,-861
1201.721,-806
1201.755,-860
1201.788,-923
1201.821,-831
1201.855,-804
1201.888,-665
1201.921,-601
1201.955,-582
1201.988,-567
1202.021,-727
1202.055,-797
1202.088,-816
1202.121,-804
1202.155,-860
1202.188,-782
1202.221,-793
1202.255,-782
1202.288,-773
1202.321,-789
1202.355,-776
1202.388,-852
1202.421,-850
1202.455,-835
1202.488,-885
1202.521,-960
1202.555,-1007
1202.588,-1069
1202.621,-1073
1202.655,-1076
1202.688,-1068
1202.721,-1060
1202.755,-1017
1202.788,-914
1202.821,-908
1202.855,-833
1202.888,-819
1202.921,-853
1202.955,-857
1202.988,-849
1203.021,-842
1203.055,-828
1203.088,-826
1203.121,-858
1203.155,-864
1203.188,-879
1203.221,-937
1203.255,-979
1203.288,-990
1203.321,-964
1203.355,-989
1203.388,-1019
1203.421,-1085
1203.455,-1180
1203.488,-1790
1203.521,-973
1203.555,-705
1203.588,-742
1203.621,-771
1203.655,-967
1203.688,-919
1203.721,-814
1203.755,-762
1203.788,-796
1203.821,-803
1203.855,-815
1203.888,-705
1203.921,-775
1203.955,-985
1203.988,-1001
1204.021,-909
1204.055,-937
1204.088,-862
1204.121,-871
1204.155,-900
1204.188,-867
1204.221,-909
1204.255,-990
1204.288,-864
1204.321,-824
1204.355,-842
1204.388,-807
1204.421,-816
1204.455,-794
1204.488,-828
1204.521,-768
1204.555,-852
1204.588,-886
1204.621,-1429
1204.655,-515
1204.688,-768
1204.721,-776
1204.755,-770
1204.788,-806
1204.821,-805
1204.855,-777
1204.888,-882
1204.921,-944
1204.955,-977
1204.988,-953
1205.021,-965
1205.055,-1017
1205.088,-1101
1205.121,-1208
1205.155,-1203
1205.188,-1199
1205.221,-1174
1205.255,-1219
1205.288,-1002
1205.321,-928
1205.355,-889
1205.388,-836
1205.421,-759
1205.455,-732
1205.488,-746
1205.521,-793
1205.555,-883
1205.588,-919
1205.621,-976
1205.655,-1036
1205.688,-995
1205.721,-941
1205.755,-965
1205.788,-945
1205.821,-918
1205.855,-906
1205.888,-888
1205.921,-918
1205.955,-922
1205.988,-911
1206.021,-771
1206.055,-676
1206.088,-730
1206.121,-838
1206.155,-898
1206.188,-841
1206.221,-955
1206.255,-963
1206.288,-953
1206.321,-1056
1206.355,-1129
1206.388,-1090
1206.421,-1100
1206.455,-1036
1206.488,-1019
1206.521,-873
1206.555,-866
1206.588,-604
1206.621,-682
1206.655,-748
1206.688,-750
1206.721,-741
1206.755,-675
1206.788,-748
1206.821,-813
1206.855,-808
1206.888,-795
1206.921,-768
1206.955,-850
1206.988,-794
1207.021,-814
1207.055,-803
1207.088,-836
1207.121,-860
1207.155,-900
1207.188,-753
1207.221,-855
1207.255,-878
1207.288,-587
1207.321,-634
1207.355,-822
1207.388,-733
1207.421,-866
1207.455,-1019
1207.488,-770
1207.521,-849
1207.555,-902
1207.588,-911
1207.621,-888
1207.655,-922
1207.688,-940
1207.721,-943
1207.755,-1079
1207.788,-1210
1207.821,-1269
1207.855,-1280
1207.888,-1286
1207.921,-1311
1207.955,-1305
1207.988,-1176
1208.021,-1029
1208.055,-927
1208.088,-855
1208.121,-802
1208.155,-757
1208.188,-832
1208.221,-808
1208.255,-763
1208.288,-724
1208.321,-717
1208.355,-727
1208.388,-730
1208.421,-740
1208.455,-743
1208.488,-829
1208.521,-889
1208.555,-987
1208.588,-1164
1208.621,-1377
1208.655,-1329
1208.688,-1381
1208.721,-1410
1208.755,-1531
1208.788,-1701
1208.821,-1133
1208.855,-1044
1208.888,-837
1208.921,-811
1208.955,-869
1208.988,-867
1209.021,-837
1209.055,-887
1209.088,-906
1209.121,-865
1209.155,-899
1209.188,-916
1209.221,-857
1209.255,-871
1209.288,-893
1209.321,-917
1209.355,-900
1209.388,-786
1209.421,-841
1209.455,-864
1209.488,-914
1209.521,-882
1209.555,-921
1209.588,-920
1209.621,-948
1209.655,-918
1209.688,-890
1209.721,-879
1209.755,-922
1209.788,-863
1209.821,-805
1209.855,-771
1209.888,-764
1209.921,-744
1209.955,-791
1209.988,-779
1210.021,-963
1210.055,-865
1210.088,-1110
1210.121,-935
1210.155,-891
1210.188,-1032
1210.221,-1102
1210.255,-1086
1210.288,-1029
1210.321,-1051
1210.355,-1122
1210.388,-1174
1210.421,-1251
1210.455,-1266
1210.488,-1166
1210.521,-1161
1210.555,-1177
1210.588,-1131
1210.621,-1016
1210.655,-943
1210.688,-841
1210.721,-761
1210.755,-739
1210.788,-760
1210.821,-730
1210.855,-694
1210.888,-649
1210.921,-690
1210.955,-714
1210.988,-721
1211.021,-706
1211.055,-770
1211.088,-932
1211.121,-979
1211.155,-1010
1211.188,-1016
1211.221,-1088
1211.255,-1031
1211.288,-872
1211.321,-786
1211.355,-767
1211.388,-802
1211.421,-850
1211.455,-905
1211.488,-911
1211.521,-870
1211.555,-918
1211.588,-904
1211.621,-838
1211.655,-813
1211.688,-828
1211.721,-915
1211.755,-1051
1211.788,-1200
1211.821,-1327
1211.855,-1224
1211.888,-1131
1211.921,-886
1211.955,-838
1211.988,-1103
1212.021,-1076
1212.055,-898
1212.088,-685
1212.121,-542
1212.155,-431
1212.188,-421
1212.221,-481
1212.255,-584
1212.288,-666
1212.321,-707
1212.355,-800
1212.388,-902
1212.421,-979
1212.455,-1083
1212.488,-1167
1212.521,-1241
1212.555,-1165
1212.588,-1224
1212.621,-1334
1212.655,-1247
1212.688,-1048
1212.721,-829
1212.755,-663
1212.788,-592
1212.821,-619
1212.855,-714
1212.888,-821
1212.921,-895
1212.955,-962
1212.988,-1068
1213.021,-988
1213.055,-995
1213.088,-920
1213.121,-797
1213.155,-1045
1213.188,-1462
1213.221,-1318
1213.255,-1006
1213.288,-755
1213.321,-645
1213.355,-595
1213.388,-592
1213.421,-621
1213.455,-675
1213.488,-810
1213.521,-889
1213.555,-882
1213.588,-855
1213.621,-934
1213.655,-958
1213.688,-986
1213.721,-1007
1213.755,-1141
1213.788,-1390
1213.821,-1506
1213.855,-1459
1213.888,-1280
1213.921,-1048
1213.955,-835
1213.988,-687
1214.021,-617
1214.055,-536
1214.088,-561
1214.121,-567
1214.155,-548
1214.188,-476
1214.221,-299
1214.255,-92
1214.288,18
1214.321,183
1214.355,168
1214.388,-268
1214.421,-426
1214.455,-179
1214.488,39
1214.521,165
1214.555,83
1214.588,-38
1214.621,-549
1214.655,-1096
1214.688,-732
1214.721,916
1214.755,1059
1214.788,271
1214.821,315
1214.855,575
1214.888,504
1214.921,473
1214.955,485
1214.988,413
1215.021,436
1215.055,550
1215.088,615
1215.121,601
1215.155,564
1215.188,607
1215.221,707
1215.255,670
1215.288,455
1215.321,544
1215.355,816
1215.388,593
1215.421,476
1215.455,362
1215.488,405
1215.521,565
1215.555,431
1215.588,398
1215.621,481
1215.655,380
1215.688,218
1215.721,49
1215.755,-66
1215.788,41
1215.821,171
1215.855,252
1215.888,734
1215.921,329
1215.955,225
1215.988,195
1216.021,-22
1216.055,-195
1216.088,-15
1216.121,-66
1216.155,-68
1216.188,-109
1216.221,-113
1216.255,-98
1216.288,-124
1216.321,-73
1216.355,-75
1216.388,-37
1216.421,-105
1216.455,-466
1216.488,-203
1216.521,390
1216.555,80
1216.588,190
1216.621,174
1216.655,-98
1216.688,202
1216.721,-208
1216.754,7
1216.788,-134
1216.821,2
1216.854,109
1216.888,153
1216.921,-102
1216.954,-361
1216.988,-546
1217.021,-790
1217.054,-627
1217.088,-540
1217.121,-513
1217.154,-567
1217.188,-527
1217.221,-600
1217.254,-869
1217.288,-1346
1217.321,-1616
1217.354,-1503
1217.388,-1411
1217.421,-1319
1217.454,-1116
1217.488,-946
1217.521,-833
1217.554,-714
1217.588,-747
1217.621,-811
1217.654,-948
1217.688,-1099
1217.721,-1116
1217.754,-871
1217.788,-772
1217.821,-759
1217.854,-821
1217.888,-883
1217.921,-975
1217.954,-970
1217.988,-967
1218.021,-953
1218.054,-754
1218.088,-584
1218.121,-569
1218.154,-641
1218.188,-496
1218.221,-253
1218.254,-963
1218.288,-335
1218.321,-99
1218.354,157
1218.388,-447
1218.421,-253
1218.454,-458
1218.488,430
1218.521,226
1218.554,137
1218.588,-837
1218.621,-422
1218.654,-163
1218.688,-364
1218.721,-410
1218.754,-463
1218.788,-330
1218.821,-188
1218.854,-169
1218.888,-123
1218.921,-30
1218.954,9
1218.988,239
1219.021,183
1219.054,109
1219.088,170
1219.121,288
1219.154,285
1219.188,340
1219.221,269
1219.254,224
1219.288,274
1219.321,367
1219.354,474
1219.388,449
1219.421,472
1219.454,421
1219.488,428
1219.521,429
1219.554,386
1219.588,288
1219.621,308
1219.654,375
1219.688,502
1219.721,468
1219.754,334
1219.788,134
1219.821,250
1219.854,117
1219.888,130
1219.921,106
1219.954,29
1219.988,18
1220.021,62
1220.054,71
1220.088,23
1220.121,90
1220.154,80
1220.188,18
1220.221,-61
1220.254,-130
1220.288,-105
1220.321,-242
1220.354,-470
1220.388,-439
1220.421,-368
1220.454,-228
1220.488,-308
1220.521,-449
1220.554,-730
1220.588,-971
1220.621,-1070
1220.654,-1281
1220.688,-1779
1220.721,-1857
1220.754,-1855
1220.788,-1607
1220.821,-1333
1220.854,-1114
1220.888,-916
1220.921,-837
1220.954,-759
1220.988,-680
1221.021,-711
1221.054,-808
1221.088,-872
1221.121,-1080
1221.154,-1105
1221.188,-1131
1221.221,-1297
1221.254,-1349
1221.288,-1283
1221.321,-1125
1221.354,-990
1221.388,-834
1221.421,-780
1221.454,-794
1221.488,-791
1221.521,-724
1221.554,-676
1221.588,-617
1221.621,-582
1221.654,-604
1221.688,-654
1221.721,-799
1221.754,-1088
1221.788,-1173
1221.821,-1546
1221.854,-1811
1221.888,-1315
1221.921,-1088
1221.954,-839
1221.988,-661
1222.021,-550
1222.054,-480
1222.088,-465
1222.121,-530
1222.154,-648
1222.188,-811
1222.221,-919
1222.254,-1020
1222.288,-1011
1222.321,-1110
1222.354,-1143
1222.388,-1037
1222.421,-987
1222.454,-1314
1222.488,-1456
1222.521,-1393
1222.554,-1204
1222.588,-1014
1222.621,-841
1222.654,-690
1222.688,-686
1222.721,-743
1222.754,-734
1222.788,-705
1222.821,-836
1222.854,-986
1222.888,-941
1222.921,-1091
1222.954,-947
1222.988,-840
1223.021,-1256
1223.054,-1634
1223.088,-1375
1223.121,-1140
1223.154,-881
1223.188,-696
1223.221,-622
1223.254,-603
1223.288,-542
1223.321,-537
1223.354,-624
1223.388,-680
1223.421,-944
1223.454,-1050
1223.488,-1031
1223.521,-902
1223.554,-734
1223.588,-724
1223.621,-707
1223.654,-935
1223.688,-1063
1223.721,-1050
1223.754,-965
1223.788,-813
1223.821,-705
1223.854,-626
1223.888,-501
1223.921,-392
1223.954,-441
1223.988,-521
1224.021,-611
1224.054,-492
1224.088,-635
1224.121,-1828
1224.154,-92
1224.188,588
1224.221,213
1224.254,126
1224.288,124
1224.321,159
1224.354,112
1224.388,59
1224.421,155
1224.454,155
1224.488,55
1224.521,134
1224.554,116
1224.588,62
1224.621,129
1224.654,160
1224.688,197
1224.721,183
1224.754,154
1224.788,186
1224.821,202
1224.854,171
1224.888,204
1224.921,154
1224.954,133
1224.988,139
1225.021,62
1225.054,67
1225.088,110
1225.121,112
1225.154,90
1225.188,107
1225.221,163
1225.254,186
1225.288,138
1225.321,85
1225.354,120
1225.388,142
1225.421,133
1225.454,86
1225.488,55
1225.521,-91
1225.554,-144
1225.588,-84
1225.621,-134
1225.654,-158
1225.688,-58
1225.721,-114
1225.754,-137
1225.788,-185
1225.821,-177
1225.854,-145
1225.888,-118
1225.921,-179
1225.954,-209
1225.988,-159
1226.021,-135
1226.054,-155
1226.088,-149
1226.121,-109
1226.154,-114
1226.188,-77
1226.221,-153
1226.254,-283
1226.288,-307
1226.321,-602
1226.354,264
1226.388,180
1226.421,-195
1226.454,241
1226.488,165
1226.521,-302
1226.554,-184
1226.588,205
1226.621,-495
1226.654,-570
1226.688,-119
1226.721,-312
1226.754,-402
1226.788,-528
1226.821,-400
1226.854,-354
1226.888,-417
1226.921,-375
1226.954,-195
1226.988,-242
1227.021,-345
1227.054,-454
1227.088,-588
1227.121,-829
1227.154,-810
1227.188,-878
1227.221,-968
1227.254,-940
1227.288,-1037
1227.321,-1028
1227.354,-882
1227.388,-891
1227.421,-896
1227.454,-942
1227.488,-940
1227.521,-926
1227.554,-918
1227.588,-914
1227.621,-931
1227.654,-935
1227.688,-809
1227.721,-803
1227.754,-908
1227.788,-1019
1227.821,-1049
1227.854,-1025
1227.888,-876
1227.921,-767
1227.954,-598
1227.988,-591
1228.021,-561
1228.054,-463
1228.088,-644
1228.121,-720
1228.154,-473
1228.188,-265
1228.221,-248
1228.254,-283
1228.288,-480
1228.321,30
1228.354,-290
1228.388,-1139
1228.421,-320
1228.454,-161
1228.488,364
1228.521,254
1228.554,188
1228.588,-1242
1228.621,79
1228.654,76
1228.688,-17
1228.721,-152
1228.754,-14
1228.788,-81
1228.821,-453
1228.854,-230
1228.888,-284
1228.921,-62
1228.954,164
1228.988,104
1229.021,215
1229.054,298
1229.088,531
1229.121,372
1229.154,379
1229.188,377
1229.221,484
1229.254,365
1229.288,317
1229.321,269
1229.354,244
1229.388,334
1229.421,518
1229.454,358
1229.488,-377
1229.521,-190
1229.554,-118
1229.588,288
1229.621,404
1229.654,183
1229.688,63
1229.721,121
1229.754,193
1229.788,206
1229.821,30
1229.854,-9
1229.888,63
1229.921,19
1229.954,90
1229.988,136
1230.021,154
1230.054,156
1230.088,137
1230.121,189
1230.154,100
1230.188,124
1230.221,137
1230.254,160
1230.288,146
1230.321,173
1230.354,197
1230.388,154
1230.421,194
1230.454,158
1230.488,81
1230.521,55
1230.554,54
1230.588,-50
1230.621,-32
1230.654,47
1230.688,56
1230.721,234
1230.754,290
1230.788,79
1230.821,-39
1230.854,-284
1230.888,-321
1230.921,-295
1230.954,-193
1230.988,-131
1231.021,-371
1231.054,-569
1231.088,-699
1231.121,-1038
1231.154,-1547
1231.188,-1488
1231.221,-1156
1231.254,-1354
1231.288,-1664
1231.321,-1350
1231.354,-1083
1231.388,-1107
1231.421,-865
1231.454,-850
1231.488,-923
1231.521,-1033
1231.554,-1051
1231.588,-998
1231.621,-980
1231.654,-945
1231.688,-966
1231.721,-935
1231.754,-915
1231.788,-901
1231.821,-931
1231.854,-933
1231.888,-965
1231.921,-1138
1231.954,-1124
1231.988,-1184
1232.021,-1168
1232.054,-999
1232.088,-1032
1232.121,-1124
1232.154,-1068
1232.188,-905
1232.221,-755
1232.254,-713
1232.288,-694
1232.321,-733
1232.354,-823
1232.388,-904
1232.421,-946
1232.454,-954
1232.488,-1078
1232.521,-1095
1232.554,-1238
1232.588,-1197
1232.621,-1018
1232.654,-869
1232.688,-1055
1232.721,-1259
1232.754,-1092
1232.788,-940
1232.821,-761
1232.854,-621
1232.888,-587
1232.921,-610
1232.954,-681
1232.988,-752
1233.021,-820
1233.054,-874
1233.088,-1019
1233.121,-1128
1233.154,-1216
1233.188,-1391
1233.221,-1254
1233.254,-1099
1233.288,-1109
1233.321,-1226
1233.354,-1220
1233.388,-1122
1233.421,-850
1233.454,-667
1233.488,-582
1233.521,-536
1233.554,-552
1233.588,-660
1233.621,-805
1233.654,-951
1233.688,-1064
1233.721,-1162
1233.754,-1248
1233.788,-1343
1233.821,-1196
1233.854,-926
1233.888,-994
1233.921,-1318
1233.954,-1126
1233.988,-858
1234.021,-651
1234.054,-548
1234.088,-468
1234.121,-463
1234.154,-568
1234.188,-698
1234.221,-769
1234.254,-884
1234.288,-932
1234.321,-1110
1234.354,-1233
1234.388,-1322
1234.421,-1199
1234.454,-1053
1234.488,-1167
1234.521,-1305
1234.554,-1291
1234.588,-1139
1234.621,-897
1234.654,-756
1234.688,-652
1234.721,-625
1234.754,-671
1234.788,-756
1234.821,-790
1234.854,-873
1234.888,-1011
1234.921,-1048
1234.954,-1233
1234.988,-1132
1235.021,-866
1235.054,-724
1235.088,-900
1235.121,-984
1235.154,-669
1235.188,-813
1235.221,-841
1235.254,-835
1235.288,-818
1235.321,-739
1235.354,-691
1235.388,-668
1235.421,-696
1235.454,-795
1235.488,-605
1235.521,-646
1235.554,-921
1235.588,-819
1235.621,-727
1235.654,-574
1235.688,-457
1235.721,-401
1235.754,-440
1235.788,-520
1235.821,-295
1235.854,-474
1235.888,-225
1235.921,-210
1235.954,-164
1235.988,-426
1236.021,-544
1236.054,-673
1236.088,-653
1236.121,-627
1236.154,-582
1236.188,-540
1236.221,-650
1236.254,-786
1236.288,-732
1236.321,-893
1236.354,-1037
1236.388,-1068
1236.421,-788
1236.454,-1097
1236.488,-739
1236.521,-761
1236.554,-785
1236.588,-831
1236.621,-949
1236.654,-1028
1236.688,-1109
1236.721,-873
1236.754,-933
1236.788,-899
1236.821,-916
1236.854,-915
1236.888,-860
1236.921,-850
1236.954,-722
1236.988,-618
1237.021,-566
1237.054,-528
1237.088,-500
1237.121,-567
1237.154,-548
1237.188,-461
1237.221,-369
1237.254,-329
1237.288,-1017
1237.321,-674
1237.354,-244
1237.388,-163
1237.421,-531
1237.454,-622
1237.488,-461
1237.521,-471
1237.554,-380
1237.588,-304
1237.621,-396
1237.654,-419
1237.688,-445
1237.721,-336
1237.754,-512
1237.788,-592
1237.821,-338
1237.854,-471
1237.888,-438
1237.921,-290
1237.954,-226
1237.988,-272
1238.021,-348
1238.054,-568
1238.088,-1056
1238.121,-1271
1238.154,-1419
1238.188,-1360
1238.221,-1200
1238.254,-1182
1238.288,-1159
1238.321,-1019
1238.354,-1161
1238.388,-1060
1238.421,-867
1238.454,-994
1238.488,-979
1238.521,-968
1238.554,-939
1238.588,-945
1238.621,-1041
1238.654,-1106
1238.688,-1130
1238.721,-1032
1238.754,-987
1238.788,-924
1238.821,-881
1238.854,-901
1238.888,-901
1238.921,-908
1238.954,-936
1238.988,-953
1239.021,-1008
1239.054,-1011
1239.088,-922
1239.121,-934
1239.154,-1053
1239.188,-1227
1239.221,-1177
1239.254,-1023
1239.288,-871
1239.321,-770
1239.354,-735
1239.388,-732
1239.421,-743
1239.454,-800
1239.488,-795
1239.521,-794
1239.554,-833
1239.588,-851
1239.621,-911
1239.654,-1157
1239.688,-1423
1239.721,-1472
1239.754,-1370
1239.788,-1249
1239.821,-1239
1239.854,-1196
1239.888,-1077
1239.921,-892
1239.954,-747
1239.988,-680
1240.021,-684
1240.054,-741
1240.088,-730
1240.121,-752
1240.154,-802
1240.188,-839
1240.221,-854
1240.254,-915
1240.288,-1097
1240.321,-1160
1240.354,-1233
1240.388,-1030
1240.421,-1010
1240.454,-1178
1240.488,-1034
1240.521,-826
1240.554,-673
1240.588,-610
1240.621,-585
1240.654,-583
1240.688,-664
1240.721,-724
1240.754,-746
1240.788,-714
1240.821,-747
1240.854,-883
1240.888,-911
1240.921,-968
1240.954,-921
1240.988,-958
1241.021,-1044
1241.054,-1195
1241.088,-1282
1241.121,-1222
1241.154,-1054
1241.188,-900
1241.221,-816
1241.254,-749
1241.288,-731
1241.321,-701
1241.354,-644
1241.388,-586
1241.421,-548
1241.454,-520
1241.488,-528
1241.521,-487
1241.554,-580
1241.588,-810
1241.621,-1133
1241.654,-1348
1241.688,-1379
1241.721,-1510
1241.754,-1447
1241.788,-1177
1241.821,-1039
1241.854,-956
1241.888,-890
1241.921,-716
1241.954,-736
1241.988,-715
1242.021,-568
1242.054,-389
1242.088,-418
1242.121,-621
1242.154,-686
1242.188,-651
1242.221,-593
1242.254,-584
1242.288,-659
1242.321,-718
1242.354,-793
1242.388,-836
1242.421,-965
1242.454,-1074
1242.488,-1063
1242.521,-1057
1242.554,-1061
1242.588,-1053
1242.621,-1080
1242.654,-1079
1242.688,-1167
1242.721,-1144
1242.754,-1169
1242.788,-1134
1242.821,-1165
1242.854,-1157
1242.888,-1026
1242.921,-974
1242.954,-790
1242.988,-783
1243.021,-724
1243.054,-575
1243.088,-393
1243.121,-436
1243.154,-492
1243.188,-517
1243.221,-566
1243.254,-604
1243.288,-745
1243.321,-824
1243.354,-1076
1243.388,-1170
1243.421,-977
1243.454,-1127
1243.488,-1214
1243.521,-1224
1243.554,-1304
1243.588,-1211
1243.621,-978
1243.654,-906
1243.688,-775
1243.721,-675
1243.754,-591
1243.788,-380
1243.821,-336
1243.854,-261
1243.888,-295
1243.921,-349
1243.954,-327
1243.988,-335
1244.021,-543
1244.054,-629
1244.088,-695
1244.121,-722
1244.154,-880
1244.188,-943
1244.221,-1013
1244.254,-968
1244.288,-957
1244.321,-963
1244.354,-975
1244.388,-867
1244.421,-799
1244.454,-660
1244.488,-595
1244.521,-517
1244.554,-541
1244.588,-681
1244.621,-728
1244.654,-782
1244.688,-924
1244.721,-975
1244.754,-1022
1244.788,-1094
1244.821,-1124
1244.854,-1146
1244.888,-1081
1244.921,-920
1244.954,-835
1244.988,-1031
1245.021,-988
1245.054,-728
1245.088,-542
1245.121,-674
1245.154,-580
1245.188,-563
1245.221,-584
1245.254,-676
1245.288,-522
1245.321,-617
1245.354,-612
1245.388,-594
1245.421,-643
1245.454,-637
1245.488,-745
1245.521,-878
1245.554,-1261
1245.588,-1270
1245.621,-1174
1245.654,-1135
1245.688,-1226
1245.721,-1207
1245.754,-1268
1245.788,-1407
1245.821,-1278
1245.854,-1163
1245.888,-1100
1245.921,-977
1245.954,-794
1245.988,-646
1246.021,-603
1246.054,-667
1246.088,-552
1246.121,-395
1246.154,-335
1246.188,-459
1246.221,-608
1246.254,-875
1246.288,-937
1246.321,-1073
1246.354,-1251
1246.388,-1226
1246.421,-1063
1246.454,-1048
1246.488,-993
1246.521,-918
1246.554,-951
1246.588,-851
1246.621,-724
1246.654,-704
1246.688,-642
1246.721,-515
1246.754,-481
1246.788,-496
1246.821,-581
1246.854,-572
1246.888,-808
1246.921,-953
1246.954,-954
1246.988,-825
1247.021,-728
1247.054,-789
1247.088,-1201
1247.121,-1210
1247.154,-1041
1247.188,-876
1247.221,-725
1247.254,-644
1247.288,-634
1247.321,-676
1247.354,-772
1247.388,-834
1247.421,-796
1247.454,-775
1247.488,-751
1247.521,-737
1247.554,-755
1247.588,-852
1247.621,-898
1247.654,-899
1247.688,-856
1247.721,-959
1247.754,-998
1247.788,-864
1247.821,-733
1247.854,-711
1247.888,-805
1247.921,-974
1247.954,-999
1247.988,-1010
1248.021,-975
1248.054,-914
1248.088,-903
1248.121,-913
1248.154,-925
1248.188,-938
1248.221,-948
1248.254,-960
1248.288,-957
1248.321,-912
1248.354,-881
1248.388,-886
1248.421,-901
1248.454,-952
1248.488,-1054
1248.521,-1054
1248.554,-987
1248.588,-944
1248.621,-905
1248.654,-912
1248.688,-935
1248.721,-963
1248.754,-995
1248.788,-996
1248.821,-980
1248.854,-970
1248.888,-970
1248.921,-948
1248.954,-928
1248.988,-976
1249.021,-1077
1249.054,-1030
1249.088,-907
1249.121,-847
1249.154,-822
1249.188,-836
1249.221,-872
1249.254,-928
1249.288,-951
1249.321,-893
1249.354,-881
1249.388,-996
1249.421,-1054
1249.454,-975
1249.488,-941
1249.521,-932
1249.554,-927
1249.588,-913
1249.621,-911
1249.654,-911
1249.688,-903
1249.721,-922
1249.754,-944
1249.788,-892
1249.821,-920
1249.854,-974
1249.888,-982
1249.921,-949
1249.954,-940
1249.988,-939
1250.021,-966
1250.054,-963
1250.087,-931
1250.121,-923
1250.154,-928
1250.187,-934
1250.221,-909
1250.254,-889
1250.287,-886
1250.321,-978
1250.354,-1085
1250.387,-1024
1250.421,-839
1250.454,-753
1250.487,-808
1250.521,-937
1250.554,-979
1250.587,-967
1250.621,-931
1250.654,-894
1250.687,-888
1250.721,-907
1250.754,-912
1250.787,-872
1250.821,-897
1250.854,-823
1250.887,-774
1250.921,-745
1250.954,-685
1250.987,-613
1251.021,-533
1251.054,-503
1251.087,-518
1251.121,-561
1251.154,-599
1251.187,-641
1251.221,-711
1251.254,-765
1251.287,-783
1251.321,-798
1251.354,-780
1251.387,-711
1251.421,-700
1251.454,-691
1251.487,-634
1251.521,-649
1251.554,-638
1251.587,-647
1251.621,-651
1251.654,-647
1251.687,-673
1251.721,-686
1251.754,-674
1251.787,-670
1251.821,-697
1251.854,-696
1251.887,-700
1251.921,-716
1251.954,-716
1251.987,-773
1252.021,-790
1252.054,-805
1252.087,-754
1252.121,-739
1252.154,-651
1252.187,-561
1252.221,-470
1252.254,-323
1252.287,-220
1252.321,-158
1252.354,-16
1252.387,26
1252.421,119
1252.454,192
1252.487,251
1252.521,348
1252.554,410
1252.587,460
1252.621,516
1252.654,501
1252.687,523
1252.721,501
1252.754,483
1252.787,474
1252.821,483
1252.854,507
1252.887,560
1252.921,602
1252.954,639
1252.987,668
1253.021,691
1253.054,716
1253.087,743
1253.121,753
1253.154,761
1253.187,784
1253.221,785
1253.254,779
1253.287,794
1253.321,794
1253.354,793
1253.387,803
1253.421,796
1253.454,803
1253.487,806
1253.521,803
1253.554,813
1253.587,806
1253.621,807
1253.654,820
1253.687,832
1253.721,829
1253.754,816
1253.787,832
1253.821,831
1253.854,822
1253.887,809
1253.921,828
1253.954,845
1253.987,844
1254.021,839
1254.054,838
1254.087,836
1254.121,824
1254.154,832
1254.187,830
1254.221,825
1254.254,831
1254.287,826
1254.321,823
1254.354,827
1254.387,824
1254.421,835
1254.454,844
1254.487,835
1254.521,827
1254.554,828
1254.587,816
1254.621,821
1254.654,815
1254.687,815
1254.721,825
1254.754,812
1254.787,801
1254.821,786
1254.854,775
1254.887,778
1254.921,798
1254.954,789
1254.987,783
1255.021,730
1255.054,703
1255.087,697
1255.121,663
1255.154,637
1255.187,564
1255.221,494
1255.254,506
1255.287,514
1255.321,484
1255.354,458
1255.387,378
1255.421,306
1255.454,273
1255.487,311
1255.521,339
1255.554,330
1255.587,279
1255.621,213
1255.654,117
1255.687,-3
1255.721,-74
1255.754,-158
1255.787,-210
1255.821,-296
1255.854,-368
1255.887,-361
1255.921,-396
1255.954,-378
1255.987,-489
1256.021,-503
1256.054,-521
1256.087,-542
1256.121,-554
1256.154,-576
1256.187,-548
1256.221,-574
1256.254,-572
1256.287,-558
1256.321,-583
1256.354,-609
1256.387,-675
1256.421,-838
1256.454,-770
1256.487,-629
1256.521,-603
1256.554,-607
1256.587,-617
1256.621,-643
1256.654,-658
1256.687,-665
1256.721,-690
1256.754,-710
1256.787,-789
1256.821,-872
1256.854,-852
1256.887,-978
1256.921,-1046
1256.954,-963
1256.987,-873
1257.021,-772
1257.054,-704
1257.087,-632
1257.121,-599
1257.154,-745
1257.187,-1191
1257.221,-1575
1257.254,-1340
1257.287,-1107
1257.321,-1077
1257.354,-1209
1257.387,-955
1257.421,-691
1257.454,-787
1257.487,-744
1257.521,-788
1257.554,-812
1257.587,-914
1257.621,-1053
1257.654,-1142
1257.687,-943
1257.721,-923
1257.754,-955
1257.787,-924
1257.821,-911
1257.854,-912
1257.887,-950
1257.921,-954
1257.954,-959
1257.987,-980
1258.021,-970
1258.054,-954
1258.087,-953
1258.121,-915
1258.154,-902
1258.187,-924
1258.221,-1002
1258.254,-1062
1258.287,-1023
1258.321,-972
1258.354,-966
1258.387,-947
1258.421,-962
1258.454,-1018
1258.487,-1078
1258.521,-1125
1258.554,-1078
1258.587,-1034
1258.621,-999
1258.654,-957
1258.687,-964
1258.721,-939
1258.754,-875
1258.787,-826
1258.821,-810
1258.854,-786
1258.887,-743
1258.921,-803
1258.954,-888
1258.987,-854
1259.021,-673
1259.054,-772
1259.087,-986
1259.121,-1015
1259.154,-947
1259.187,-1014
1259.221,-1038
1259.254,-896
1259.287,-819
1259.321,-880
1259.354,-1011
1259.387,-1245
1259.421,-1118
1259.454,-1043
1259.487,-981
1259.521,-916
1259.554,-824
1259.587,-746
1259.621,-713
1259.654,-722
1259.687,-788
1259.721,-752
1259.754,-678
1259.787,-604
1259.821,-562
1259.854,-562
1259.887,-562
1259.921,-573
1259.954,-526
1259.987,-601
1260.021,-642
1260.054,-649
1260.087,-574
1260.121,-509
1260.154,-474
1260.187,-460
1260.221,-448
1260.254,-427
1260.287,-382
1260.321,-322
1260.354,-277
1260.387,-227
1260.421,-213
1260.454,-221
1260.487,-249
1260.521,-259
1260.554,-248
1260.587,-220
1260.621,-201
1260.654,-198
1260.687,-257
1260.721,-365
1260.754,-404
1260.787,-362
1260.821,-321
1260.854,-285
1260.887,-316
1260.921,-313
1260.954,-280
1260.987,-253
1261.021,-245
1261.054,-231
1261.087,-255
1261.121,-280
1261.154,-309
1261.187,-360
1261.221,-361
1261.254,-329
1261.287,-234
1261.321,-147
1261.354,-72
1261.387,35
1261.421,125
1261.454,235
1261.487,272
1261.521,272
1261.554,269
1261.587,360
1261.621,476
1261.654,589
1261.687,642
1261.721,635
1261.754,613
1261.787,560
1261.821,419
1261.854,221
1261.887,-15
1261.921,-203
1261.954,-183
1261.987,-42
1262.021,25
1262.054,102
1262.087,138
1262.121,106
1262.154,81
1262.187,90
1262.221,72
1262.254,79
1262.287,94
1262.321,105
1262.354,100
1262.387,107
1262.421,57
1262.454,141
1262.487,119
1262.521,102
1262.554,86
1262.587,78
1262.621,49
1262.654,-41
1262.687,0
1262.721,-99
1262.754,-52
1262.787,-29
1262.821,-47
1262.854,-22
1262.887,36
1262.921,67
1262.954,91
1262.987,203
1263.021,298
1263.054,370
1263.087,456
1263.121,515
1263.154,593
1263.187,642
1263.221,659
1263.254,725
1263.287,734
1263.321,746
1263.354,753
1263.387,757
1263.421,761
1263.454,771
1263.487,776
1263.521,771
1263.554,773
1263.587,770
1263.621,762
1263.654,763
1263.687,762
1263.721,761
1263.754,769
1263.787,795
1263.821,811
1263.854,817
1263.887,820
1263.921,815
1263.954,814
1263.987,821
1264.021,838
1264.054,832
1264.087,815
1264.121,805
1264.154,806
1264.187,802
1264.221,811
1264.254,815
1264.287,829
1264.321,809
1264.354,819
1264.387,818
1264.421,814
1264.454,820
1264.487,812
1264.521,813
1264.554,824
1264.587,814
1264.621,818
1264.654,818
1264.687,810
1264.721,824
1264.754,815
1264.787,816
1264.821,817
1264.854,815
1264.887,824
1264.921,827
1264.954,818
1264.987,824
1265.021,820
1265.054,820
1265.087,819
1265.121,819
1265.154,811
1265.187,804
1265.221,815
1265.254,825
1265.287,823
1265.321,840
1265.354,836
1265.387,825
1265.421,815
1265.454,807
1265.487,812
1265.521,810
1265.554,823
1265.587,826
1265.621,841
1265.654,836
1265.687,828
1265.721,823
1265.754,820
1265.787,810
1265.821,815
1265.854,829
1265.887,827
1265.921,828
1265.954,825
1265.987,820
1266.021,815
1266.054,817
1266.087,812
1266.121,815
1266.154,826
1266.187,832
1266.221,827
1266.254,826
1266.287,816
1266.321,801
1266.354,794
1266.387,782
1266.421,773
1266.454,782
1266.487,794
1266.521,807
1266.554,805
1266.587,815
1266.621,796
1266.654,776
1266.687,739
1266.721,739
1266.754,755
1266.787,770
1266.821,797
1266.854,837
1266.887,830
1266.921,786
1266.954,789
1266.987,765
1267.021,716
1267.054,631
1267.087,595
1267.121,524
1267.154,405
1267.187,309
1267.221,288
1267.254,170
1267.287,183
1267.321,81
1267.354,88
1267.387,-2
1267.421,-9
1267.454,-27
1267.487,16
1267.521,15
1267.554,1
1267.587,-5
1267.621,-62
1267.654,-93
1267.687,-93
1267.721,-29
1267.754,-5
1267.787,-29
1267.821,-64
1267.854,-147
1267.887,-214
1267.921,-294
1267.954,-493
1267.987,-737
1268.021,-533
1268.054,-235
1268.087,30
1268.121,288
1268.154,531
1268.187,683
1268.221,628
1268.254,546
1268.287,524
1268.321,434
1268.354,402
1268.387,332
1268.421,135
1268.454,-30
1268.487,-207
1268.521,-566
1268.554,-1591
1268.587,-534
1268.621,-296
1268.654,-535
1268.687,-562
1268.721,-606
1268.754,-565
1268.787,-507
1268.821,-476
1268.854,-461
1268.887,-443
1268.921,-440
1268.954,-456
1268.987,-461
1269.021,-457
1269.054,-454
1269.087,-454
1269.121,-455
1269.154,-435
1269.187,-428
1269.221,-438
1269.254,-459
1269.287,-474
1269.321,-469
1269.354,-463
1269.387,-470
1269.421,-464
1269.454,-464
1269.487,-461
1269.521,-460
1269.554,-459
1269.587,-462
1269.621,-469
1269.654,-472
1269.687,-472
1269.721,-469
1269.754,-474
1269.787,-479
1269.821,-476
1269.854,-472
1269.887,-469
1269.921,-470
1269.954,-466
1269.987,-472
1270.021,-474
1270.054,-470
1270.087,-472
1270.121,-472
1270.154,-476
1270.187,-474
1270.221,-469
1270.254,-466
1270.287,-470
1270.321,-477
1270.354,-474
1270.387,-470
1270.421,-479
1270.454,-485
1270.487,-497
1270.521,-520
1270.554,-527
1270.587,-493
1270.621,-502
1270.654,-586
1270.687,-610
1270.721,-531
1270.754,-581
1270.787,-585
1270.821,-641
1270.854,-763
1270.887,-846
1270.921,-860
1270.954,-957
1270.987,-1064
1271.021,-1194
1271.054,-1155
1271.087,-1274
1271.121,-1272
1271.154,-1305
1271.187,-1294
1271.221,-1152
1271.254,-1061
1271.287,-956
1271.321,-824
1271.354,-741
1271.387,-735
1271.421,-665
1271.454,-668
1271.487,-712
1271.521,-767
1271.554,-838
1271.587,-885
1271.621,-954
1271.654,-1005
1271.687,-1032
1271.721,-1031
1271.754,-1016
1271.787,-992
1271.821,-869
1271.854,-769
1271.887,-938
1271.921,-974
1271.954,-939
1271.987,-1000
1272.021,-1082
1272.054,-1105
1272.087,-1029
1272.121,-955
1272.154,-887
1272.187,-860
1272.221,-863
1272.254,-865
1272.287,-868
1272.321,-877
1272.354,-879
1272.387,-905
1272.421,-898
1272.454,-867
1272.487,-876
1272.521,-877
1272.554,-907
1272.587,-841
1272.621,-918
1272.654,-923
1272.687,-982
1272.721,-985
1272.754,-1078
1272.787,-1200
1272.821,-1097
1272.854,-1187
1272.887,-1178
1272.921,-1134
1272.954,-1012
1272.987,-885
1273.021,-791
1273.054,-777
1273.087,-843
1273.121,-908
1273.154,-962
1273.187,-967
1273.221,-920
1273.254,-906
1273.287,-889
1273.321,-945
1273.354,-1000
1273.387,-1010
1273.421,-1054
1273.454,-821
1273.487,-705
1273.521,-787
1273.554,-881
1273.587,-877
1273.621,-879
1273.654,-803
1273.687,-803
1273.721,-800
1273.754,-770
1273.787,-669
1273.821,-626
1273.854,-586
1273.887,-670
1273.921,-741
1273.954,-899
1273.987,-1095
1274.021,-1109
1274.054,-1048
1274.087,-1063
1274.121,-1059
1274.154,-1024
1274.187,-888
1274.221,-726
1274.254,-624
1274.287,-584
1274.321,-537
1274.354,-591
1274.387,-926
1274.421,-971
1274.454,-1010
1274.487,-866
1274.521,-744
1274.554,-548
1274.587,-563
1274.621,-651
1274.654,-938
1274.687,-689
1274.721,-597
1274.754,-379
1274.787,-364
1274.821,-309
1274.854,-100
1274.887,-194
1274.921,-293
1274.954,-258
1274.987,-405
1275.021,-759
1275.054,-828
1275.087,-691
1275.121,-683
1275.154,-732
1275.187,-776
1275.221,-669
1275.254,-709
1275.287,-748
1275.321,-636
1275.354,-670
1275.387,-671
1275.421,-746
1275.454,-892
1275.487,-866
1275.521,-992
1275.554,-961
1275.587,-785
1275.621,-753
1275.654,-737
1275.687,-740
1275.721,-769
1275.754,-883
1275.787,-1063
1275.821,-1291
1275.854,-1117
1275.887,-519
1275.921,-584
1275.954,-627
1275.987,-678
1276.021,-760
1276.054,-768
1276.087,-842
1276.121,-932
1276.154,-1060
1276.187,-1018
1276.221,-937
1276.254,-861
1276.287,-757
1276.321,-646
1276.354,-549
1276.387,-536
1276.421,-509
1276.454,-580
1276.487,-758
1276.521,-914
1276.554,-1018
1276.587,-1049
1276.621,-739
1276.654,-656
1276.687,-819
1276.721,-889
1276.754,-896
1276.787,-841
1276.821,-769
1276.854,-645
1276.887,-393
1276.921,-412
1276.954,-417
1276.987,-321
1277.021,-279
1277.054,-319
1277.087,-438
1277.121,-557
1277.154,-758
1277.187,-506
1277.221,-616
1277.254,-615
1277.287,-755
1277.321,-791
1277.354,-524
1277.387,-546
1277.421,-610
1277.454,-614
1277.487,-683
1277.521,-760
1277.554,-769
1277.587,-696
1277.621,-670
1277.654,-660
1277.687,-836
1277.721,-1526
1277.754,-214
1277.787,-1003
1277.821,-737
1277.854,-949
1277.887,-808
1277.921,-848
1277.954,-851
1277.987,-766
1278.021,-824
1278.054,-958
1278.087,-951
1278.121,-915
1278.154,-864
1278.187,-791
1278.221,-730
1278.254,-719
1278.287,-811
1278.321,-1006
1278.354,-1269
1278.387,-1588
1278.421,-1503
1278.454,-1128
1278.487,-1165
1278.521,-1202
1278.554,-1118
1278.587,-987
1278.621,-889
1278.654,-789
1278.687,-764
1278.721,-788
1278.754,-778
1278.787,-791
1278.821,-820
1278.854,-862
1278.887,-875
1278.921,-903
1278.954,-896
1278.987,-913
1279.021,-912
1279.054,-890
1279.087,-965
1279.121,-987
1279.154,-828
1279.187,-814
1279.221,-948
1279.254,-972
1279.287,-987
1279.321,-1080
1279.354,-1144
1279.387,-922
1279.421,-867
1279.454,-828
1279.487,-851
1279.521,-907
1279.554,-950
1279.587,-967
1279.621,-975
1279.654,-981
1279.687,-972
1279.721,-927
1279.754,-951
1279.787,-889
1279.821,-717
1279.854,-757
1279.887,-698
1279.921,-664
1279.954,-696
1279.987,-770
1280.021,-832
1280.054,-824
1280.087,-794
1280.121,-759
1280.154,-714
1280.187,-677
1280.221,-642
1280.254,-628
1280.287,-592
1280.321,-582
1280.354,-598
1280.387,-625
1280.421,-679
1280.454,-823
1280.487,-946
1280.521,-857
1280.554,-679
1280.587,-716
1280.621,-534
1280.654,-747
1280.687,-590
1280.721,-676
1280.754,-673
1280.787,-446
1280.821,-294
1280.854,-527
1280.887,-733
1280.921,-537
1280.954,-407
1280.987,-517
1281.021,-1076
1281.054,-863
1281.087,-973
1281.121,-952
1281.154,-768
1281.187,-595
1281.221,-568
1281.254,-647
1281.287,-303
1281.321,-97
1281.354,-105
1281.387,-71
1281.421,-364
1281.454,-647
1281.487,-477
1281.521,-765
1281.554,-823
1281.587,-883
1281.621,-857
1281.654,-705
1281.687,-971
1281.721,-1139
1281.754,-837
1281.787,-1011
1281.821,-963
1281.854,-891
1281.887,-920
1281.921,-1058
1281.954,-1121
1281.987,-1132
1282.021,-1204
1282.054,-1184
1282.087,-1238
1282.121,-1459
1282.154,-1326
1282.187,-1086
1282.221,-1223
1282.254,-1415
1282.287,-1371
1282.321,-1354
1282.354,-1413
1282.387,-1309
1282.421,-1258
1282.454,-1269
1282.487,-1265
1282.521,-1202
1282.554,-1135
1282.587,-1100
1282.621,-962
1282.654,-860
1282.687,-787
1282.721,-698
1282.754,-679
1282.787,-657
1282.821,-660
1282.854,-639
1282.887,-634
1282.921,-551
1282.954,-600
1282.987,-724
1283.021,-699
1283.054,-694
1283.087,-721
1283.121,-741
1283.154,-688
1283.187,-683
1283.221,-762
1283.254,-834
1283.287,-764
1283.321,-666
1283.354,-515
1283.387,-399
1283.42,-415
1283.454,-547
1283.487,-673
1283.52,-818
1283.554,-970
1283.587,-950
1283.62,-961
1283.654,-1069
1283.687,-1264
1283.72,-1205
1283.754,-1328
1283.787,-1025
1283.82,-1235
1283.854,-1281
1283.887,-1329
1283.92,-1550
1283.954,-1620
1283.987,-1450
1284.02,-1359
1284.054,-1314
1284.087,-1283
1284.12,-1309
1284.154,-1244
1284.187,-1157
1284.22,-1147
1284.254,-1099
1284.287,-973
1284.32,-775
1284.354,-757
1284.387,-629
1284.42,-438
1284.454,-431
1284.487,-379
1284.52,-403
1284.554,-443
1284.587,-649
1284.62,-609
1284.654,-575
1284.687,-474
1284.72,-363
1284.754,-327
1284.787,-298
1284.82,-433
1284.854,-574
1284.887,-604
1284.92,-626
1284.954,-583
1284.987,-847
1285.02,-1369
1285.054,-976
1285.087,-717
1285.12,-654
1285.154,-718
1285.187,-717
1285.22,-697
1285.254,-851
1285.287,-1014
1285.32,-1075
1285.354,-1073
1285.387,-1001
1285.42,-966
1285.454,-935
1285.487,-1018
1285.52,-1185
1285.554,-1380
1285.587,-1472
1285.62,-1478
1285.654,-1318
1285.687,-1089
1285.72,-918
1285.754,-831
1285.787,-756
1285.82,-712
1285.854,-817
1285.887,-796
1285.92,-731
1285.954,-805
1285.987,-952
1286.02,-1146
1286.054,-1206
1286.087,-1197
1286.12,-1008
1286.154,-810
1286.187,-735
1286.22,-748
1286.254,-826
1286.287,-893
1286.32,-928
1286.354,-946
1286.387,-909
1286.42,-825
1286.454,-736
1286.487,-677
1286.52,-570
1286.554,-502
1286.587,-488
1286.62,-538
1286.654,-647
1286.687,-646
1286.72,-722
1286.754,-873
1286.787,-878
1286.82,-895
1286.854,-901
1286.887,-850
1286.92,-716
1286.954,-660
1286.987,-661
1287.02,-776
1287.054,-1033
1287.087,-1153
1287.12,-1174
1287.154,-1177
1287.187,-909
1287.22,-396
1287.254,-478
1287.287,-725
1287.32,-819
1287.354,-924
1287.387,-924
1287.42,-673
1287.454,-653
1287.487,-604
1287.52,-525
1287.554,-571
1287.587,-664
1287.62,-715
1287.654,-749
1287.687,-682
1287.72,-588
1287.754,-479
1287.787,-420
1287.82,-487
1287.854,-642
1287.887,-621
1287.92,-579
1287.954,-630
1287.987,-630
1288.02,-693
1288.054,-740
1288.087,-824
1288.12,-862
1288.154,-949
1288.187,-1042
1288.22,-1002
1288.254,-971
1288.287,-892
1288.32,-920
1288.354,-972
1288.387,-899
1288.42,-933
1288.454,-970
1288.487,-978
1288.52,-901
1288.554,-941
1288.587,-924
1288.62,-1015
1288.654,-818
1288.687,-660
1288.72,-815
1288.754,-949
1288.787,-1027
1288.82,-1023
1288.854,-1081
1288.887,-957
1288.92,-842
1288.954,-759
1288.987,-844
1289.02,-883
1289.054,-1280
1289.087,-1117
1289.12,-664
1289.154,-404
1289.187,-426
1289.22,-620
1289.254,-589
1289.287,-565
1289.32,-559
1289.354,-516
1289.387,-477
1289.42,-512
1289.454,-479
1289.487,-541
1289.52,-557
1289.554,-586
1289.587,-529
1289.62,-551
1289.654,-583
1289.687,-595
1289.72,-538
1289.754,-538
1289.787,-580
1289.82,-598
1289.854,-617
1289.887,-1623
1289.92,40
1289.954,-753
1289.987,-681
1290.02,-679
1290.054,-589
1290.087,-640
1290.12,-911
1290.154,-994
1290.187,-986
1290.22,-953
1290.254,-997
1290.287,-982
1290.32,-985
1290.354,-1067
1290.387,-1164
1290.42,-1143
1290.454,-1133
1290.487,-1060
1290.52,-942
1290.554,-872
1290.587,-806
1290.62,-801
1290.654,-847
1290.687,-1115
1290.72,-990
1290.754,-893
1290.787,-923
1290.82,-956
1290.854,-951
1290.887,-1030
1290.92,-973
1290.954,-855
1290.987,-803
1291.02,-775
1291.054,-784
1291.087,-777
1291.12,-890
1291.154,-938
1291.187,-879
1291.22,-908
1291.254,-911
1291.287,-792
1291.32,-728
1291.354,-633
1291.387,-551
1291.42,-479
1291.454,-478
1291.487,-543
1291.52,-534
1291.554,-554
1291.587,-774
1291.62,-1060
1291.654,-1188
1291.687,-1131
1291.72,-1138
1291.754,-1278
1291.787,-1359
1291.82,-842
1291.854,-719
1291.887,-658
1291.92,-694
1291.954,-849
1291.987,-767
1292.02,-751
1292.054,-726
1292.087,-748
1292.12,-795
1292.154,-816
1292.187,-823
1292.22,-919
1292.254,-940
1292.287,-787
1292.32,-892
1292.354,-598
1292.387,42
1292.42,-367
1292.454,-1350
1292.487,-661
1292.52,-755
1292.554,-701
1292.587,-717
1292.62,-778
1292.654,-725
1292.687,-721
1292.72,-731
1292.754,-805
1292.787,-913
1292.82,-1073
1292.854,-1020
1292.887,-1106
1292.92,-1078
1292.954,-1054
1292.987,-1026
1293.02,-1000
1293.054,-896
1293.087,-935
1293.12,-850
1293.154,-748
1293.187,-746
1293.22,-713
1293.254,-800
1293.287,-886
1293.32,-914
1293.354,-935
1293.387,-1012
1293.42,-991
1293.454,-928
1293.487,-893
1293.52,-900
1293.554,-929
1293.587,-949
1293.62,-948
1293.654,-907
1293.687,-776
1293.72,-567
1293.754,-712
1293.787,-817
1293.82,-854
1293.854,-845
1293.887,-770
1293.92,-885
1293.954,-1071
1293.987,-1186
1294.02,-1194
1294.054,-1137
1294.087,-1222
1294.12,-1310
1294.154,-957
1294.187,-907
1294.22,-666
1294.254,-618
1294.287,-740
1294.32,-844
1294.354,-726
1294.387,-709
1294.42,-773
1294.454,-821
1294.487,-875
1294.52,-845
1294.554,-796
1294.587,-773
1294.62,-751
1294.654,-714
1294.687,-728
1294.72,-759
1294.754,-715
1294.787,-714
1294.82,-685
1294.854,-734
1294.887,-858
1294.92,-887
1294.954,-858
1294.987,-810
1295.02,-748
1295.054,-740
1295.087,-718
1295.12,-692
1295.154,-689
1295.187,-779
1295.22,-1450
1295.254,-1029
1295.287,-818
1295.32,-733
1295.354,-704
1295.387,-662
1295.42,-765
1295.454,-789
1295.487,-865
1295.52,-1025
1295.554,-1049
1295.587,-1029
1295.62,-995
1295.654,-964
1295.687,-938
1295.72,-979
1295.754,-1064
1295.787,-1154
1295.82,-1217
1295.854,-1270
1295.887,-1306
1295.92,-1177
1295.954,-949
1295.987,-810
1296.02,-790
1296.054,-745
1296.087,-693
1296.12,-703
1296.154,-769
1296.187,-767
1296.22,-778
1296.254,-824
1296.287,-881
1296.32,-852
1296.354,-842
1296.387,-860
1296.42,-871
1296.454,-867
1296.487,-912
1296.52,-838
1296.554,-781
1296.587,-749
1296.62,-738
1296.654,-767
1296.687,-781
1296.72,-777
1296.754,-782
1296.787,-806
1296.82,-808
1296.854,-787
1296.887,-764
1296.92,-818
1296.954,-811
1296.987,-740
1297.02,-724
1297.054,-789
1297.087,-879
1297.12,-967
1297.154,-948
1297.187,-1009
1297.22,-967
1297.254,-887
1297.287,-834
1297.32,-915
1297.354,-755
1297.387,-664
1297.42,-725
1297.454,-820
1297.487,-774
1297.52,-738
1297.554,-720
1297.587,-792
1297.62,-804
1297.654,-845
1297.687,-818
1297.72,-832
1297.754,-839
1297.787,-904
1297.82,-944
1297.854,-748
1297.887,-861
1297.92,-976
1297.954,-908
1297.987,-682
1298.02,-642
1298.054,-759
1298.087,-885
1298.12,-836
1298.154,-861
1298.187,-690
1298.22,-586
1298.254,-1255
1298.287,-681
1298.32,-973
1298.354,-770
1298.387,-886
1298.42,-905
1298.454,-907
1298.487,-948
1298.52,-965
1298.554,-998
1298.587,-1045
1298.62,-1294
1298.654,-1378
1298.687,-1350
1298.72,-1324
1298.754,-1210
1298.787,-1123
1298.82,-973
1298.854,-882
1298.887,-844
1298.92,-772
1298.954,-784
1298.987,-791
1299.02,-825
1299.054,-817
1299.087,-830
1299.12,-870
1299.154,-844
1299.187,-776
1299.22,-780
1299.254,-758
1299.287,-771
1299.32,-708
1299.354,-765
1299.387,-817
1299.42,-847
1299.454,-909
1299.487,-974
1299.52,-951
1299.554,-879
1299.587,-651
1299.62,-620
1299.654,-742
1299.687,-814
1299.72,-918
1299.754,-1024
1299.787,-1278
1299.82,-1441
1299.854,-1307
1299.887,-1188
1299.92,-1086
1299.954,-1118
1299.987,-967
1300.02,-698
1300.054,-1104
1300.087,-1032
1300.12,-921
1300.154,-758
1300.187,-736
1300.22,-688
1300.254,-815
1300.287,-755
1300.32,-785
1300.354,-800
1300.387,-797
1300.42,-824
1300.454,-779
1300.487,-780
1300.52,-774
1300.554,-755
1300.587,-895
1300.62,-708
1300.654,-717
1300.687,-761
1300.72,-817
1300.754,-888
1300.787,-734
1300.82,-819
1300.854,-841
1300.887,-827
1300.92,-837
1300.954,-855
1300.987,-868
1301.02,-965
1301.054,-822
1301.087,-775
1301.12,-724
1301.154,-720
1301.187,-826
1301.22,-940
1301.254,-937
1301.287,-942
1301.32,-982
1301.354,-1029
1301.387,-1055
1301.42,-1082
1301.454,-1117
1301.487,-1138
1301.52,-1153
1301.554,-1181
1301.587,-1113
1301.62,-1056
1301.654,-990
1301.687,-968
1301.72,-945
1301.754,-905
1301.787,-878
1301.82,-854
1301.854,-811
1301.887,-799
1301.92,-811
1301.954,-792
1301.987,-743
1302.02,-774
1302.054,-756
1302.087,-786
1302.12,-780
1302.154,-857
1302.187,-822
1302.22,-969
1302.254,-817
1302.287,-833
1302.32,-825
1302.354,-884
1302.387,-940
1302.42,-959
1302.454,-967
1302.487,-1038
1302.52,-1008
1302.554,-1015
1302.587,-921
1302.62,-858
1302.654,-898
1302.687,-950
1302.72,-970
1302.754,-925
1302.787,-878
1302.82,-862
1302.854,-847
1302.887,-847
1302.92,-833
1302.954,-828
1302.987,-846
1303.02,-877
1303.054,-896
1303.087,-899
1303.12,-917
1303.154,-905
1303.187,-892
1303.22,-911
1303.254,-994
1303.287,-1044
1303.32,-1168
1303.354,-1163
1303.387,-1027
1303.42,-1016
1303.454,-1091
1303.487,-1122
1303.52,-1029
1303.554,-929
1303.587,-800
1303.62,-717
1303.654,-678
1303.687,-696
1303.72,-675
1303.754,-620
1303.787,-569
1303.82,-540
1303.854,-532
1303.887,-592
1303.92,-655
1303.954,-758
1303.987,-1133
1304.02,-1631
1304.054,-1784
1304.087,-1311
1304.12,-1138
1304.154,-1205
1304.187,-1060
1304.22,-865
1304.254,-712
1304.287,-597
1304.32,-593
1304.354,-616
1304.387,-666
1304.42,-700
1304.454,-755
1304.487,-869
1304.52,-1058
1304.554,-1024
1304.587,-1009
1304.62,-963
1304.654,-1095
1304.687,-1509
1304.72,-1761
1304.754,-1491
1304.787,-1051
1304.82,-721
1304.854,-546
1304.887,-482
1304.92,-655
1304.954,-887
1304.987,-956
1305.02,-1014
1305.054,-1092
1305.087,-1043
1305.12,-989
1305.154,-951
1305.187,-700
1305.22,-782
1305.254,-1275
1305.287,-1518
1305.32,-1290
1305.354,-994
1305.387,-736
1305.42,-532
1305.454,-426
1305.487,-435
1305.52,-551
1305.554,-689
1305.587,-758
1305.62,-721
1305.654,-773
1305.687,-928
1305.72,-979
1305.754,-919
1305.787,-928
1305.82,-998
1305.854,-1038
1305.887,-1084
1305.92,-896
1305.954,-738
1305.987,-592
1306.02,-459
1306.054,-374
1306.087,-283
1306.12,-187
1306.154,-366
1306.187,-593
1306.22,-731
1306.254,-476
1306.287,-1086
1306.32,-362
1306.354,233
1306.387,-116
1306.42,221
1306.454,525
1306.487,477
1306.52,525
1306.554,334
1306.587,159
1306.62,-35
1306.654,-67
1306.687,25
1306.72,217
1306.754,197
1306.787,151
1306.82,177
1306.854,167
1306.887,140
1306.92,180
1306.954,179
1306.987,110
1307.02,81
1307.054,110
1307.087,151
1307.12,225
1307.154,340
1307.187,455
1307.22,434
1307.254,397
1307.287,393
1307.32,621
1307.354,523
1307.387,360
1307.42,297
1307.454,290
1307.487,198
1307.52,111
1307.554,237
1307.587,371
1307.62,230
1307.654,193
1307.687,346
1307.72,575
1307.754,517
1307.787,271
1307.82,334
1307.854,3
1307.887,-106
1307.92,-69
1307.954,55
1307.987,164
1308.02,112
1308.054,146
1308.087,117
1308.12,-1189
1308.154,120
1308.187,844
1308.22,247
1308.254,-378
1308.287,69
1308.32,564
1308.354,-374
1308.387,-483
1308.42,-120
1308.454,-28
1308.487,61
1308.52,-66
1308.554,-377
1308.587,-528
1308.62,-301
1308.654,-367
1308.687,-313
1308.72,-289
1308.754,-257
1308.787,-374
1308.82,-676
1308.854,-1012
1308.887,-1355
1308.92,-1400
1308.954,-1294
1308.987,-1254
1309.02,-1052
1309.054,-1054
1309.087,-883
1309.12,-800
1309.154,-758
1309.187,-812
1309.22,-818
1309.254,-794
1309.287,-937
1309.32,-1035
1309.354,-1143
1309.387,-1124
1309.42,-1025
1309.454,-844
1309.487,-614
1309.52,-467
1309.554,-427
1309.587,-368
1309.62,-384
1309.654,-397
1309.687,-697
1309.72,-814
1309.754,-246
1309.787,0
1309.82,298
1309.854,153
1309.887,633
1309.92,-331
1309.954,-1073
1309.987,-188
1310.02,-10
1310.054,-241
1310.087,-380
1310.12,-268
1310.154,-130
1310.187,-71
1310.22,-37
1310.254,25
1310.287,106
1310.32,161
1310.354,219
1310.387,260
1310.42,230
1310.454,353
1310.487,346
1310.52,298
1310.554,302
1310.587,565
1310.62,445
1310.654,329
1310.687,315
1310.72,261
1310.754,369
1310.787,444
1310.82,379
1310.854,507
1310.887,747
1310.92,873
1310.954,556
1310.987,-58
1311.02,53
1311.054,414
1311.087,159
1311.12,15
1311.154,100
1311.187,85
1311.22,78
1311.254,119
1311.287,126
1311.32,154
1311.354,-30
1311.387,-181
1311.42,-44
1311.454,-130
1311.487,-312
1311.52,-351
1311.554,-449
1311.587,-409
1311.62,-531
1311.654,-594
1311.687,-740
1311.72,-903
1311.754,-1133
1311.787,-1673
1311.82,-1858
1311.854,-1859
1311.887,-1764
1311.92,-1735
1311.954,-1283
1311.987,-1017
1312.02,-859
1312.054,-782
1312.087,-706
1312.12,-646
1312.154,-634
1312.187,-653
1312.22,-694
1312.254,-750
1312.287,-797
1312.32,-1193
1312.354,-1306
1312.387,-1203
1312.42,-1417
1312.454,-1336
1312.487,-1191
1312.52,-1032
1312.554,-844
1312.587,-644
1312.62,-582
1312.654,-588
1312.687,-670
1312.72,-704
1312.754,-692
1312.787,-676
1312.82,-643
1312.854,-671
1312.887,-741
1312.92,-1094
1312.954,-1297
1312.987,-1621
1313.02,-1860
1313.054,-1423
1313.087,-1302
1313.12,-1095
1313.154,-849
1313.187,-652
1313.22,-499
1313.254,-435
1313.287,-497
1313.32,-698
1313.354,-802
1313.387,-778
1313.42,-885
1313.454,-989
1313.487,-1192
1313.52,-1286
1313.554,-1204
1313.587,-1220
1313.62,-1648
1313.654,-1670
1313.687,-1546
1313.72,-1123
1313.754,-842
1313.787,-718
1313.82,-640
1313.854,-640
1313.887,-703
1313.92,-753
1313.954,-905
1313.987,-1017
1314.02,-1011
1314.054,-980
1314.087,-864
1314.12,-931
1314.154,-1240
1314.187,-1447
1314.22,-1216
1314.254,-867
1314.287,-637
1314.32,-549
1314.354,-502
1314.387,-488
1314.42,-571
1314.454,-654
1314.487,-710
1314.52,-709
1314.554,-832
1314.587,-1076
1314.62,-1179
1314.654,-1154
1314.687,-1218
1314.72,-1381
1314.754,-1465
1314.787,-1407
1314.82,-1243
1314.854,-1077
1314.887,-966
1314.92,-913
1314.954,-906
1314.987,-767
1315.02,-587
1315.054,-429
1315.087,-223
1315.12,51
1315.154,122
1315.187,-52
1315.22,-128
1315.254,-673
1315.287,-1845
1315.32,377
1315.354,1559
1315.387,-303
1315.42,195
1315.454,432
1315.487,271
1315.52,296
1315.554,273
1315.587,376
1315.62,341
1315.654,352
1315.687,280
1315.72,355
1315.754,350
1315.787,303
1315.82,316
1315.854,328
1315.887,306
1315.92,301
1315.954,276
1315.987,246
1316.02,206
1316.054,153
1316.087,110
1316.12,56
1316.154,20
1316.187,-37
1316.22,5
1316.254,133
1316.287,221
1316.32,183
1316.354,-53
1316.387,-102
1316.42,-4
1316.454,7
1316.487,-25
1316.52,9
1316.554,-8
1316.587,-15
1316.62,7
1316.654,91
1316.687,185
1316.72,270
1316.753,131
1316.787,38
1316.82,180
1316.853,35
1316.887,121
1316.92,-15
1316.953,81
1316.987,219
1317.02,198
1317.053,472
1317.087,763
1317.12,231
1317.153,32
1317.187,-480
1317.22,-729
1317.253,38
1317.287,-250
1317.32,-4
1317.353,-347
1317.387,-760
1317.42,-806
1317.453,-684
1317.487,-381
1317.52,-201
1317.553,-282
1317.587,-337
1317.62,-608
1317.653,-886
1317.687,-1012
1317.72,-1435
1317.753,-1571
1317.787,-1245
1317.82,-1009
1317.853,-1040
1317.887,-949
1317.92,-890
1317.953,-897
1317.987,-910
1318.02,-959
1318.053,-953
1318.087,-936
1318.12,-994
1318.153,-973
1318.187,-952
1318.22,-903
1318.253,-780
1318.287,-863
1318.32,-979
1318.353,-984
1318.387,-999
1318.42,-962
1318.453,-896
1318.487,-756
1318.52,-591
1318.553,-447
1318.587,-274
1318.62,-242
1318.653,-531
1318.687,-782
1318.72,-509
1318.753,-242
1318.787,-53
1318.82,47
1318.853,-355
1318.887,105
1318.92,423
1318.953,368
1318.987,-85
1319.02,-946
1319.053,-104
1319.087,293
1319.12,-33
1319.153,-123
1319.187,-182
1319.22,-329
1319.253,-228
1319.287,-353
1319.32,60
1319.353,224
1319.387,245
1319.42,203
1319.453,319
1319.487,356
1319.52,459
1319.553,328
1319.587,469
1319.62,455
1319.653,433
1319.687,429
1319.72,382
1319.753,314
1319.787,345
1319.82,326
1319.853,332
1319.887,245
1319.92,254
1319.953,243
1319.987,241
1320.02,212
1320.053,214
1320.087,215
1320.12,216
1320.153,299
1320.187,283
1320.22,252
1320.253,311
1320.287,495
1320.32,409
1320.353,85
1320.387,-2
1320.42,191
1320.453,259
1320.487,262
1320.52,61
1320.553,70
1320.587,119
1320.62,102
1320.653,101
1320.687,-4
1320.72,-37
1320.753,162
1320.787,296
1320.82,254
1320.853,183
1320.887,117
1320.92,118
1320.953,-29
1320.987,-232
1321.02,-467
1321.053,-638
1321.087,-615
1321.12,-631
1321.153,-848
1321.187,-1085
1321.22,-1346
1321.253,-1625
1321.287,-1858
1321.32,-1859
1321.353,-1857
1321.387,-1561
1321.42,-1377
1321.453,-1159
1321.487,-886
1321.52,-757
1321.553,-675
1321.587,-580
1321.62,-561
1321.653,-554
1321.687,-675
1321.72,-842
1321.753,-975
1321.787,-1135
1321.82,-1168
1321.853,-1029
1321.887,-1129
1321.92,-1308
1321.953,-1225
1321.987,-996
1322.02,-806
1322.053,-693
1322.087,-650
1322.12,-665
1322.153,-627
1322.187,-599
1322.22,-685
1322.253,-703
1322.287,-832
1322.32,-915
1322.353,-940
1322.387,-1126
1322.42,-1029
1322.453,-939
1322.487,-1167
1322.52,-1390
1322.553,-1151
1322.587,-909
1322.62,-676
1322.653,-508
1322.687,-420
1322.72,-442
1322.753,-501
1322.787,-651
1322.82,-752
1322.853,-857
1322.887,-1024
1322.92,-1240
1322.953,-1386
1322.987,-1430
1323.02,-1349
1323.053,-1026
1323.087,-1015
1323.12,-1185
1323.153,-1180
1323.187,-1040
1323.22,-878
1323.253,-750
1323.287,-669
1323.32,-617
1323.353,-605
1323.387,-613
1323.42,-699
1323.453,-863
1323.487,-1090
1323.52,-1059
1323.553,-1128
1323.587,-1021
1323.62,-860
1323.653,-966
1323.687,-1410
1323.72,-1315
1323.753,-1002
1323.787,-739
1323.82,-563
1323.853,-467
1323.887,-431
1323.92,-488
1323.953,-609
1323.987,-756
1324.02,-898
1324.053,-1005
1324.087,-1165
1324.12,-1239
1324.153,-1239
1324.187,-1208
1324.22,-1130
1324.253,-1312
1324.287,-1516
1324.32,-1403
1324.353,-1176
1324.387,-909
1324.42,-655
1324.453,-461
1324.487,-498
1324.52,-482
1324.553,-586
1324.587,-685
1324.62,-780
1324.653,-884
1324.687,-930
1324.72,-1007
1324.753,-944
1324.787,-1289
1324.82,-852
1324.853,-934
1324.887,-1335
1324.92,-1229
1324.953,-1095
1324.987,-900
1325.02,-675
1325.053,-498
1325.087,-421
1325.12,-437
1325.153,-502
1325.187,-572
1325.22,-618
1325.253,-614
1325.287,-669
1325.32,-733
1325.353,-662
1325.387,-776
1325.42,-784
1325.453,-773
1325.487,-791
1325.52,-747
1325.553,-621
1325.587,-581
1325.62,-556
1325.653,-519
1325.687,-557
1325.72,-527
1325.753,-372
1325.787,-120
1325.82,-151
1325.853,-177
1325.887,41
1325.92,-223
1325.953,-187
1325.987,-235
1326.02,-342
1326.053,-474
1326.087,-339
1326.12,-390
1326.153,-624
1326.187,-542
1326.22,-633
1326.253,-850
1326.287,-880
1326.32,-1133
1326.353,-1322
1326.387,-1446
1326.42,-1335
1326.453,-1615
1326.487,-986
1326.52,-756
1326.553,-735
1326.587,-827
1326.62,-931
1326.653,-1104
1326.687,-1218
1326.72,-1119
1326.753,-1023
1326.787,-948
1326.82,-839
1326.853,-740
1326.887,-635
1326.92,-518
1326.953,-436
1326.987,-428
1327.02,-370
1327.053,-400
1327.087,-300
1327.12,-106
1327.153,-771
1327.187,-850
1327.22,-954
1327.253,-566
1327.287,-223
1327.32,-253
1327.353,-92
1327.387,-150
1327.42,-355
1327.453,-372
1327.487,-362
1327.52,-337
1327.553,-360
1327.587,-541
1327.62,-811
1327.653,-1098
1327.687,-1281
1327.72,-1334
1327.753,-1208
1327.787,-1079
1327.82,-1013
1327.853,-895
1327.887,-836
1327.92,-875
1327.953,-947
1327.987,-879
1328.02,-1003
1328.053,-970
1328.087,-962
1328.12,-981
1328.153,-1067
1328.187,-1037
1328.22,-989
1328.253,-905
1328.287,-867
1328.32,-774
1328.353,-766
1328.387,-814
1328.42,-836
1328.453,-852
1328.487,-893
1328.52,-898
1328.553,-877
1328.587,-875
1328.62,-936
1328.653,-1141
1328.687,-1322
1328.72,-1335
1328.753,-1125
1328.787,-945
1328.82,-1004
1328.853,-1117
1328.887,-1065
1328.92,-926
1328.953,-834
1328.987,-770
1329.02,-748
1329.053,-740
1329.087,-776
1329.12,-822
1329.153,-856
1329.187,-889
1329.22,-913
1329.253,-908
1329.287,-1062
1329.32,-1176
1329.353,-944
1329.387,-974
1329.42,-1086
1329.453,-1157
1329.487,-1052
1329.52,-885
1329.553,-747
1329.587,-643
1329.62,-588
1329.653,-582
1329.687,-631
1329.72,-674
1329.753,-664
1329.787,-686
1329.82,-794
1329.853,-928
1329.887,-931
1329.92,-884
1329.953,-794
1329.987,-741
1330.02,-806
1330.053,-880
1330.087,-1041
1330.12,-1075
1330.153,-948
1330.187,-850
1330.22,-731
1330.253,-591
1330.287,-577
1330.32,-662
1330.353,-762
1330.387,-922
1330.42,-1145
1330.453,-1495
1330.487,-1639
1330.52,-1316
1330.553,-1083
1330.587,-1033
1330.62,-1076
1330.653,-919
1330.687,-881
1330.72,-877
1330.753,-803
1330.787,-757
1330.82,-798
1330.853,-849
1330.887,-828
1330.92,-719
1330.953,-692
1330.987,-728
1331.02,-892
1331.053,-964
1331.087,-930
1331.12,-849
1331.153,-887
1331.187,-752
1331.22,-807
1331.253,-1158
1331.287,-1245
1331.32,-1307
1331.353,-1291
1331.387,-1437
1331.42,-1533
1331.453,-1437
1331.487,-1230
1331.52,-1157
1331.553,-1003
1331.587,-772
1331.62,-437
1331.653,-254
1331.687,-84
1331.72,17
1331.753,-10
1331.787,-144
1331.82,-309
1331.853,-587
1331.887,-929
1331.92,-1164
1331.953,-1006
1331.987,-950
1332.02,-915
1332.053,-1038
1332.087,-814
1332.12,-870
1332.153,-904
1332.187,-891
1332.22,-1009
1332.253,-1206
1332.287,-1270
1332.32,-1362
1332.353,-1295
1332.387,-1475
1332.42,-1366
1332.453,-1529
1332.487,-1226
1332.52,-1135
1332.553,-1018
1332.587,-1053
1332.62,-862
1332.653,-996
1332.687,-1008
1332.72,-959
1332.753,-1134
1332.787,-1034
1332.82,-979
1332.853,-979
1332.887,-892
1332.92,-825
1332.953,-890
1332.987,-1034
1333.02,-1016
1333.053,-776
1333.087,-820
1333.12,-979
1333.153,-837
1333.187,-826
1333.22,-923
1333.253,-1033
1333.287,-770
1333.32,-740
1333.353,-850
1333.387,-980
1333.42,-988
1333.453,-953
1333.487,-773
1333.52,-650
1333.553,-874
1333.587,-1089
1333.62,-1131
1333.653,-1002
1333.687,-777
1333.72,-628
1333.753,-705
1333.787,-843
1333.82,-855
1333.853,-930
1333.887,-918
1333.92,-872
1333.953,-852
1333.987,-907
1334.02,-897
1334.053,-821
1334.087,-799
1334.12,-834
1334.153,-946
1334.187,-1056
1334.22,-991
1334.253,-955
1334.287,-934
1334.32,-839
1334.353,-639
1334.387,-853
1334.42,-882
1334.453,-882
1334.487,-913
1334.52,-980
1334.553,-988
1334.587,-1061
1334.62,-1003
1334.653,-903
1334.687,-906
1334.72,-923
1334.753,-925
1334.787,-736
1334.82,-622
1334.853,-671
1334.887,-547
1334.92,-498
1334.953,-500
1334.987,-354
1335.02,-470
1335.053,-323
1335.087,-425
1335.12,-598
1335.153,-718
1335.187,-783
1335.22,-818
1335.253,-771
1335.287,-685
1335.32,-659
1335.353,-674
1335.387,-694
1335.42,-742
1335.453,-736
1335.487,-665
1335.52,-673
1335.553,-658
1335.587,-681
1335.62,-711
1335.653,-737
1335.687,-831
1335.72,-781
1335.753,-935
1335.787,-901
1335.82,-885
1335.853,-733
1335.887,-602
1335.92,-515
1335.953,-291
1335.987,-206
1336.02,-133
1336.053,51
1336.087,190
1336.12,305
1336.153,363
1336.187,459
1336.22,501
1336.253,521
1336.287,518
1336.32,508
1336.353,534
1336.387,579
1336.42,596
1336.453,608
1336.487,649
1336.52,677
1336.553,717
1336.587,728
1336.62,753
1336.653,785
1336.687,793
1336.72,810
1336.753,812
1336.787,814
1336.82,809
1336.853,807
1336.887,804
1336.92,814
1336.953,804
1336.987,815
1337.02,820
1337.053,825
1337.087,822
1337.12,821
1337.153,824
1337.187,831
1337.22,811
1337.253,818
1337.287,819
1337.32,838
1337.353,840
1337.387,823
1337.42,837
1337.453,849
1337.487,837
1337.52,841
1337.553,829
1337.587,831
1337.62,827
1337.653,840
1337.687,847
1337.72,841
1337.753,834
1337.787,843
1337.82,837
1337.853,841
1337.887,823
1337.92,819
1337.953,825
1337.987,831
1338.02,829
1338.053,833
1338.087,813
1338.12,803
1338.153,807
1338.187,792
1338.22,785
1338.253,795
1338.287,792
1338.32,792
1338.353,795
1338.387,766
1338.42,760
1338.453,746
1338.487,730
1338.52,702
1338.553,691
1338.587,662
1338.62,584
1338.653,540
1338.687,517
1338.72,529
1338.753,521
1338.787,430
1338.82,395
1338.853,277
1338.887,240
1338.92,224
1338.953,179
1338.987,141
1339.02,37
1339.053,-102
1339.087,-120
1339.12,-169
1339.153,-257
1339.187,-273
1339.22,-301
1339.253,-288
1339.287,-345
1339.32,-465
1339.353,-500
1339.387,-596
1339.42,-702
1339.453,-731
1339.487,-760
1339.52,-728
1339.553,-665
1339.587,-665
1339.62,-675
1339.653,-696
1339.687,-923
1339.72,-701
1339.753,-652
1339.787,-679
1339.82,-674
1339.853,-673
1339.887,-670
1339.92,-777
1339.953,-859
1339.987,-921
1340.02,-897
1340.053,-848
1340.087,-865
1340.12,-843
1340.153,-762
1340.187,-670
1340.22,-626
1340.253,-634
1340.287,-681
1340.32,-784
1340.353,-916
1340.387,-1288
1340.42,-1227
1340.453,-1146
1340.487,-1043
1340.52,-903
1340.553,-814
1340.587,-816
1340.62,-886
1340.653,-919
1340.687,-969
1340.72,-984
1340.753,-994
1340.787,-977
1340.82,-961
1340.853,-960
1340.887,-942
1340.92,-941
1340.953,-929
1340.987,-916
1341.02,-920
1341.053,-941
1341.087,-973
1341.12,-988
1341.153,-999
1341.187,-989
1341.22,-966
1341.253,-951
1341.287,-938
1341.32,-950
1341.353,-920
1341.387,-880
1341.42,-977
1341.453,-1158
1341.487,-1167
1341.52,-1093
1341.553,-962
1341.587,-845
1341.62,-793
1341.653,-758
1341.687,-767
1341.72,-792
1341.753,-796
1341.787,-800
1341.82,-831
1341.853,-856
1341.887,-982
1341.92,-1061
1341.953,-1153
1341.987,-995
1342.02,-1378
1342.053,-1257
1342.087,-1045
1342.12,-1014
1342.153,-933
1342.187,-830
1342.22,-818
1342.253,-835
1342.287,-983
1342.32,-1038
1342.353,-1024
1342.387,-1051
1342.42,-1012
1342.453,-946
1342.487,-921
1342.52,-903
1342.553,-809
1342.587,-846
1342.62,-746
1342.653,-748
1342.687,-724
1342.72,-746
1342.753,-771
1342.787,-828
1342.82,-978
1342.853,-1138
1342.887,-1291
1342.92,-1252
1342.953,-1112
1342.987,-1028
1343.02,-998
1343.053,-986
1343.087,-941
1343.12,-916
1343.153,-887
1343.187,-892
1343.22,-936
1343.253,-903
1343.287,-894
1343.32,-848
1343.353,-843
1343.387,-836
1343.42,-902
1343.453,-767
1343.487,-728
1343.52,-732
1343.553,-707
1343.587,-688
1343.62,-681
1343.653,-699
1343.687,-768
1343.72,-799
1343.753,-800
1343.787,-770
1343.82,-767
1343.853,-733
1343.887,-631
1343.92,-453
1343.953,-281
1343.987,-121
1344.02,-62
1344.053,-70
1344.087,-44
1344.12,-102
1344.153,-117
1344.187,-165
1344.22,-218
1344.253,-319
1344.287,-265
1344.32,-222
1344.353,-88
1344.387,-139
1344.42,-180
1344.453,-101
1344.487,-102
1344.52,-95
1344.553,-13
1344.587,189
1344.62,248
1344.653,288
1344.687,305
1344.72,332
1344.753,380
1344.787,362
1344.82,324
1344.853,272
1344.887,211
1344.92,6
1344.953,-169
1344.987,-193
1345.02,-166
1345.053,1
1345.087,72
1345.12,128
1345.153,13
1345.187,-56
1345.22,-3
1345.253,-9
1345.287,-29
1345.32,49
1345.353,29
1345.387,34
1345.42,33
1345.453,45
1345.487,26
1345.52,32
1345.553,-57
1345.587,-82
1345.62,28
1345.653,-73
1345.687,-42
1345.72,64
1345.753,71
1345.787,83
1345.82,262
1345.853,328
1345.887,393
1345.92,546
1345.953,606
1345.987,673
1346.02,686
1346.053,747
1346.087,741
1346.12,795
1346.153,758
1346.187,754
1346.22,783
1346.253,795
1346.287,797
1346.32,783
1346.353,789
1346.387,795
1346.42,792
1346.453,800
1346.487,808
1346.52,821
1346.553,832
1346.587,830
1346.62,843
1346.653,851
1346.687,825
1346.72,822
1346.753,840
1346.787,826
1346.82,828
1346.853,837
1346.887,824
1346.92,839
1346.953,851
1346.987,846
1347.02,839
1347.053,856
1347.087,843
1347.12,831
1347.153,829
1347.187,833
1347.22,837
1347.253,832
1347.287,844
1347.32,847
1347.353,835
1347.387,839
1347.42,834
1347.453,845
1347.487,846
1347.52,858
1347.553,852
1347.587,841
1347.62,834
1347.653,835
1347.687,833
1347.72,833
1347.753,844
1347.787,844
1347.82,850
1347.853,829
1347.887,840
1347.92,831
1347.953,831
1347.987,830
1348.02,830
1348.053,824
1348.087,817
1348.12,815
1348.153,796
1348.187,797
1348.22,790
1348.253,802
1348.287,796
1348.32,799
1348.353,809
1348.387,761
1348.42,719
1348.453,703
1348.487,655
1348.52,669
1348.553,728
1348.587,731
1348.62,734
1348.653,730
1348.687,729
1348.72,732
1348.753,720
1348.787,687
1348.82,634
1348.853,589
1348.887,548
1348.92,473
1348.953,435
1348.987,365
1349.02,273
1349.053,197
1349.087,158
1349.12,47
1349.153,40
1349.187,-53
1349.22,-37
1349.253,-13
1349.287,-97
1349.32,-40
1349.353,-29
1349.387,16
1349.42,25
1349.453,0
1349.487,-9
1349.52,-48
1349.553,-69
1349.587,-111
1349.62,-63
1349.653,-102
1349.687,-125
1349.72,-174
1349.753,-218
1349.787,-284
1349.82,-449
1349.853,-685
1349.887,-496
1349.92,-244
1349.953,-54
1349.987,207
1350.02,251
1350.053,318
1350.086,318
1350.12,203
1350.153,35
1350.186,-59
1350.22,-199
1350.253,-243
1350.286,-595
1350.32,-282
1350.353,-105
1350.386,-184
1350.42,-566
1350.453,-516
1350.486,-527
1350.52,-677
1350.553,-236
1350.586,-626
1350.62,-785
1350.653,-625
1350.686,-655
1350.72,-695
1350.753,-595
1350.786,-619
1350.82,-654
1350.853,-540
1350.886,-517
1350.92,-505
1350.953,-474
1350.986,-451
1351.02,-447
1351.053,-456
1351.086,-446
1351.12,-459
1351.153,-482
1351.186,-507
1351.22,-575
1351.253,-595
1351.286,-574
1351.32,-610
1351.353,-628
1351.386,-622
1351.42,-629
1351.453,-643
1351.486,-670
1351.52,-723
1351.553,-808
1351.586,-877
1351.62,-1062
1351.653,-1205
1351.686,-1156
1351.72,-941
1351.753,-1076
1351.786,-1181
1351.82,-1168
1351.853,-1218
1351.886,-1221
1351.92,-1216
1351.953,-1188
1351.986,-1179
1352.02,-1072
1352.053,-902
1352.086,-654
1352.12,-429
1352.153,-336
1352.186,-437
1352.22,-618
1352.253,-941
1352.286,-1357
1352.32,-1409
1352.353,-1232
1352.386,-1061
1352.42,-872
1352.453,-813
1352.486,-726
1352.52,-717
1352.553,-784
1352.586,-879
1352.62,-954
1352.653,-891
1352.686,-839
1352.72,-789
1352.753,-822
1352.786,-905
1352.82,-939
1352.853,-988
1352.886,-1085
1352.92,-1253
1352.953,-1284
1352.986,-1216
1353.02,-1287
1353.053,-1172
1353.086,-992
1353.12,-830
1353.153,-771
1353.186,-749
1353.22,-813
1353.253,-881
1353.286,-847
1353.32,-901
1353.353,-1045
1353.386,-1094
1353.42,-938
1353.453,-850
1353.486,-639
1353.52,-739
1353.553,-688
1353.586,-649
1353.62,-638
1353.653,-644
1353.686,-618
1353.72,-621
1353.753,-606
1353.786,-654
1353.82,-789
1353.853,-901
1353.886,-890
1353.92,-781
1353.953,-822
1353.986,-737
1354.02,-661
1354.053,-840
1354.086,-859
1354.12,-867
1354.153,-679
1354.186,-499
1354.22,-646
1354.253,-889
1354.286,-912
1354.32,-968
1354.353,-965
1354.386,-677
1354.42,-533
1354.453,-410
1354.486,-449
1354.52,-927
1354.553,-735
1354.586,-645
1354.62,-455
1354.653,-414
1354.686,-376
1354.72,-293
1354.753,-175
1354.786,-110
1354.82,-6
1354.853,179
1354.886,-299
1354.92,-1129
1354.953,-1370
1354.986,-946
1355.02,-842
1355.053,-611
1355.086,-661
1355.12,-819
1355.153,-700
1355.186,-636
1355.22,-693
1355.253,-733
1355.286,-714
1355.32,-815
1355.353,-851
1355.386,-816
1355.42,-839
1355.453,-776
1355.486,-736
1355.52,-714
1355.553,-665
1355.586,-664
1355.62,-689
1355.653,-847
1355.686,-1056
1355.72,-1333
1355.753,-1289
1355.786,-1115
1355.82,-1080
1355.853,-1040
1355.886,-961
1355.92,-879
1355.953,-788
1355.986,-783
