0,1,2,3
530.9931976063832,368.46879837288935,14.0,42341.0083968629
488.5312680428846,417.4149496285492,15.0,42985.6649542094
429.28388764906646,439.91266864782574,14.0,38828.943034054915
370.94227831546635,447.85203032969264,15.0,38962.32416446351
306.06145565644596,473.759853522371,14.0,41086.866531628184
253.6116167470213,507.4063274261992,15.0,45018.084854495144
192.81134162832782,547.5429089201442,14.0,49480.36917032473
109.75157333884788,546.6398662311709,15.0,53287.335616667755
-61.53813885902179,472.6437989257456,15.0,61460.93034123854
-90.41420767697844,444.720343126169,15.0,55005.1122664384
-129.8362395703275,400.8246495540142,14.0,50223.48857457205
-183.30748896124544,353.4880608393164,15.0,50830.82759021369
-224.14493315167712,315.10314932067496,14.0,58084.13084549096
-246.23910429953432,299.575961481979,14.0,60663.76879907558
-253.81019265663946,296.0753392316313,14.0,59726.07047611006
-264.81547800368065,296.4956997703029,13.0,54224.30239540531
-271.42824062156706,291.9882585202364,13.0,52167.434439815755
-276.4951638742165,289.12669800596245,13.0,52975.18971803508
-254.8679977605785,292.3258589710984,14.0,51793.45519380198
-247.49011622087787,294.92851710888914,13.0,48953.35230567779
-240.02703523541243,295.8878351771525,14.0,42803.85073699296
-229.18148569890846,292.00228048310726,14.0,35869.15431528498
-209.0610068254479,279.72010083498304,14.0,34719.578954907774
-176.30615219285812,257.1887111302866,15.0,30395.075752716075
-162.5698329615382,239.98842011538943,14.0,29192.229383607355
454.14883222404234,219.25681445537919,15.0,23374.24296030365
446.33250066384517,212.83026178783638,14.0,19888.111789727955
424.0025306210126,183.32773706489823,14.0,19589.80441623225
407.7996179550756,173.1498923074339,15.0,18845.871796295425
403.35543575993364,174.81309259395846,16.0,18239.344860508707
367.6710952255977,178.28903616229923,16.0,18121.58398557736
348.2783401401081,184.5437957447781,16.0,19234.32260630159
326.24693434919993,206.64195815709874,16.0,23616.170647565043
306.44335872392384,228.47971775993213,16.0,27526.31216708908
264.9737563992625,274.3468114627421,15.0,32450.80222721111
224.60451895529542,286.1621559303879,15.0,33961.27152547681
224.0053488971686,283.0100984954152,15.0,33114.08312487366
206.8536988681141,295.19775859719954,14.0,29205.305457267743
190.7610433468384,294.107282245557,14.0,28029.587726391543
167.91145696440253,289.4990651832986,14.0,26494.014773156377
150.25979344121922,280.20665126521806,15.0,25728.143770994575
162.89953695201166,288.45863999612345,15.0,25794.156079263732
145.6561334991733,277.8292306168855,15.0,25097.299597675094
117.72939462987782,287.36516212584075,16.0,23307.425472257793
83.68623290342309,298.8128392932502,15.0,25996.839370781643
60.95676050904272,294.53844656873116,15.0,30856.927391557463
38.81620832233409,263.1475948260703,15.0,30804.15174160387
14.571908092378072,244.38472376280143,15.0,29951.570270622364
13.277943382752245,243.2119467907604,14.0,29536.08882906574
19.89640915269916,252.86526602192006,15.0,29184.765376853033
40.343091973022496,268.8336337038073,14.0,29069.129836945212
43.28927038391689,271.51772504919404,14.0,29087.569604084998
59.52940159469035,273.74447830939323,14.0,29177.850302574283
76.28609598307058,271.2057586458562,14.0,29036.95288246422
108.26883321704115,249.52420846014073,14.0,28540.543734332885
124.05233792942384,237.3990807643644,15.0,26836.93139282501
109.56655995299363,250.1335483567727,15.0,23641.105719505722
115.03012396926428,244.0891828177342,15.0,22932.96998460378
114.15172442087994,241.03283548704815,15.0,23714.685879493456
104.6834663184739,251.84759043505073,14.0,24375.148385358483
95.63741988848443,253.1625316715609,13.0,24393.591043336462
65.9430977457626,240.84618439051857,12.0,24751.13201604399
47.70608385701292,247.34470835019326,12.0,25370.307638602462
58.359010373534176,242.48329796643526,12.0,25125.498981938552
75.23849639123513,226.6274525757513,13.0,24337.425163023505
62.419767857070234,238.71563909690036,12.0,24435.1171025326
26.296365001638712,268.51657119781976,12.0,27265.680458735424
107.39080675212665,259.60193952477204,13.0,28413.932534611504
73.65731151017361,258.7044954069645,13.0,23284.19884956211
51.508858902706336,267.61504889097336,13.0,23242.552629394173
43.54904880819842,271.43603200321786,14.0,23157.225476403153
41.255161522825894,269.59759007511764,14.0,26700.716154975988
43.070304426568434,270.0820297225685,15.0,27068.163615469253
44.32195444109406,272.0271318030667,15.0,29227.791198090927
26.043391680353103,260.84367874557887,14.0,27325.391763532876
558.2809623027156,484.12176466719575,12.0,53478.860515620436
618.1090317765777,448.303510734835,12.0,54667.4847967892
661.3881807182764,416.59729143848375,12.0,56375.093461213946
709.1981736530881,418.4572556664568,12.0,60055.40257432897
756.1259805303413,389.20817643533576,13.0,53198.9318115139
823.0377928443047,323.6269322155197,14.0,55879.502769913706
869.9288930681973,292.96344173542764,13.0,61330.72618834981
915.9688927143294,235.86641447742144,13.0,63699.33516695456
931.2973789833578,213.63597727131182,12.0,61255.237352083495
942.5221755971124,205.70142730900585,12.0,52589.642493094434
950.8976356276524,201.63277177974442,13.0,44210.963906877754
968.0213632380485,201.11781991676418,12.0,44939.91300257271
992.655566609452,203.8869600856207,12.0,47644.20912692083
1021.7613338369516,196.41396859986648,13.0,46750.961337345456
1013.4119379235347,201.73818110975267,13.0,42232.965997876985
1013.5953171266615,202.638690271846,14.0,32784.41824541253
1007.7177518250734,206.28508858496696,15.0,26739.932338932413
977.5834117254437,234.4085647463051,15.0,24239.126835313513
937.6367181494144,228.69949932523312,15.0,23234.57340518063
918.0932359479795,243.81289099367197,16.0,24390.858410803983
882.8292289665122,292.7211921927819,16.0,28937.472399010356
819.2871699014606,380.9157151523877,15.0,36828.234007343926
764.6633035103708,472.34471843798286,16.0,47805.99813124534
686.4959217282814,532.317357254871,14.0,56086.65136294469
632.8803776332053,542.6228481026651,15.0,59338.1798379309
571.5557968244094,554.2401646675871,15.0,58114.456329022294
518.2271034504014,550.0311452110305,14.0,58589.07284922655
484.143712818956,538.259549463104,15.0,56679.61343574807
468.2931927828344,534.0716508243098,15.0,52329.081666381135
429.47996956879336,530.640815096427,15.0,50139.959483792794
384.5968808186145,523.9446898517294,16.0,51389.86646749492
323.8628750440111,503.07694939963653,15.0,51528.89366694082
253.44818275617783,465.9457219340569,14.0,54527.44761350568
189.80920986747157,408.2995409872379,14.0,57988.60873910004
144.62486520351456,382.7950490852911,15.0,59777.83712464283
97.37071601428934,355.1878809852582,14.0,58027.88532454532
16.615942257387697,364.4034378339839,14.0,57365.97330978246
-41.715540929599165,378.5099513613386,14.0,63570.75648749776
-106.66316415178966,375.21566002610064,13.0,68455.11697398979
-172.14927451330394,370.9041888416003,13.0,70355.46106486305
-224.90912973804421,387.8028804861007,14.0,70213.84581725576
-261.29108973833826,421.45139916162145,14.0,68131.75905404215
-281.8372874691438,438.21373831970465,14.0,65040.97656623185
-295.0208985207334,447.4879159474503,14.0,59666.3267952242
-348.7018776044627,471.1998907061004,14.0,63104.000834607454
-393.84765499556727,491.2377356298489,14.0,63613.91058944895
-432.59466419212555,485.2981926419057,15.0,61024.92940396401
-482.11416548476586,454.10465395985005,13.0,56332.96986816711
-523.6230795097428,400.7918210878976,13.0,48668.40850680572
-549.5249799851196,371.6886635192167,14.0,40650.354034352305
-553.8877089516956,365.24915655323423,13.0,39126.53111122003
-546.709266041527,376.3152718058711,15.0,40508.58022953246
-533.0545862758298,393.6121912491732,15.0,41169.00619514782
627.6436222739112,254.42565723841673,14.0,48400.90434305704
626.9748109847397,255.79614441010963,15.0,46738.04049657588
630.7113922066604,254.65163454542895,14.0,40909.38694443041
633.2107775562444,253.74570836744877,15.0,38461.73757893419
623.191086680157,257.40462194302825,15.0,39157.34933425695
607.3179986425934,264.3646812258361,15.0,38623.373893401615
583.3894681768288,266.8414362505895,15.0,36193.621875811914
569.4400732089749,271.9750991137316,16.0,32380.06242134344
556.4213471813521,266.3840960662585,16.0,28079.566997809496
516.9243650467631,235.58234909423115,16.0,26341.77710398523
489.7711076275108,210.73856838964846,16.0,25596.64671023272
466.5248096980124,179.49907654627413,17.0,25263.263555385744
461.6122280503232,176.86488911296104,17.0,25024.157984422338
455.58211737630285,160.11758776424907,18.0,25006.06784799527
462.87943394633146,160.2199565919298,17.0,24818.053091146296
477.9788059873698,165.00838460117222,18.0,24799.78820643806
488.06799454909276,159.22429894066164,19.0,25138.65842710091
468.74965931559615,147.41785760814597,18.0,25850.111355026766
467.00587865675135,147.7069385253892,18.0,25420.989638665666
484.6580384692372,165.9434925708129,17.0,23172.75362708592
513.5780486680595,188.66283822557943,17.0,22668.420755805488
551.1330674099863,221.4395823974561,17.0,24455.17651753423
569.6616340216237,230.0781420857416,17.0,25837.99052476694
577.8110338294216,231.9431770537024,17.0,25104.44047610325
572.9320632714297,235.73274066913314,16.0,25504.845085134977
589.2234731837435,231.53681849959705,15.0,24067.910342322924
603.9855557920079,225.0425949057529,15.0,24088.432984906183
628.5463254754097,220.93799192894738,15.0,24304.746549330826
622.9720205103363,228.58570493586288,15.0,24590.677450386487
616.6097587004913,238.36823157717964,15.0,26043.463197484067
598.4532145797282,264.329869359789,14.0,28263.04771112838
573.6321237209543,295.3406317828026,15.0,30309.429763106247
541.127296788047,320.5469625489105,14.0,31592.403779732624
539.273894659627,322.1438724774054,14.0,31864.325403091476
553.773141276816,327.7921250676185,12.0,33211.32772919636
571.105332373111,341.76605694624175,12.0,35279.83613780592
592.3305041438326,348.4838469461332,13.0,35719.905402273944
608.2341551613047,346.318384713884,12.0,35576.300516380325
611.4411372701655,347.0917581674245,12.0,35449.06125373453
610.8974472952046,347.5869566372854,12.0,35269.18521500137
596.2934169106907,344.3899481269578,12.0,35198.59557805274
561.8913758597841,328.91264951960505,13.0,35354.29248083563
533.1377530424859,326.8337393058625,13.0,35931.25516852518
523.6684032752514,323.93452450179814,13.0,35900.16955754976
522.2097817727625,324.4482300718845,13.0,35410.98642474419
504.80365669376147,324.643073880462,13.0,34404.365190160446
485.41662901588484,327.70630114989206,13.0,33804.23344612486
461.4683892649036,318.68221617342135,13.0,33798.08666704569
450.98105601346236,322.6520719278813,14.0,33301.6349615105
440.56992332913796,333.6156474237126,14.0,35322.45879532332
442.8922953203383,331.20225630847733,15.0,36803.50070352938
434.0511525764978,345.4984118739804,14.0,36620.729444724304
428.13998911307885,354.11210193785894,15.0,38415.4953461453
375.60335299611484,389.1342125551399,15.0,42009.85468062726
309.81583995390133,418.74102553094644,16.0,45325.07335165952
234.73224650444644,420.8808254809726,16.0,46252.98758779111
161.11562701661327,424.7157721254686,16.0,48662.5281012866
104.79787009715751,424.8430833215689,16.0,47057.01524187126
47.83841523802031,430.64661088896423,16.0,43693.8269740766
-25.25062325347919,418.26977243770597,17.0,45497.01461457089
-89.93208370505886,405.61998342637963,16.0,53077.50633409314
-135.343157671894,397.46170876975475,17.0,57452.49131016526
-181.9307185947775,400.72148391492186,16.0,59809.53027236505
-240.43773140837013,377.973512801523,17.0,58921.139099543776
-280.5361232729922,361.8953723241873,17.0,55728.76910791923
-319.2649240348804,337.0007227376576,17.0,52506.40844844108
-352.6122135442984,313.01917430355206,17.0,50395.58191495453
-403.4088809441819,274.4739140770465,19.0,47970.610346432564
-444.8048584313998,247.25601775280978,19.0,44619.96729109674
-488.1825157721235,242.04485609879077,17.0,43290.28262680353
612.1509080484899,287.56393478527247,16.0,44702.90174361437
612.0288833507617,290.9987189061451,16.0,39323.03165842012
596.7542868717725,275.6018978522198,16.0,33564.174969609325
573.1658215937763,254.27238384259104,16.0,29935.00275711338
565.0787123180672,244.45641792054215,16.0,29814.386643547106
557.4166093855034,236.20684872391902,16.0,29702.63565737228
545.0633513449533,235.40011791709298,16.0,29684.528678280385
529.5083537844768,239.5030524859036,15.0,30236.46746597405
524.6273594256884,240.3970330476191,16.0,30887.007161185986
538.1871793864566,240.21656808939113,16.0,30927.998507878398
564.2188634911738,250.05224614013872,17.0,31464.52448357504
555.0041237304894,249.7622738958296,16.0,29341.874501519804
547.6858822883617,246.2965157001493,17.0,27213.155054960836
562.4276308112105,238.4661675214732,17.0,26313.363474423662
569.7898889734754,234.13017076957988,17.0,25402.739202111956
589.7823366947661,213.72663381962465,17.0,23979.52023249724
600.7861755549799,192.9222432163913,17.0,22764.894673445113
587.2912367372646,213.19397367685596,17.0,23823.379485759626
562.9576365289142,235.32042764779732,17.0,26734.20283947429
542.9910844090903,235.28402959714714,17.0,26872.109142662688
518.6055143854907,235.08269663620345,17.0,26662.810315870378
504.9952361122668,224.7749143508993,17.0,26354.27524254132
491.0568652411817,219.44639029945773,16.0,25775.98283846332
473.045715411802,217.81693783547755,15.0,25675.33944143486
471.19076265031407,214.91412299739014,15.0,23237.960415331214
467.83173672020473,215.37459245059034,15.0,19982.00977032392
481.919595910461,228.37433192320896,15.0,19006.840266938187
511.45836217335534,244.5847331930446,16.0,21301.77075499568
526.0156314737652,252.92059612200657,16.0,22163.416939762545
530.4749747889358,256.1790498093604,17.0,22217.160808194247
514.1979048081563,241.29617280595838,17.0,22483.17899336003
518.8587041181164,241.5360898514912,17.0,22870.64456057817
525.5397564397878,250.01480038896705,17.0,22140.60313687893
524.0018587908477,251.32249560855158,16.0,21294.693656197913
534.5878529920717,253.45658397865762,16.0,21129.052246113904
536.3601610682613,248.36345307895155,17.0,21012.157140759482
547.3898263642116,241.08817429493095,16.0,20798.38464871983
549.9951739881478,234.63394236716286,16.0,21066.726699558232
551.5960567341268,231.83563701096494,17.0,22616.797799017862
562.2429302237337,233.6614599422442,15.0,23052.3547133704
589.6880397103445,234.2721044180194,16.0,22771.62427421241
599.404973712914,232.00794044390378,16.0,23772.835431343363
620.2887692738695,235.94648608812602,17.0,25438.357276782674
635.895790401428,226.9345616984799,19.0,25612.71319712907
627.4031241624963,228.35604847543652,18.0,25705.87054464352
615.2628590833313,234.25281986572625,19.0,26116.158036078155
585.8653666407461,245.18935072592973,18.0,26689.607862929246
541.9228969181479,257.96639221361175,18.0,27951.479478765043
523.4608862349771,252.16299198663378,17.0,25945.887994118868
509.7239159144435,247.32736987236603,17.0,25321.452243844287
498.06016740141183,249.1177056493902,16.0,25146.309682179202
467.91353936627434,273.63809295095285,15.0,26981.646707965505
427.7672367924807,294.2885140129432,16.0,29559.878797786605
396.1634781989402,310.2324490911118,17.0,30900.6464715583
343.92475427889264,336.79977372684505,16.0,36880.182261394
302.07338874305765,362.15930886116575,15.0,41672.39354197734
267.91804443943295,374.4035959548727,15.0,42903.82060974602
240.1182369649404,395.03854469288893,14.0,43534.88810660067
223.46464787220626,406.0340083294178,15.0,42285.35208020289
176.15890198982956,416.07829998113704,15.0,42905.771667686786
118.99886028711464,395.8464315328724,15.0,43354.73253199108
58.99007105764493,396.5993544104791,14.0,42758.11256743519
6.255860975618783,353.8009633896404,14.0,42845.840612117136
-45.32665559536498,331.70297813991493,12.0,39956.27803902431
-92.08506699497539,310.0302133621769,13.0,41322.95457717283
-120.36676445042946,294.17091272208165,14.0,41920.625600621825
-154.570304997534,302.7423571833529,13.0,43273.65190858219
-186.25008128063863,313.12237170230486,14.0,47508.854925181964
-231.47332667362562,287.4525099109367,14.0,49960.0519026112
-292.83101439877436,265.84812145707144,14.0,51291.71562863729
-356.0852975064237,255.31771839338404,14.0,53564.86026910387
-394.67044858267576,261.13895815364526,14.0,52593.14373704292
-425.258515696298,266.39115552638754,15.0,48537.42728352258
-452.11388207477637,256.6516698981584,15.0,43093.720066743794
44.431986515416526,177.43146570941317,15.0,38548.32458689503
57.906071119835026,170.30081014403743,16.0,36310.04663734671
58.828486529842586,170.21210003442394,16.0,34765.161210659295
66.40248688678989,167.7880241851104,15.0,32673.17122856637
55.366907939651036,163.33681125492527,16.0,29709.516298320003
57.36578851514598,163.48452294839,15.0,23514.85619249598
47.89995916701534,157.586969439827,16.0,15886.94825788572
57.04476071013392,163.7271755728703,16.0,11408.839256340023
51.075596893954774,173.31403338208204,15.0,13263.99451204505
33.344098263100655,180.395591278066,15.0,15117.08693205072
17.157802896939472,183.0708033486641,16.0,14931.458895221927
-15.645464904949717,201.02718378299463,16.0,17289.22363305885
-28.42797495948292,212.21739361719492,16.0,19353.936231561966
-29.40253445126635,218.7968825911767,16.0,19846.67510678277
-20.736897840984565,226.75538608930736,16.0,19828.918973250078
-15.13063876600429,232.11876399401575,16.0,20446.493775931558
-10.229447652602078,235.88510327443433,15.0,20077.551636198597
5.283303143662361,239.96667928380344,15.0,19402.736061534488
8.74283592301814,241.2798247612362,14.0,19010.91885497552
-12.047438574132604,234.6142475328852,14.0,18992.825860164216
-21.82211425095777,235.18765977188366,14.0,18949.730015701458
133.06387839027923,213.68603356117757,16.0,29378.99447148904
147.22705392787893,213.52795293288736,16.0,28014.229878561997
155.72835261653884,210.76571223282565,16.0,26089.627407183845
158.5594791300752,206.77153654067106,17.0,20140.770139838114
157.56379597465977,204.56022824872568,17.0,24692.726338949586
148.77406837570192,230.09659730807383,17.0,21892.874323262688
134.36693532200465,247.51241213766215,17.0,21393.736413913794
114.94968943703117,254.505269914393,18.0,22341.19848709053
100.2015923434715,252.0859108714816,18.0,22365.879904259462
103.5400202081835,251.73004494129577,19.0,22239.600594786432
96.89433563285222,250.2020019265642,19.0,22891.552580725314
79.16940959445796,243.7657003351042,18.0,22973.614455529
62.43722252815224,233.30764406358858,19.0,23079.76029123172
43.32296554853777,237.36356681768223,18.0,22691.1526422931
17.279931400863052,224.19063098604084,18.0,23072.35654907666
-1.5687251764962924,217.00956730326357,17.0,22885.132527679805
22.22519559206064,233.08073471739436,17.0,23953.014253294234
36.11988977123505,243.37426259559038,17.0,24866.496964287835
24.75368472692811,237.4128538916672,18.0,24128.12547346792
1.9214998514068886,228.49616527627228,18.0,24632.93742218635
-1.4863410164303608,225.00431492024168,18.0,24843.7390211908
-17.935917241548466,215.76592410275282,18.0,24826.767502687602
578.7055696369014,305.803985029547,12.0,38261.05739925017
626.5008386928398,366.28352144449286,12.0,41380.317728288275
662.3065564731261,391.57163346317725,13.0,47813.791098237925
687.0452844750179,399.1590188342035,12.0,48809.80897695662
692.568699444606,398.2512253727099,11.0,46288.73274032468
690.6167979608733,397.7138051107416,11.0,41074.11412282466
707.7408963100007,379.7509566081077,12.0,38964.51854105377
719.845488944147,374.0928611876517,11.0,39048.26980309028
759.73838052557,350.5574114992193,11.0,39781.68168353772
777.2367847314598,338.4584163834472,10.0,39682.030034024916
796.052495679864,334.964524847087,11.0,38842.00689300057
788.396081263378,332.009607956802,10.0,38074.524933447065
790.3134530681142,328.17298070092534,10.0,37931.7846010277
815.9344029507586,308.0684947790369,10.0,38279.382188242365
816.3691367841129,308.9479100814747,10.0,38557.80595501594
812.7507633170469,312.710417712346,9.0,38059.364799806805
827.4225456380252,307.50185296451383,8.0,37061.73111778563
843.8919776582565,300.30762563786965,9.0,35015.90102650565
826.3924366422866,310.5486841913271,9.0,33318.72543742327
793.4678583151217,321.59545569180796,9.0,33154.92953127865
747.7185439270951,316.7195023861897,10.0,33527.03447564471
674.793093839629,304.45917054034004,9.0,38142.32211009085
604.4092294564177,314.82424717426494,8.0,43793.28872042939
551.2482349684255,334.64662099744686,9.0,45981.55443283118
524.3293743065673,345.91404448102924,10.0,47067.04880437286
505.5399623810309,360.52595328165967,10.0,47383.57497732506
503.3235021049077,361.21094839217864,10.0,47478.704948451625
499.1879708535311,359.2621631829737,11.0,47493.22587520454
480.96379940214507,346.0815016634211,12.0,48019.46131626428
462.47346197326755,343.70965234240595,12.0,47472.175603491814
413.35623974787524,334.8452428685546,12.0,41890.655633346294
375.95762657862866,324.0972374974683,13.0,37648.30145119823
345.82500844818685,323.69811708648086,15.0,36623.668483613255
302.1462874402474,318.23094792308405,14.0,37022.43540427096
287.33752590329163,308.0910398495841,14.0,36764.00436504289
283.0347248218493,305.4451017789701,16.0,36672.66497302599
258.784579137914,276.7024016559344,16.0,36850.88607201107
217.20935170104454,239.85457352184957,15.0,38783.90990055493
201.8697746187446,234.03125152375964,15.0,39522.59023173958
175.94042527701046,241.33304811087825,15.0,38671.66881661699
165.89595706895432,239.9030708423859,15.0,37411.85219541531
163.15857164149972,242.30989314395222,16.0,34296.592295741015
160.45579316950813,245.58436843399755,16.0,30735.024140305406
159.7820268240306,235.16321960829276,15.0,30522.239593065773
162.031886099915,235.73878892537334,16.0,31323.918558492325
161.03778728723015,233.2162206725926,16.0,30403.93378875724
142.02185128380248,223.8267844465696,16.0,25981.333469657213
112.25120296239291,202.4033502664932,16.0,21083.099177135446
82.98047201017364,175.3571716506034,15.0,20826.67062003614
75.52114894263235,167.90246190388572,14.0,21156.505668225895
81.92094940442924,168.07882616368352,15.0,21327.40490818834
86.05668824673536,176.04484535671014,14.0,21100.373723183755
97.27236919670018,182.74176864727585,14.0,21056.40367651378
101.42662802641128,178.56230309274488,14.0,21218.418739831734
82.82987632442774,173.87861081320474,14.0,21496.067912206203
68.2511895638821,165.47952543263818,13.0,21274.344032776724
53.671345482629945,151.980868856263,14.0,19452.92542465899
45.28570735473133,163.26086494574798,13.0,16137.924567106906
55.5440707159491,175.32629148187885,13.0,14368.397721908015
82.19622455943316,183.5449305202692,14.0,14902.44846621204
71.03748864811799,184.70486089393805,13.0,14682.685072205033
64.12727284548883,187.94700857238192,14.0,15893.987733856087
89.13385552176798,189.26086210946582,14.0,15020.344891429027
122.30149061491002,218.6668685997788,13.0,19310.21479345787
138.11998790892548,230.45417248930372,13.0,21340.47630458881
182.62806340859294,288.2760819713647,14.0,28463.60461123913
228.0763116627941,332.59923330102134,13.0,33233.474476300995
278.0002821104773,365.37608686847244,13.0,37359.42535092473
336.4464200719818,405.925461784401,13.0,40351.57047638626
373.1310913105609,422.92633999227473,13.0,45334.62406387509
405.83009571710807,429.21121225368375,12.0,45811.899935943875
446.35064161572484,442.6408301231952,12.0,43198.48900087802
459.2806878401063,441.9807738558523,13.0,42624.10364978494
473.8962459772862,432.2149762172817,12.0,41418.58408187483
508.1754252153192,416.2906007418211,12.0,39421.37587111696
547.4225630751987,406.53898596576863,12.0,39585.23548142908
588.3585473147082,397.4630910225859,13.0,41230.320022418404
626.6745813885947,361.88837975113904,13.0,41401.65663422062
628.4640291752695,360.6412204593822,14.0,40372.672129864266
628.3640210759022,360.647583986063,14.0,39442.526804300716
659.459366156161,321.97644592418953,14.0,39044.2622536746
702.3172511816535,263.1904343957461,15.0,40952.07843137113
701.5666471507154,265.4459136493175,14.0,41007.79422773757
660.9540050252781,331.129586525574,13.0,41972.955783180616
638.245525315901,358.2168312850183,13.0,41242.11900623857
601.6983015885938,362.57669887969183,13.0,39753.09123212956
566.4328137984681,361.2148713795196,13.0,39253.241916426814
526.2646051172679,357.30042490971374,14.0,39644.57530684483
473.0740040552472,337.72968678245746,14.0,39112.67680416214
424.4000867539437,341.71946053154363,15.0,41285.22262168446
392.47910500341,334.48908127625504,14.0,38585.14317016949
339.8712154547003,316.340003840683,14.0,37421.67671626064
301.34057222695,333.865500778062,15.0,40833.40452757527
292.1124390714768,335.381323847693,14.0,42080.160765230656
275.30252031441495,326.1459557307089,14.0,41897.98371590618
239.32088439684475,306.6717635287736,15.0,40498.97505552773
189.42717346287628,276.56542669334186,13.0,40353.56778803966
150.36008855943825,259.379483794962,14.0,39784.52372064285
106.62219451428332,288.7401680214186,12.0,38808.70225827729
62.705853649661776,311.81104868912337,12.0,41229.64775069909
23.84109233976578,299.841177677793,12.0,40999.550091048324
-27.642652280727027,264.1301847100499,13.0,42367.56504583351
-74.17561293038234,279.5101828769392,13.0,46347.94308302249
-89.53729874209672,292.03109486704585,14.0,46213.39139699853
-123.40327024024604,314.5461615430867,15.0,44584.45301864753
-183.52522349797468,357.50286415031104,14.0,46258.39258713032
-231.33954929809042,359.2560149799026,12.0,47125.62090891395
-275.34759192827573,365.0887352880745,12.0,47927.85005434866
-319.3901088588091,371.0709369265819,13.0,49157.79921699715
-342.4559914122025,369.06695277082036,12.0,47605.713488009555
-389.8749571922209,364.67926049012715,12.0,41451.80723052147
-418.54787504219564,359.1897175597905,12.0,37637.56213352899
-442.6889069217683,360.86359177199057,12.0,38971.09607147421
404.94801537540206,231.32609280911302,14.0,36307.3892960462
408.3841283560203,233.3178826465837,14.0,33673.68534626976
405.7402272710548,229.1675568563047,14.0,34323.15177870967
420.3963498860166,237.22420693808874,15.0,28072.025260289938
448.3565250991402,271.45747617827277,15.0,30804.76350100342
495.02916010660863,313.77827600321547,15.0,36608.00920969063
547.1514157284583,396.6698209495727,14.0,42932.79794796255
589.6644620360566,441.00453575068155,14.0,46096.955771424924
641.6661082558929,464.452340153804,14.0,47086.44646627626
679.9116326398181,463.86867643423034,14.0,46191.126977065425
708.6575172149263,440.00999509336475,13.0,45530.22971517441
728.3196261695955,418.685007211028,13.0,46375.39210076795
752.2585761948088,400.10469757262666,13.0,46249.97703363713
771.6544078569789,396.84454680698195,13.0,45132.890608827474
793.5269752441212,393.0974522755824,14.0,45158.69297951529
810.5944486830514,389.5103550769306,15.0,44997.45488534528
847.5620167583679,356.5216928967266,15.0,44799.7853711038
865.2546684221322,338.3445390256918,15.0,44868.56013927385
855.9158631117253,344.1625561647039,15.0,44928.06374029855
867.2101528311257,332.4791365168636,15.0,44340.77976288255
885.2293372336965,319.9922998404813,16.0,42699.094704960444
890.6356214591111,316.86795473308445,16.0,41638.594328572275
892.0470643012242,316.5909875266495,15.0,40524.23824782616
882.527723985797,324.5939294983917,14.0,40501.501311152715
855.8626761479251,334.07066084182946,14.0,40590.840586616825
811.6560224032418,343.4168591533314,15.0,41297.24965457718
755.5128351282364,296.06521583602023,14.0,40770.162064114535
702.726309070813,263.30364031385454,14.0,40921.77731588602
654.9289713372069,227.4680271470669,14.0,41960.46073685749
611.6457925631851,234.27159591281836,14.0,43475.86913009563
570.9964966902277,296.5911189900436,13.0,47148.749561064426
539.0220516323604,339.2675874315115,14.0,52632.4940237973
508.3399153384882,352.2326671516388,14.0,55336.69683864356
450.2657485896804,379.3622305742846,13.0,56348.82881811175
392.2051505989387,384.6451668985175,13.0,59576.52170962768
339.17093711713846,382.67720196654153,12.0,60357.25150800252
301.7019789403347,365.88181882084257,11.0,55861.58704475325
257.9830628379431,362.46720295764356,12.0,46161.06275705497
225.92497792159216,371.8541626891012,13.0,36701.01964749625
171.4684878815045,385.0231886852191,12.0,40523.09402575942
123.40138955457532,362.55152185878876,10.0,43794.3770349134
79.16213381692246,332.4444568021911,11.0,46716.884563320564
35.88131259975361,307.3061558999146,12.0,46725.206027532055
-9.798582868461787,301.81904147925087,11.0,44729.02155269673
-45.09399457693327,281.2963945633218,11.0,41279.22364470092
-68.67302914250085,269.13296837013894,12.0,39906.29375969954
-108.41481818782253,240.34797397327782,13.0,39241.54719999332
-135.46270901492835,213.6515444252672,13.0,40124.3232060822
-158.07634126026394,180.03317488973656,13.0,39876.10185014693
-173.7186817448613,164.80438616996386,14.0,37143.75979929628
-165.1217257515118,163.76987371292415,15.0,33436.52574693126
-146.86443578084496,177.9810020278127,15.0,29909.128508715432
-148.47279800399372,180.46891180415062,15.0,26266.473774857943
-158.22142499578965,192.83383461644374,15.0,25807.1757144912
-158.47327743845432,199.59551848014638,14.0,26557.88006104248
-159.09222475223442,198.5280909625713,15.0,24829.25406551415
-172.20884092349098,188.59050956613393,15.0,19792.35608530503
-172.10232491278384,187.23296534127007,15.0,15711.379457509216
-156.65704911519217,197.011816213353,15.0,13290.846267668525
-131.66505515338065,191.0243104510643,16.0,12569.39065905489
-159.70584586125514,228.77128258093205,15.0,13000.555340481944
-186.25558415459193,250.79484650194686,14.0,16718.54847693129
-190.1925945434903,250.88897727209846,13.0,20315.300765378837
-1420.3115881631293,0.0,0.0,0.0
-1349.6338601276998,218.8300289225738,5.0,1098.2066667298434
-1251.8601222721456,215.5275911053862,9.0,4193.53280274799
-1129.3306675577983,277.6023751515574,13.0,9753.847197893787
-1028.619906055757,310.9818644195194,17.0,18025.54634756356
-854.5575914245802,277.9933696440396,16.0,26102.27717011673
-779.5885872253976,214.81721305754107,15.0,30982.91171558398
-826.8615427255746,245.2752413083448,15.0,22713.131419333247
-905.4243253814714,246.5830060312929,14.0,23438.553254642477
-968.20155370725,200.53337293828068,13.0,21262.35478113974
-1005.521397351601,168.57628839050807,13.0,22923.005100694783
-1004.1983118305495,169.8742044978361,14.0,14522.264217877135
-1030.2811964756065,199.5117999278769,17.0,18542.756557520945
-1098.8569508651756,220.6184430439881,18.0,18548.280809042997
-1165.5204939180899,214.97949242617375,17.0,19413.164660470004
-1219.9622890478206,203.30270836945675,17.0,19512.531739414084
-1239.5014281533,167.95741879473186,15.0,14863.386970610005
-1127.9038688487017,242.2634848609567,14.0,26037.610411234316
-895.1686332003236,442.79512730289144,14.0,48700.590566630206
-674.6136796073768,425.70504304061933,13.0,45118.585634589705
-476.471051681994,288.006654544479,14.0,49757.991731601214
-462.33886156372245,286.07853256893765,15.0,44099.71463859429
-566.2632695195338,311.6716419109173,15.0,34597.29394091413
-557.4968451234965,297.0904268384209,16.0,35936.787599114316
-587.5454448677467,300.1669286928709,17.0,38303.00826689641
-593.1696376479647,294.3847865245803,14.0,33173.83075116986
-432.49420017338593,298.616102477649,16.0,34875.67817377946
-424.29465946886285,309.57854959414135,15.0,39918.43468354272
-359.10255822377206,291.40247053479123,14.0,32745.33152680582
-218.00048015260748,224.05514125310282,15.0,36801.19500704235
-154.1369354689043,282.03202082470153,15.0,43071.91834442133
93.61054926332108,451.06725775592264,15.0,50326.15452707856
333.607581044706,470.4841068129737,14.0,56568.48643239783
-307.00747242403276,260.82727284650394,17.0,33207.621754046486
-460.2467037725327,297.1708732409717,16.0,31829.25738459874
-540.9919682649927,263.2374929369121,18.0,30652.379897192895
-682.9888717771798,217.04244428714352,17.0,36657.86562092719
-695.082018040282,233.24891440557593,17.0,32718.208099021278
-495.0269002342485,401.4090104272036,15.0,44732.45654117236
-410.2430084006991,410.4596200720643,14.0,44764.89906145849
-222.85836500363175,375.32313056215776,15.0,44876.21584365876
-85.94540524187795,256.5203636822422,15.0,50381.93770099819
-226.3249988919084,296.0161044442417,13.0,48091.186518975155
-322.6579650912992,353.2911798052352,14.0,43698.75492946483
-594.217085123239,425.2328625645669,14.0,52669.11728150247
-688.5172214964193,326.31773218616905,14.0,50955.53203343871
-862.1950876479164,364.5115061695397,16.0,55555.91011923229
-1054.5332972931026,381.23187339336135,16.0,46782.998808538156
-1198.9483135495047,465.0542200034092,15.0,55762.36654194735
-1376.3956291557433,277.33148361651195,16.0,42932.94079121008
-1374.6932054240303,254.49415841548029,17.0,41137.0267859349
-1207.0954177161545,379.01380550846415,17.0,35702.62831042785
-893.8520272853021,367.44357696218304,18.0,47358.519590098585
-778.9023038207822,301.2208004508964,17.0,48513.78104300306
-627.0031728975106,219.52726613382802,17.0,39115.16667280648
-569.9790321206923,236.9813087492174,16.0,33768.39626381228
-601.1496947834506,220.9529941336797,15.0,22068.789107400004
-541.2148351126917,198.87032502688766,15.0,22433.05880435624
-454.9109880734815,262.4097253289002,19.0,32085.891566562754
-349.89690597124513,282.8007345163006,17.0,29854.783692669353
-319.3475855826892,270.656643956948,18.0,28298.327426335905
-353.5641233717874,321.3279683838249,16.0,32616.118978160826
-545.7945796741164,388.66930776214195,14.0,40018.22286635996
-850.9597512236269,388.4040386101985,15.0,55858.63526887084
-1087.5194460726336,331.3433169819255,14.0,54538.97324797822
-1211.2159280763265,257.8877152887046,15.0,37765.02257355429
-1267.6657355693956,180.64093294504673,13.0,29580.61270808577
-1166.1278502851558,254.98071425984983,14.0,26369.192166872206
-1065.5928925602798,229.20449528034737,12.0,25218.919110936768
-925.5107520825106,255.4594599236955,13.0,37931.8606272505
-866.0456187361067,219.7949114909405,14.0,29486.68742054697
-815.895067788752,248.5317319506986,14.0,29487.43616559209
-789.9399222892839,236.88199552887636,15.0,24469.019220563005
-757.9536359336646,249.28466786267182,14.0,25337.475504389935
-661.501152019589,227.14724479227544,14.0,27413.949289820157
-651.1250532090523,217.73178634866528,15.0,27630.88773386368
-586.8277916062841,200.70741535551335,14.0,26652.67121737761
-568.1123688200211,243.2801834375343,15.0,24956.894148008305
-447.44025690631423,336.13054795039193,13.0,31102.515164400178
-224.74738039660912,457.8347545352701,14.0,45157.43502705214
-1.7483900363481366,420.39992656824984,16.0,44814.14730902359
211.94002200103844,260.881046079159,15.0,47581.15017261324
287.9813410491781,205.4875858110674,17.0,44197.38493018211
169.6453268197024,309.0930780355272,17.0,39033.45143706681
82.01641087793988,330.56058205574607,17.0,42538.52928871136
-79.56124824382427,334.9009451630333,18.0,43545.21702522467
-229.33621734228947,283.26190015095085,16.0,44069.782022731175
-309.12288290358765,224.44085024415372,17.0,40414.589109961744
-429.1328681659547,200.748515267383,15.0,36070.865134007996
-448.71033961751573,182.99754505639052,14.0,27884.329272750972
-382.62413048993244,265.3958944672741,16.0,23662.309014019826
-331.850986580322,323.4918051387064,15.0,32359.282695270183
-287.46421548681485,346.45158038952627,14.0,40703.25480057289
-213.08413333268837,343.4840038697363,13.0,41445.53676270932
-251.51981365924533,324.19959853157224,12.0,36786.56196374659
-320.74200525693067,344.70287921531036,11.0,36810.43741819954
-314.7997213173978,323.9923682485479,12.0,46698.55673907449
-223.5874775776492,391.46818524864364,13.0,52201.35405769671
-104.99353364966537,430.9048338707734,14.0,39387.46795795242
-64.48277178102835,371.5116215147845,17.0,40455.6325368197
-81.10402898802116,361.83103848527276,16.0,40339.30023337429
-337.3375251490626,431.34509669363035,17.0,44508.24178815349
-585.9763566987159,327.7751137611496,16.0,48941.56291475712
-710.2112210027798,251.05877946407918,16.0,45757.116091462034
-733.3507106864411,221.50485723749546,14.0,27606.220780292493
-622.8116777689502,263.6065659769268,12.0,28300.32970332537
-442.09315949123106,325.57279174023375,12.0,36665.83703460061
-249.4089486220288,321.6739007563113,12.0,35905.271469580715
-170.39932377849024,266.1422654749887,11.0,27633.678564349786
-90.37768817015926,219.02136139358151,13.0,27759.706059678272
-118.23190287342692,290.33203087005035,14.0,26542.869247040486
-229.84400704225257,303.21252086095006,12.0,26728.268168430823
-280.32599734056606,337.8871786950814,13.0,30944.971595834744
-509.9081345877557,413.31988413815697,11.0,37767.64742056577
-731.3518654731807,378.87952591861057,11.0,43811.490448589866
-906.3620923482083,356.85478511425225,11.0,34902.52467542862
-1157.3730624286807,303.34739569717794,11.0,43705.667381998435
-1278.3461131851523,288.761784319841,12.0,45164.71834175819
-1289.1214404584905,262.0928893894809,14.0,24234.83422944157
-1261.323765929911,269.4709842698146,16.0,24039.514419251253
-1011.5344518083591,392.34536159499436,15.0,39440.926906380366
-910.4288326407911,308.44669610481867,15.0,37181.0253043275
-769.8374779429975,315.6117039320596,17.0,42820.93366867377
-626.8930297739768,314.5088099312408,16.0,36566.45837261278
-512.688152629539,405.55653620097615,17.0,46394.31531034558
-281.60150510251094,282.7477691253124,18.0,36632.95057441866
-218.21038772873894,237.88255622580635,17.0,35677.97622639703
-204.98031256280302,214.90689497625564,17.0,24004.27696089715
-361.47355328851626,264.2941720836734,17.0,23989.624789677073
-536.9756283517127,285.8062757515016,16.0,33250.33930860989
-683.537001190969,278.7939112903289,17.0,29731.07132629074
-800.3953612829159,231.09175760519037,16.0,30454.031076429652
-753.1234046832279,268.8699369989479,16.0,26210.803452780026
-592.9351615599866,348.6927654933904,17.0,29673.736787479098
-460.3032315445252,310.0889912764509,15.0,29103.893549959444
-358.28316205715777,238.08147625769655,15.0,32485.77240065659
-254.6861050718625,244.08765496675144,14.0,35501.258145332846
-306.20925729140953,256.18128972610606,11.0,22931.04202977874
-275.139632967025,250.85317115126458,12.0,23054.745743566826
-245.05126334547361,199.3191945788316,13.0,22341.200824684245
-405.9947006711783,244.7334377916096,13.0,28283.74274793009
-485.0449857076044,264.061604236267,15.0,33528.6145151328
-556.2316097589905,234.85784882157031,15.0,21742.60120120584
-687.9583063398383,226.58189852732895,14.0,30011.202816359313
-627.139303520422,245.44706984522435,13.0,25731.9216296013
-561.5639942426112,265.49376469030744,11.0,23034.051439143102
-489.7980439999167,324.22759732551543,11.0,29387.244774775303
-365.8967952110805,266.4098136759672,12.0,32140.48605790655
-309.8780807922572,278.71446549477207,14.0,33299.55327996663
-350.0036030572592,306.82645211593035,13.0,26559.98123972072
-387.1557471776045,265.0908939901676,16.0,25409.545581623835
-424.6115911178891,247.0648816929469,16.0,26041.191075601808
-583.2300432472567,261.51788495522607,17.0,34505.169690411036
-609.0137202484304,271.4626038605067,18.0,32806.496826612754
-614.1079862684271,262.31923757553625,18.0,26395.67824758122
-569.8383045954542,286.51589155038505,18.0,25260.059489880565
-331.88712926205636,327.557211099327,21.0,35719.84044470648
-105.92845048914691,290.64129112989826,22.0,42630.09846674239
72.72996876503483,289.2902212779834,21.0,46693.61991852149
323.1250878460149,289.42960798571556,18.0,45319.6091881606
408.8507392580947,252.70062609844192,16.0,36822.175985552385
-291.492577047834,329.0966950722786,13.0,35737.57466119331
-361.90671298463684,324.734570973899,14.0,34053.05459198057
-273.40359080563996,331.0539024395944,14.0,30921.674080804794
-134.70354891722113,266.9356568150992,14.0,35274.76033372708
-282.13074990449036,300.94348822788766,16.0,37330.458870387534
-324.4865036818203,321.86974069738346,13.0,33266.147855350435
-302.44266123304857,337.8978149852538,15.0,34502.89566441423
-220.4988173573292,425.71616071967475,13.0,38637.92449217445
-12.411536532975493,404.2359194082602,14.0,36357.73523035596
158.35749062765825,229.27751453394515,15.0,35608.04832212077
179.15280103629894,207.46552434101145,15.0,37631.1182805103
86.44442887152579,206.02582719146338,17.0,21226.027473887432
82.73110801972328,207.27603102402196,15.0,18727.06522648205
-506.6195283786182,438.1244417205898,14.0,56377.21463528616
-769.1975640922661,362.3367716566941,14.0,47246.08005456734
-1086.122061258066,352.27356506484995,14.0,61177.43313693765
-1217.0239709210089,275.62349635530865,13.0,43401.069754306234
-1089.9741832456136,416.62078266721943,14.0,36309.765173393804
-932.8622377077434,499.5467584344566,14.0,44025.686940287145
-664.708580696625,357.34685955703213,14.0,42953.80938310003
-536.918266543211,174.94396564030552,17.0,46788.85343968732
-545.5497405557119,195.37200857351613,16.0,37854.387463476574
-624.3250072077481,200.99902510568694,15.0,19727.148793864777
-733.8263110307327,234.28067066172014,16.0,28951.443625433163
-833.8562066613979,277.1698065190213,16.0,31192.684600016433
-933.8869828924451,207.64615238727734,16.0,24787.12797996331
-940.081083874411,221.35615865276495,16.0,24743.12928913337
-846.4099598525943,266.2914487811974,17.0,23269.077782989123
-670.2929772846207,306.20862179390133,15.0,32254.728137856135
-492.9532473651081,300.26413430063184,15.0,40120.09671364114
-225.55585898676824,375.4697190926003,15.0,53508.82659465459
-99.02476787552091,322.99759829030955,16.0,43211.63782695217
-14.221871242639452,237.67347381461423,16.0,31177.23856117147
30.770507429501613,222.67729717182903,15.0,29045.567840043514
-87.39226433144599,176.52478482958617,16.0,23163.4045418373
-194.01241504560002,301.84066805146057,13.0,33719.59654909845
-387.0949171242901,386.7854695293642,15.0,34753.91810591888
-668.653098298038,445.2831644880564,14.0,52587.26885734501
-915.5536357311038,378.67549036459326,15.0,55481.21261083191
-1104.171020939674,217.76680222191555,15.0,48520.02019856961
-1209.1112339319004,183.88056302016457,15.0,43668.28049231215
-1368.1674578645673,323.920945098181,13.0,38903.45441501803
-1450.0416602507455,321.3663480532853,12.0,26976.976442191928
-1435.1122352784078,332.196764865761,12.0,26026.653876352764
-1404.2718524393845,361.32538435509537,12.0,31984.74922186224
-1260.8264055496795,257.59500896794003,15.0,33830.5784498406
-1271.665179985919,275.8529347899727,14.0,33492.832448582
-1427.7589438613118,347.04934467500397,15.0,35342.613347614155
-1462.3770772307605,319.39173576265904,14.0,35658.44224041589
-1359.892269622241,422.43196148415285,13.0,37705.59899734606
-1207.8486116229667,440.49297148777316,12.0,37825.12723240843
-995.1496016142476,361.04568045487315,13.0,53745.29422788697
-850.3007035030893,326.9164542674287,14.0,51018.26289277654
-828.6363884739934,336.2790450623409,15.0,35579.08138354781
-712.3565143562016,332.3521018345479,15.0,36659.79259382056
-661.3602049287178,209.2961418450431,16.0,37842.83196346935
-712.232160041564,218.74229245145443,17.0,34639.65858830781
-716.1233518608753,228.73516686159675,16.0,18511.006811179857
-796.9084459885537,221.59897795275683,15.0,26184.86104265274
-842.3311461116485,250.71384765967449,14.0,30427.17541847563
-818.3163301653266,255.14162127293514,15.0,22887.897792498385
-744.1928359090866,305.60823689267676,14.0,31400.573506186593
-529.9378563612933,442.83381598155535,14.0,44505.5119952315
-341.6493086660905,395.77037815676357,13.0,46446.99647263294
-232.67727562225176,327.42145992489515,11.0,37544.45289986805
-145.8331100771407,275.0468311128421,13.0,40443.865182488385
-232.3519966712532,255.1036082728462,11.0,27708.519088917317
-217.1520564738482,245.82776627140657,11.0,27236.89133478964
-278.7104618711427,281.7250431441814,13.0,25235.8385856866
-408.36156982557094,302.2284689220727,14.0,33299.17502781713
-559.3239622143366,348.2446774794046,15.0,36343.36173109419
-676.6809066429836,234.07845405619452,15.0,35298.038362845415
-782.8084208673473,317.93803325675447,15.0,47020.91189589647
-991.8185856115664,415.51745101235764,15.0,49060.9224991605
-1174.552694537061,487.78804412619587,15.0,49794.01070574047
-1467.3465333883446,375.0760380201636,12.0,47382.54434753652
-1588.5867645272924,215.37741855083584,12.0,46836.44022729098
-1630.9965683877579,207.95547001153665,11.0,34994.99676944262
-1485.6316209913964,327.70142005026406,13.0,32030.9250301847
-1352.3980772601228,294.9122466973092,14.0,34187.176786297234
-1241.2030800489126,292.0828592856122,13.0,32691.194377935783
-1057.9425323725407,232.6057738278894,13.0,39694.61726940452
-1136.1805050163541,322.2341257391151,10.0,31674.625809234363
-1215.2101080200373,376.8623697337098,14.0,31122.69344817511
-1308.2121217662288,377.1042102652752,16.0,29933.753599603133
-1379.3800878253292,305.00328215372656,16.0,30770.344082884774
-1339.6371329516476,279.58072494198336,18.0,36636.88584537884
-1105.0363351639414,392.9278011672665,15.0,46846.488532920084
-954.7149559814867,347.16945078111854,14.0,44288.09029607082
-929.2348619636653,317.41497889282084,16.0,37357.72931841148
-829.5805109588273,257.44526655321437,15.0,33077.9504298823
-864.1596523923806,215.70788302466482,17.0,31014.134681364183
-868.5482050639494,264.02398823367076,17.0,29822.573966056032
-831.3222828238154,278.452257483286,15.0,29562.752968251472
-894.4946687411884,292.9624668892877,14.0,30719.439996155877
-931.0909864026702,287.6762391650368,14.0,29028.803480125007
-900.6163565505769,266.34224897955863,13.0,30631.73328045366
-968.2450475814143,264.23647206600083,12.0,31272.852032691142
-1044.8484112290043,317.952417815804,15.0,37841.34764935998
-1218.2577653209717,357.9525576187425,14.0,36179.56615289638
-1410.9920825658933,241.9642241363874,14.0,36662.69859804264
-1445.7228194004172,223.54116788070516,15.0,36081.637896060354
-1469.4799896843572,270.6732131953215,13.0,23884.81672167607
-1453.4865405031608,263.95605503983836,14.0,24865.917280102014
-1326.0879233674427,324.45213415722895,17.0,32649.45652171173
-1113.1317669921457,503.2291959536514,17.0,53138.61582961911
-716.2344386710951,654.8716677107528,17.0,71323.33326867623
-518.7619106033221,498.2427842138636,15.0,59453.59609691285
-392.1013671676138,408.1973963984393,15.0,59665.71803774388
-482.69548479378733,433.4145983123339,17.0,49381.5668948154
-690.686383382431,263.3146474176315,17.0,45718.57981566951
-698.9506702460874,252.6307334758877,17.0,45221.15205028525
-721.5244974510726,251.58408884489023,17.0,25470.72276436546
-725.7380868819824,242.55122848212056,16.0,22768.19280827623
-782.0689354793222,238.38550538822312,16.0,21892.897138925204
-807.135481895712,240.13456866045226,16.0,19459.231032156713
-745.5855754733051,296.19402257866403,16.0,24873.747070443038
-592.0030561544456,362.6043004275081,13.0,30286.661711118246
-484.9090527275666,301.03713510837895,12.0,35034.38997797564
-487.03447326496064,289.40462162595503,13.0,34473.922519907945
-587.1719873491254,301.2005548622703,14.0,36616.601237653085
-774.9177071032385,272.4852207857896,14.0,33337.69032235325
-849.1054297477875,287.2127153951742,13.0,41063.169193349975
-785.9282535912306,318.59168728854934,14.0,33615.26463814338
-854.5831672886242,357.88744457410405,14.0,30808.624802315113
-993.9648790589715,472.51914448150126,16.0,51189.61151504459
-1188.6316515645215,483.1739596804316,16.0,47756.146814541346
-1511.3412428265888,405.4258580914851,13.0,57818.94959908226
-1674.654965041528,243.13198958154453,15.0,49083.49631779973
-1665.215768164846,260.2811520814685,13.0,37553.61118294996
-1579.3288142636206,343.92526311773094,12.0,32446.36577905194
-1319.089427937255,394.53558933734956,13.0,47586.87571187563
-1110.3544917074685,388.14638546384845,13.0,53236.14113334422
-806.883220753046,404.9134127608158,13.0,56102.95456972208
-658.1762756734231,369.98678930210565,15.0,51256.391854388254
-621.8400284426713,371.05616764534045,15.0,45949.77502901714
-642.3515467307087,406.5968291948748,15.0,42996.84702327377
-771.6893089419056,387.2473092927423,15.0,46320.546169912835
-847.6978728199349,311.6128554247455,15.0,41056.51394303896
-844.9291390072308,331.6660316189409,14.0,36512.048370076554
-771.9443267947148,304.0363888757508,16.0,31280.42251254571
-772.2979435912537,313.13990461560576,16.0,38421.51267590164
-753.8701759787643,299.22588778019787,13.0,35085.147656771456
-833.6910533073409,277.29120355393314,15.0,29694.392562534726
-925.5532427129328,231.992237170325,15.0,30948.97344880546
-956.228028850966,147.15867088547782,16.0,24150.46292862814
-981.511351777122,150.37542625689366,16.0,17243.343986394037
-973.8329601836797,145.00769169266604,16.0,13225.857784368842
-966.2764266456668,207.46009654462594,17.0,15562.425748688314
-1102.473965098237,338.5772292034077,16.0,32080.429739306255
-1198.5752749075436,349.7537554075071,18.0,35154.250948789224
-1232.0459991760767,329.98975552970563,16.0,33773.381730033645
-1330.3254442930088,265.11219242580694,14.0,31325.449992810376
-1189.030342420269,269.7942957923316,12.0,35122.81241096312
-1073.8316685878356,290.20757716027487,11.0,35365.5362353865
-1004.6935702158019,321.2007216317518,12.0,28695.869450144062
-943.1202147775501,290.17591875503416,12.0,29725.96053792497
-916.3091557279779,317.85151689942757,13.0,30463.963655599033
-835.4304277297658,332.1629636784428,14.0,31191.56349699161
-773.3036203203309,356.47580634746276,12.0,33936.58487089547
-679.0467915916627,297.0078058928955,13.0,34197.61795974699
-570.3223198527484,276.5166495851109,13.0,40547.26798532979
-529.1446576579347,282.98857577638984,14.0,31744.285842166402
-504.85860974787977,266.9229292633053,16.0,27905.557636208363
-475.8195894023366,262.51982020738944,15.0,33019.16376762472
-508.16574066752935,243.36345625078917,17.0,31218.565988104412
-487.1303975299886,294.6249835120959,14.0,28113.166135188916
-536.5752966112382,289.95994740552413,15.0,27521.678676816016
-558.1099558464834,288.2383368050018,16.0,32120.813713576994
-503.04785887416165,304.14191664938323,15.0,31247.023200879757
-478.4375955292735,289.8982402289177,16.0,32577.529976901773
-415.3109785765518,269.0356253572699,17.0,31205.764718780927
-336.42250797678946,193.59599338787737,18.0,26818.419474164224
-391.7043576911011,224.03283086549197,17.0,26728.41238569186
-385.5107933918798,219.8518013993853,16.0,21811.518392331465
-294.6402461653249,259.2386936385064,16.0,25653.64703246547
-236.8960543542013,247.79733482272593,13.0,27124.17948469003
-204.07314194454364,231.37780889281305,15.0,28374.613837049284
-154.22347232160183,266.98461385239875,14.0,30336.15917286376
-220.52864601190086,272.3580759851435,15.0,25094.176139038118
-189.76224511596232,287.7692900963686,13.0,27239.97106553834
-211.20346131243554,233.73599241692952,16.0,39483.80966835296
-114.07411201010264,242.90478022067973,14.0,41692.43639403631
-62.45111943763941,235.93461358445757,14.0,28202.358180295072
11.802959098881807,233.45036135434356,15.0,22142.504776104586
103.42074334715744,199.81419761798568,14.0,25767.611060822288
-24.6910676588456,292.548531964777,15.0,33375.805052456184
-191.17538563278077,384.2439600229726,15.0,39044.169120388666
-384.4440870865438,384.6528526947397,15.0,34687.90553655392
-607.9845614183333,212.4309583996419,15.0,39692.84078355475
-570.0686663163086,258.90484278619715,12.0,37028.67314121444
-507.5382740223379,286.1345973329496,13.0,22103.350689974373
-422.3786607751708,262.2577008192184,14.0,24767.140214317464
-436.08980866807156,292.14277770961587,14.0,28793.73065014933
-560.7927206548036,303.99992497187543,18.0,29906.435848129517
-769.7687450188103,361.3223099673813,17.0,38840.18234103536
-1053.3747059367224,346.0306173317558,17.0,50540.30453706876
-1141.0750284012965,295.1188871026509,16.0,40984.80217846142
-1218.3581615709131,228.33127518279957,16.0,30284.755973532243
-1199.6870141488941,245.177675381762,15.0,28402.92523041856
-1041.7565144861887,232.02075164886134,14.0,26482.402937808314
-1097.4350736409394,299.58505163100983,15.0,29330.6838911803
-1103.3908223886062,300.6812730309969,15.0,29313.309069053113
-1127.8236401091135,316.74627627369324,13.0,30850.269091934148
-1196.9445003627038,270.88328498119,13.0,33865.5074779836
-1152.1666649732663,220.2444985385215,15.0,30352.147733247963
-1128.5424661171223,235.26764332185184,14.0,25127.998441983305
-1101.9260614377517,159.68779374883832,17.0,19302.617552807773
-973.5493030265746,280.93287902686546,17.0,33817.00182068192
-911.7963685853358,265.2766049971143,15.0,29798.492175456697
-936.5106294212272,277.0340103702915,12.0,30657.506982949842
-900.4239544005455,262.49688935770723,14.0,28433.35897484066
-1038.7315425270451,201.08548336446063,15.0,28776.69692586513
-1194.0656023599972,278.7408421881758,17.0,40141.53683452733
-1245.3888125904261,288.3830595406198,20.0,29069.71056659563
-1284.5731434019922,273.7700700226502,18.0,27561.409523004535
-1272.2535938655176,285.7603226493601,16.0,29027.42226141476
-1118.643366912034,259.9771384234476,15.0,30480.42910086542
-1056.851756719017,217.1785714380187,14.0,30431.308048588202
-1018.4582817846541,230.42500022076845,14.0,26104.906662236837
-989.356364991948,207.21900571762885,14.0,20740.60365622081
-957.9448067287719,216.56148719085556,15.0,20915.825402803814
-908.4726474184033,221.5628639895012,14.0,17129.679553224116
-907.6973753540685,195.42026725876033,14.0,17169.494751029844
-1053.2875815819934,393.8920227914683,13.0,39586.357072209365
-1281.5826870705603,443.0507693358343,13.0,42710.49021360716
-1364.8367482229014,377.42070392772746,15.0,38603.94513947804
-1444.4438716240181,322.60945405215887,14.0,41850.86065566982
-1329.342128804419,295.2317787628165,15.0,38509.94124096959
-1128.4881106834882,266.71893470625224,14.0,40407.19525379342
-1023.0693062073045,291.2334628748393,14.0,39752.526914227645
-851.0615071202786,278.6491499749704,14.0,31138.17913611282
-693.8364710370988,283.04183219288143,15.0,36616.7798516628
-648.5368946455588,262.60978060542095,17.0,30162.070600906412
-770.2317040846315,389.69908986242604,18.0,35915.98084438595
-936.8273235197316,421.2563619572146,18.0,35457.692765558386
-1085.9478346197398,312.05747026783826,17.0,36470.14948636606
-1004.8638531635515,429.98416676263,17.0,45076.858303597604
-796.0279883419652,453.94952566326367,16.0,46532.89931591566
-585.0266151599412,374.0581485561064,14.0,44253.454065815065
-336.0271572964053,313.0940631406422,16.0,60180.99913591251
-266.11613616908886,285.20711719211647,14.0,47728.87238310515
-38.52400066811274,369.76604322145863,16.0,47499.17460639827
35.645249493379055,314.95320278540476,16.0,41107.110442244484
56.07842281990747,300.9622937308748,16.0,31814.751775462828
34.687328738636914,326.7272034403363,15.0,33560.10672233479
-181.33918067973812,258.2600362752424,16.0,37555.67775740513
-223.44285923969358,279.7407964691852,16.0,39908.00382917589
-192.19812042359646,299.83870675756026,17.0,29944.145177535254
-111.59110192702084,311.2320153110828,18.0,27550.033217766442
-124.2743914505147,322.9238118670189,16.0,33815.36630473411
-71.82257729122037,323.81043964544324,16.0,39088.2297408678
-170.2896606579612,307.6130758021373,14.0,36427.552360222755
-222.12429786060432,255.78403850649164,15.0,32799.45123625035
-180.8126296190549,234.25286079626858,13.0,28789.156019625363
-224.39497889886718,182.0279241977799,14.0,22756.516004253688
-183.05339104730587,192.23056348539396,14.0,20329.67420208945
-336.94638240890214,288.99593440628064,12.0,27109.857360730508
-526.1663954696992,446.8268646038031,14.0,47823.43470289353
-806.5482813762603,534.6202922704591,14.0,52615.58847891292
-976.6961677509174,372.68062347590046,15.0,45438.70727968092
-1017.0630409183506,348.2298990716723,15.0,50050.356961629375
-890.7108833665275,364.69254762308765,16.0,38797.23631474123
-632.0215672670107,279.60334134196665,16.0,41851.619545507674
-549.9316377003976,260.07040735190395,14.0,43977.52733125529
-335.1740090281714,287.78880896403575,15.0,40328.67497112854
-205.00344188069627,277.5887342019953,14.0,38217.918828318725
-175.91796498748192,264.6053730371261,18.0,29156.466049536393
-56.447229646345086,210.05856395122265,18.0,27914.151547958652
-52.14195152109916,168.29979253230044,17.0,25331.15855550246
-12.098007813535995,185.11669083641112,14.0,19091.926885017037
-12.080679735944784,216.9385408031689,12.0,15745.936900490036
-207.0104003626386,373.0320698904334,12.0,30424.114162770817
-464.5147833965718,480.03632754532197,13.0,49833.453759543634
-530.2519008366937,428.9548041893581,15.0,45927.35975758753
-500.5624420631281,452.5791808866655,14.0,47855.65154740381
-180.95121770010618,600.5050089827041,14.0,54045.48530821722
168.49919985298393,370.9677699115301,15.0,60385.716091351554
260.2054713616532,309.4066210018898,14.0,62190.19894439189
403.26538549691065,211.09868450567626,14.0,35523.34320508902
387.96550618159637,251.90043941376976,15.0,32488.2496863606
173.53754383912354,479.8554558716906,13.0,48079.76487865496
14.704310399643532,529.4788663239391,14.0,48298.60848018453
-261.9263362497662,520.7143767243006,13.0,52797.626735995735
-565.1608166409162,312.71365246763986,11.0,56776.535233225826
-583.7288030121549,318.7848525009137,12.0,57743.00342712941
-574.1398747443382,324.2554655721899,12.0,34938.226430959476
-552.9500108617032,297.6887227267182,13.0,35029.40284809612
-489.69442678412935,234.8488502565796,15.0,33590.63371357631
-471.7789045988819,158.73976715225018,15.0,29157.99087910709
-567.7847383453733,187.87905487627438,14.0,25893.190078838634
-660.4732374729643,229.39245877223013,15.0,24894.472513533354
-656.0690998586566,246.83236762337435,14.0,24320.924227411644
-596.99740438753,299.09910917758276,16.0,23073.592788008813
-487.84853138477126,299.7091648799752,17.0,24237.573866159393
-357.80575913914004,194.12653087511922,17.0,26226.162171013144
-237.61558417625847,238.32666358422887,14.0,33018.08814569167
-143.71761643935616,291.512636446452,13.0,27099.135606598295
-71.76853803914865,282.01759197528395,11.0,26351.26257130983
-78.14848367445187,282.0590106408632,13.0,28262.004484374615
-218.3174050554966,325.1830308340867,15.0,27540.710321156515
-488.92480437012654,431.87442143503876,15.0,53153.09751269315
-765.0251242608169,397.933412014789,16.0,55333.91667692991
-968.1248415903186,376.302483854876,16.0,59383.944635083935
-1141.5053652343672,306.8878271482484,16.0,42352.01204598703
-1294.3913400665253,247.1199426992021,15.0,44679.59239698507
-1361.0240006308693,226.73913350143917,17.0,29955.6377777773
-1389.4642058230995,246.33581819442185,15.0,22007.211653606482
-1310.172036541022,311.020647743412,16.0,23887.154751131813
-1266.3001068840385,299.3357548539475,15.0,31766.187236042315
-1200.0308107756841,307.18713224677634,15.0,31366.56539364906
-1133.662215893767,274.6187190182476,15.0,24235.370456454584
-1121.6052498695906,278.5275879851749,14.0,26720.42346884119
-1030.2951830017691,208.25168317811972,15.0,25255.69598394444
-1078.5774722181823,239.80797470210658,13.0,21242.068419837968
-1101.1798674343781,249.56134187794103,15.0,20513.84158898038
-1127.8152668042628,228.68849624061394,14.0,19181.6078951144
-1089.6497921213022,269.687773942487,14.0,19693.260368478404
-905.9333920420165,295.95628496068855,15.0,32362.324239206664
-621.6457133302491,420.2780017443383,14.0,56279.878142420246
-315.4631825857969,492.79895373373625,15.0,59901.99539538317
-104.8511758503245,366.4336457315839,13.0,46654.446177733626
83.30653891256947,238.50057284878022,13.0,48344.79366144028
149.50403835381533,231.7960484377529,15.0,34554.47076347253
124.7275090127741,231.6774293923227,15.0,23053.139415174006
82.76986370154815,258.89179648484605,14.0,28564.083832495242
-25.934911985872848,291.5845058013517,15.0,23075.33003711187
-150.67371515457384,263.25205092648184,14.0,24902.766724681405
-247.85853382073049,209.57983734457997,12.0,23457.962498317363
-228.49574819798514,213.69210586492486,14.0,22241.87307600094
-234.79355362794044,244.5203995939158,13.0,18434.277805097267
-354.4028104105116,332.75683992385115,15.0,29239.71531693913
-455.32955239169974,331.11177429284726,18.0,32198.31889898365
-562.9945086053078,292.4651126946367,17.0,35549.94120702311
-600.6221021660476,258.08265495502803,17.0,34339.29339497238
-530.7953930791842,250.40313039256714,17.0,28572.249742387976
-535.7260111072653,254.4878257827876,15.0,26735.61980879605
-596.9953180218837,263.44399323543263,14.0,27102.162321231197
-841.5589535860333,406.19766784397103,13.0,43256.87823594194
-974.4894640383187,340.5332709715891,14.0,41134.43692181249
-1108.191197198583,309.34353942507045,13.0,40677.30012582054
-1243.3981167493594,255.459539694946,16.0,37426.18123708501
-1184.874352772781,214.4669577135198,19.0,29606.793193020396
-1236.3865253872764,226.32560483449288,17.0,21651.109550554986
-1125.307952324386,307.9989702237719,19.0,31514.058863422644
-1022.864963672423,331.23917367779165,17.0,34850.74047762067
-857.5360475554542,372.3339266989791,16.0,43839.05148244691
-641.28278241774,345.10164173844925,16.0,47158.26239656389
-583.9313674939352,330.51393122609556,14.0,43076.08374131819
-514.8281246459424,246.13785563173312,15.0,32024.79407657856
-655.050438653177,354.6291112179158,15.0,31267.540462751094
-713.4141207994518,312.3349334414329,15.0,27429.58450425315
-746.7255848055769,300.3072647203516,17.0,30062.416551312348
-715.8131052174056,297.9249647665715,17.0,27733.98950429016
-492.2433969641435,264.13929282641,16.0,33370.63054820999
-406.73258210503445,261.44458703601555,16.0,40850.20390977188
-269.5318077375466,246.29000653676408,15.0,28467.130854880044
-86.8374342606268,279.92248250109094,13.0,40236.072710773195
-75.34563851217659,267.51812078934466,14.0,28292.512406923826
-168.13061218254327,383.212596707584,14.0,38653.160265036386
-274.6113465928759,404.34607386231943,15.0,37190.80758015244
-400.05236634487574,305.31288626038986,16.0,42498.56777160049
-417.085506807867,292.76334669320994,14.0,39968.29057887339
-311.42469747965265,256.81881125809394,13.0,28649.591393730316
-197.9303452258931,237.97014016506762,15.0,30471.739511956726
-258.9641035734349,264.7282140812972,14.0,29786.715169382518
-218.5400923620186,289.95747743730936,13.0,24292.44520126854
-367.9775474951388,373.5955903939287,13.0,32357.29034602061
-560.8631453162677,373.56243888135816,12.0,44173.43866647387
-597.9528398918162,379.48959388582074,14.0,44967.73854729233
-761.7044981631997,209.75792108630674,14.0,35076.61968649558
-586.3068311587965,401.41953210005806,15.0,41317.542250495906
-366.97746689357393,432.5949445303911,14.0,42412.23403899546
-332.82708406252016,411.1822102242815,12.0,46417.056134946266
-238.8080936148857,350.8041095391563,14.0,40399.76672897676
-211.6387508029559,316.279641425524,16.0,37680.13197370571
-181.17957073796057,327.5676202239344,18.0,35639.708550725314
-68.40174342660076,242.7148295781854,18.0,32646.728041215916
15.793604516063885,200.96180816951457,18.0,31551.220016738956
-65.83992093494778,242.524198929933,19.0,22870.37646450464
-182.6934666835027,226.31986285909915,19.0,23460.828086806985
-349.63678039104514,327.6240272908035,19.0,35668.72233687664
-547.2129120433398,289.2215817689735,19.0,33297.171913597456
-580.5986837118895,271.5735762756964,18.0,30483.92623772085
-674.8509671616739,257.44367628637224,16.0,29933.07598092787
-731.3726712111688,286.1333190435692,17.0,24870.82814974091
-785.7062097783285,325.23254575228157,15.0,30821.947816800945
-836.5748832958559,270.4182901315864,15.0,27329.907656964435
-794.7996102521566,283.2734191966421,15.0,26922.480596820238
-663.860869100784,295.4472081089512,14.0,26290.586698355775
-530.4416518603266,192.2039008927749,16.0,25516.252309197393
-525.0922733548633,185.05015339991425,17.0,25766.015727990853
-645.1823793495606,282.7767447562101,17.0,22036.310847189907
-693.2416566297686,260.7765623433945,17.0,22293.45468073983
-763.2446351485719,243.75099906985315,15.0,26231.25719733075
-840.5029455941859,234.8345634772965,15.0,22484.36242093266
-864.7762044089447,253.4283438601566,16.0,23797.26737537884
-932.6300062339801,243.0229988395992,15.0,24361.004122467148
-950.5385748668098,233.0622735005202,17.0,24415.039066260946
-1020.6422275888838,258.08461472816435,18.0,21838.831878014524
-942.5555447110096,272.8768624525463,17.0,21761.057537905166
-991.8247364876889,278.7064077127648,18.0,29037.819356487373
-995.3252288907042,264.5012991114523,17.0,26993.282291229774
-970.748748858459,247.58179155310685,18.0,24626.159890856106
-848.0242179441965,383.77320790909556,16.0,35764.480631196704
-598.8664773794783,430.2456543782316,15.0,50876.13453494103
-445.6762524357903,426.00019986238465,16.0,51090.22342827677
-291.46687272336015,239.57801348341152,16.0,40762.13577704971
-278.79392416869786,231.14294476753372,16.0,45670.916774775396
-249.31076208129676,258.03761625045826,17.0,19826.028870213147
-219.6237682573619,273.8499845762424,16.0,20539.95232283492
-235.9508601845427,275.9638141580484,15.0,28386.4271583409
-245.77230794529703,279.85830095490707,15.0,29216.000809706915
-436.0819997082509,311.36737945855845,13.0,33947.42150774649
-584.3642133979581,250.17838064529988,12.0,36072.03544824064
-532.9950670264806,288.4621649104202,13.0,34518.65848750577
-602.1982561216972,250.96350162239028,13.0,26254.65755555099
-513.3640008030189,259.8125377195528,14.0,27470.993648691605
-475.92045520114226,238.86416833326018,15.0,25382.44589513304
-486.2798645460942,328.00857441352065,14.0,28483.395284266597
-388.8356726157396,356.7468714728876,13.0,39927.48659735131
-406.07190120665734,331.98943549020515,12.0,37000.03821997128
-354.5204237225768,336.3491084001587,11.0,33783.32693225042
-291.9161031975473,270.0914408634791,12.0,35364.90402192831
-304.22880722993847,247.03368103143802,14.0,34175.94618043309
-157.3531914587388,267.4503619634681,15.0,31481.85702874871
-35.35073184861108,283.4123498359035,16.0,36594.59078402845
53.36459482293063,268.5852222769533,16.0,37562.98687834967
68.24164884314442,265.261545681489,15.0,30240.165905063754
-21.67663635298799,302.21638052993734,13.0,29053.40081252229
-182.74283514111048,307.5085449372791,15.0,36094.48881809911
-281.582131273956,245.7279412599553,13.0,33454.33873211411
-244.761009543106,262.5133111312823,15.0,27801.099581450464
-188.56231721799134,273.4968614149323,15.0,21986.268934649248
-74.19141791817377,202.03585977332185,16.0,21452.983953893534
-101.68839070266263,215.5430931310343,16.0,24474.213303966517
-225.78783223312246,315.79273638320547,16.0,32975.42596410126
-319.1612711071037,303.7368931599205,14.0,33912.642705985665
-438.44100970086953,268.47187374259437,13.0,35877.86540503061
-646.4709318386978,386.9101298598564,16.0,51453.448809125526
-792.6838472355661,388.21629972311916,16.0,52486.13270237867
-912.9886567597958,324.97749227099354,17.0,39638.48829723654
-1053.5158779094475,236.50059367519268,16.0,39447.31638709345
-1071.0209009780147,181.61842237571344,16.0,34683.512643999056
-1080.4078178549812,198.20407107157658,16.0,18737.111633282406
-1219.0397659698854,227.51190067272609,15.0,23150.52000208148
-1239.3747394150384,221.05022384993026,14.0,24100.648953282816
-1104.8475752032928,340.5509309448696,14.0,32076.689772409205
-981.2275322063132,384.89590693100865,14.0,37317.48512732095
-796.613023826509,272.425636346788,13.0,31317.07285486944
-763.5357962035775,226.18063390367723,14.0,35689.40899855115
-770.6452519529587,235.81751920731773,13.0,28900.87447210987
-826.2553619852662,227.4084881333706,15.0,22973.654787789856
-817.4165532633682,230.4736531326396,15.0,23563.807086331708
-645.359697037112,290.40594117021476,16.0,32358.95654042937
-429.98819393832827,450.7792594687819,17.0,53262.30676915928
-306.0962221844586,370.3644000805676,17.0,37115.743654510945
-230.4924560552108,314.17556710446144,18.0,38738.73965086581
-346.7579009420616,394.2505089269796,15.0,38116.485189034196
-629.8750789986789,312.1789889407745,14.0,44560.23291093085
-817.680987038045,348.82965167274466,13.0,58439.7151340881
-954.0464907360216,258.49100629653,15.0,37840.14646788625
-915.183896256517,278.4095405576892,17.0,33276.73103193434
-932.5044405274072,276.9404243119087,17.0,26538.18722420609
-822.4084552325262,242.4326900566723,16.0,27400.74565212906
-827.1859575525104,215.66478695672657,16.0,25648.448738031853
-879.596672838073,184.16726531244052,14.0,19184.035009357634
-724.1421614061969,289.224443118182,14.0,27220.290857704163
-720.8338795099529,343.02866720023854,13.0,34600.984084735566
-581.1695103611827,336.27891663626525,13.0,35221.83954863236
-370.96133976311415,379.1814196090575,14.0,43542.644909696915
-350.0025172001866,355.7581263247451,15.0,43740.06038394724
-342.49872670706003,295.82091693239994,16.0,38470.125285694776
-332.7304597962103,320.29698490998265,18.0,34837.76681494083
-370.04765305948047,280.07587345772845,17.0,28716.57803669493
-372.69801182753184,281.50246754671696,15.0,29573.35497157002
-298.4305647755425,243.11139503275734,14.0,24909.995290140087
-275.8073300968221,213.98454339447838,15.0,24331.554671053862
-267.87948688402116,199.18839300861714,15.0,18650.09520799688
-305.81668651591275,216.14391897632876,15.0,19719.89462806704
-320.6732659126784,215.46419111545214,15.0,18180.639234593036
-319.556654025872,201.22681859720433,14.0,18664.098334149538
-402.0904081761835,165.49344460369952,16.0,18501.991277429453
-481.05570120987556,245.6486849754655,17.0,26786.770357993595
-710.9211600507205,432.1496077186836,17.0,41048.26890215001
-1107.184036177843,552.8977902443446,16.0,64552.27286575203
-1418.2480867290337,445.01389624162323,16.0,62173.080487849395
-1635.4624462941247,263.26896168859673,15.0,51628.46813162471
-1667.899493490745,228.61841692781675,17.0,37002.150229405874
-1480.665980215894,336.6338016751973,16.0,31901.868823191096
-1420.1393549046347,309.45676206780877,16.0,32157.19394315738
-1434.2203235334853,320.0085583139966,15.0,33500.54645536264
-1436.6558942714116,324.0138537281316,13.0,31107.354326333487
-1460.8758239785109,247.35697780024407,14.0,33207.78284145355
-1310.9318855960478,366.5680105255882,13.0,28964.185778504918
-1053.2607506692345,352.4902683143475,16.0,39051.49565341408
-924.5634630343122,259.27542471552204,16.0,40798.27854026825
-803.7244404158341,228.284255993001,15.0,35352.71823582256
-765.1549696764015,220.0659721422967,13.0,25620.75714999353
-651.7643693330891,323.1249683117246,13.0,31500.37059394956
-597.504716663934,289.463459039541,14.0,29496.177597288875
-628.8379617543661,298.27196558178184,13.0,29633.189903300048
-666.1725412746655,320.8037385485412,14.0,31847.44050615368
-874.2160665434677,223.67712448601236,14.0,33127.14633392851
-985.5090754709273,246.79924913993065,16.0,39789.85782357451
-1022.8663091384826,232.47226931346813,17.0,19608.894534523806
-939.6369280800077,317.8318731910309,17.0,27672.02926357465
-833.455486579492,326.5340462158372,17.0,26439.55134811485
-798.3597278295025,274.270441175517,16.0,30295.940383063597
-778.3642705599334,262.06323822676376,17.0,31531.773894570415
-825.7345084034671,213.74108098104347,16.0,24126.05946307646
-751.343179435933,308.04116399696045,15.0,23580.95620856008
-638.3899581765997,281.413812173786,11.0,26357.189489415796
-523.690217039029,285.98201791879995,11.0,35539.86748183963
-318.0850449315548,358.0601713627298,10.0,39852.30742150504
-173.5774188191544,419.7866726744007,13.0,45314.71920622781
8.727916264655432,329.61290702374293,14.0,36217.084708105795
148.42667082641708,163.94353347394784,14.0,39083.60143097204
50.0582359958953,248.6204494776639,15.0,28728.15664009567
-92.13903308174511,271.5702198783415,16.0,24915.60734020689
-439.0024807600059,535.1471624050281,16.0,63712.376459627056
-818.559025081088,541.7998764621852,17.0,69511.64106187747
-1069.998185903883,475.4795673000244,17.0,64184.51823482128
-1106.4898969405608,444.32668059882025,15.0,49437.33403973373
-868.2150649702112,542.504317560324,15.0,51079.814353014466
-650.9614815210244,450.8695817752987,14.0,47607.51852039838
-535.9268553842891,303.6712114550376,14.0,40357.125649234134
-659.7386810355674,335.6624904959466,14.0,43184.271598000974
-805.3048213528999,272.46835350877797,13.0,32913.788163520076
-875.6865442173071,233.9218505848911,10.0,33638.50714122955
-796.9034618214863,274.84582592835983,10.0,28550.698915909932
-663.2357927995537,268.6498596798162,11.0,28569.919809619045
-566.2577661910981,230.52890776109675,13.0,30671.94097220264
-573.2470218910998,216.25481841535083,16.0,26443.93501252506
-561.9539724659504,220.69777662859477,17.0,25593.554392801085
-565.3423401376436,219.09815651705682,18.0,17928.76528909163
-565.7694839932323,229.00457894030234,17.0,19432.92401293577
-543.2023144008327,213.9484349549782,16.0,19170.90329025572
-683.0783248879466,309.2847494024612,15.0,23482.19662278873
-816.5235097035928,297.92375335162563,15.0,23637.880983707073
-1056.941030734097,338.539835220306,16.0,43792.026090758896
-1227.1013957645002,385.9853510341382,14.0,47123.6231882227
-1149.7809363192819,437.4751307563508,13.0,43195.00662210754
-998.8341709162772,553.5483357940375,13.0,50022.42286514244
-736.6849520910017,512.8475878278733,10.0,51458.211114933496
-588.5962907088007,264.2961939265132,12.0,53625.158704766545
-670.1868088634271,335.2996000261404,13.0,45865.402794743444
-726.0267215806347,315.88196488069013,13.0,31543.64160233977
-814.9955963146377,267.7450397071518,13.0,33675.07525724379
-796.8891881313773,283.71854644565667,14.0,28757.13998118966
-659.1974497628006,271.6345432916301,13.0,31395.32894566743
-728.4860134701977,276.0958006350846,15.0,33361.71519485972
-767.5950598919965,269.8741549951449,16.0,29409.11198452358
-828.4210606672415,268.4604200913719,15.0,26645.626099521884
-945.7406242033572,216.91298672095886,13.0,32147.365973780506
-1055.2467814676688,266.4650900066317,11.0,35601.04657686013
-994.6219812974257,360.1241366334774,11.0,33035.953249998835
-877.5173285465113,419.36014048999283,13.0,39374.159736620335
-671.4074897653835,496.597859964989,14.0,48021.54361581456
-400.46919821115176,327.86370134692066,16.0,48912.73383637338
-363.8128179074283,248.30823035187217,15.0,48578.382234269986
-368.07048606593673,248.85587091808526,15.0,27525.1726671171
-500.67038344235715,236.83436163394032,14.0,25364.7715418817
-736.3565764355124,326.4754824387512,14.0,47148.21673209084
-835.6535367202488,307.31133696707445,15.0,38812.84092319556
-942.5782243262945,255.8316477762869,15.0,33863.668935161026
-1033.6927680312701,199.32235444634597,14.0,32438.502828332028
-992.083636946924,162.98899695421193,17.0,21450.336027783986
-1028.8262027698265,161.5289303981377,19.0,14580.528276652993
-1074.8224396989524,205.02234864854864,18.0,10389.144241641516
-1082.5276402720995,238.63320528923902,19.0,20058.61751395487
-1092.272068890142,234.16842675981172,18.0,19735.27490795084
-1009.3540969671143,282.5913017142159,14.0,24681.254194684403
-801.3693566036818,360.49430366334184,16.0,37602.75405432137
-615.0548827838167,344.66981131838634,14.0,41702.19413039087
-395.9802485117886,293.8979637791475,13.0,39039.44583268869
-232.80263806351513,331.41932006041475,14.0,51128.10603967105
-165.99363963682922,327.1574223882122,13.0,41611.65543014089
-43.98821140265704,365.27262839377386,14.0,39353.79695676449
158.31899785033923,430.77128383947866,14.0,53016.237924572386
-666.2870982858961,393.5039689555503,13.0,33554.84109996071
-567.2416407969394,468.8577773027019,9.0,39942.6611528116
-327.3623695464333,392.8413886190881,13.0,42229.971164813425
-145.30181924912634,255.90140030163494,13.0,49173.58586395328
-241.7625579278311,297.4849433342521,14.0,39892.674685249105
-358.0085506968659,332.7052012071163,16.0,36205.20516317038
-473.6640702815108,304.5984751017731,14.0,31809.77561642603
-606.6275735361577,267.7755981894392,15.0,34115.81008624185
-779.633338488434,393.9778492745836,13.0,45961.13052846221
-977.7111224958786,450.4082003580795,14.0,46601.96640737366
-1227.4531993992207,423.14725476358564,13.0,45686.464996058545
-1458.2586590812912,235.34953101501188,12.0,50884.72068035949
-1515.7406781840227,206.6618688558571,16.0,45745.124071645725
-1541.8146395878919,243.44735063146297,13.0,23377.73497275822
-1551.0728836227684,225.94264323479456,14.0,19744.313019544967
-1510.5485185299601,253.8954629423062,12.0,21010.023884382703
-1469.9557122848496,271.3911146211343,10.0,18593.029467356806
-1319.013894224712,314.5025335701261,10.0,32213.9903327119
-1132.1093561169305,332.83470737585804,12.0,40766.95561536061
-911.3791858370446,342.8941380603303,17.0,42991.13609687829
-836.2509226871124,251.7854696804649,18.0,31806.950230838585
-808.3158134869788,262.11226252811304,17.0,32113.792708829365
-854.0294070623758,261.04225364571386,16.0,25956.704065655777
-1020.8044723145641,219.17794864428282,16.0,30947.09697548927
-970.2886674356881,243.6239221257841,15.0,28832.021547206983
-962.530138953187,242.11795074916657,16.0,22555.968518415513
-912.6464040031852,284.2759482946052,16.0,26570.892226283562
-770.8080548966941,255.68648579789567,14.0,26636.647649211816
-641.1906397894709,298.81426867535106,15.0,41033.0022398613
-450.6261873292212,399.5058168517738,13.0,44442.86753872325
-384.3642936573764,338.53100905400305,12.0,42081.85754095543
-392.7714012287562,333.13714390306575,14.0,40312.663966898835
-492.527168750648,374.1382513605932,16.0,37868.91610823178
-619.3077282184918,225.51637488436492,16.0,37295.00414965893
-615.585222567004,227.30274341547462,15.0,40441.61158180892
-671.1926673658229,277.88851160136306,13.0,26213.298503732585
-730.9985473952024,301.97271454025815,15.0,28380.804355915483
-872.5643108471855,317.42363515542405,14.0,33956.657806224764
-924.4567367093753,259.12453254396337,16.0,31030.075703773266
-994.5818230704307,259.82631710224484,18.0,32451.96984526178
-1089.5803348514778,302.6628590865475,16.0,29676.09630316399
-1072.5236094311688,294.07196163514635,16.0,29504.438470487414
-1108.8211411218313,244.75571339819214,14.0,30560.876254208797
-1118.8898333156023,249.21377510225028,14.0,29391.397644961246
-1216.9686939782073,391.3061228673069,14.0,41337.645273478214
-1260.9050791389325,379.41498923152443,13.0,37011.16862487825
-1301.292803006608,343.20161831061125,14.0,36572.07376116066
-1144.124777629395,475.0561461670051,13.0,41490.76109539757
-808.9680427878822,378.2739893058823,13.0,52107.16632539272
-676.1879098139409,307.9339990222009,13.0,60325.469571532274
-594.0253868582133,242.72176672944173,13.0,32468.92567284326
-543.3991535896878,243.2132910129757,14.0,31042.75873340625
-537.9558391094006,236.09841000424467,13.0,21444.73576542353
-427.1051374364932,291.8309951403061,12.0,28332.243782579702
-116.07611169269875,430.50599868165125,14.0,48918.65658377428
210.51150717115937,573.9803902604641,14.0,68600.75921471827
481.18887443867874,478.9532474720383,15.0,49934.452586195635
-779.4666542507234,288.4718900623776,15.0,36921.94191399817
-835.1695565813952,232.22925945997267,12.0,27996.957914638548
-818.0084756189606,243.80496685371085,14.0,24370.89118658303
-717.2802239261686,295.50859801892346,14.0,23581.203723927
-649.0356465556395,241.684076531713,15.0,27848.993489143657
-690.8875034196811,283.24650623713114,16.0,31926.724419442555
-589.1807772459463,340.8639633986345,14.0,28367.1669492295
-605.5051652779803,311.653536278842,15.0,29481.70327086705
-494.18143216586054,314.9620748976839,16.0,35093.11119613913
-246.631135286979,325.5770445365182,17.0,42814.289334760426
-136.03744973612453,353.57250799431415,16.0,47678.23521012706
53.25590248033672,296.10134732216335,14.0,32284.55161620852
304.5538918522654,331.6306525867105,14.0,49645.324733488946
274.78623889983476,354.6956203488317,13.0,35028.110548531586
270.7821902354874,349.46920969081043,15.0,34586.996942692924
-225.8413016396557,315.3930445314636,13.0,32573.895616143174
-306.1910571714255,235.4289790527708,14.0,28550.483468787068
-346.4163202392899,210.56672395497722,11.0,30226.181940628092
-272.5194009649919,165.06785937364958,13.0,23157.84162886278
-242.71155433164887,188.04768638307158,14.0,16806.022487223112
-272.6491140097594,202.82412739648592,15.0,14672.714912358757
-324.6991779501792,241.40883429168966,15.0,18646.58476839598
-380.84591976544743,243.6898549747235,15.0,20105.359948334542
-332.29677360546424,263.8884461327525,14.0,26623.127343917557
-316.0403520054154,293.68961105899007,13.0,29283.022003271006
-203.33434118958778,275.9985519661189,15.0,31600.76963526199
-64.74104531511352,261.33552206010233,15.0,36466.72827917442
-110.92973262437212,274.18267108429706,15.0,30657.3731700392
-56.917204925246175,238.05956696549563,15.0,27134.69098238755
-262.03410828982277,421.11751023486846,13.0,43551.260145209744
-494.2139312764366,401.0390201284674,14.0,45068.180491056024
-736.2264885170423,450.8883318581224,13.0,53480.273377215985
-1016.0669683896084,248.88546149546863,15.0,51338.92388702934
-1105.2992436679315,235.60427821530516,15.0,51002.56705860176
-1053.9024615012984,323.8627007881663,14.0,31497.505082091488
-830.9899935646766,435.1603707652922,15.0,35752.16788926707
-467.4037495351053,587.0229509388823,14.0,67566.21066646195
-135.61442832728056,423.717907368385,12.0,64343.827280460275
56.15857726800255,332.7110957385342,13.0,64674.19892338176
222.25702364909077,278.0513578866124,13.0,43681.95443742184
215.95429283220525,218.02588901907308,13.0,35870.95564453115
172.02385707642867,245.41453979851875,13.0,27541.99310245488
58.85000472878193,311.2005207678835,14.0,31643.740828407645
14.56918435667635,279.91971573243103,13.0,29829.906583838387
-100.56440970431034,342.1765519076211,13.0,39952.614913703444
-260.8721459075399,448.15157774344317,13.0,43017.30537038793
-439.01462289236264,546.932934458786,14.0,49507.32580839758
-672.0961931755229,404.2786862656944,15.0,41356.28290457072
-808.465400339355,232.61100510730463,18.0,45846.931291917754
-821.8962233730824,184.30061690621613,18.0,32770.35806760166
-833.9438911980822,226.42036867835404,17.0,22399.135259232156
-940.3010483981291,256.3008846821025,17.0,25059.464950462847
-1132.6846850964212,356.8184482950689,16.0,38553.08793955638
-1369.6979993260097,358.82648128016143,17.0,44106.82981347259
-1556.6371427142553,335.81246351247137,17.0,42362.06155209668
-1601.0199462355317,303.1750040238489,16.0,30785.99661786122
-1387.9122880735385,494.28142070487286,13.0,41530.15072066167
-1108.5486563899794,538.1610909205159,11.0,47504.38795640933
-796.9831515708964,377.70760127530633,13.0,50173.07629467102
-720.7585627618106,266.9041131159335,15.0,43743.853042273986
-818.7471934389636,308.06149355485496,17.0,32380.36252832748
-917.325875957124,278.5511849396292,17.0,26734.446470783558
-1038.8588607335123,162.80699902139753,16.0,29388.69582100297
-1008.3787499851982,190.56914444293884,17.0,28898.59131207432
-1063.754840236133,230.25731181439576,14.0,20798.946773470565
-1090.9665518055067,239.10108556093377,15.0,22079.90618709718
-1153.9787595502667,265.98457808681167,15.0,23338.564011101407
-1283.723885602863,301.8610388153159,12.0,29939.126147242132
-1263.6459211285962,300.7020222487598,15.0,30380.596891885438
-1314.9976902244316,348.72557457868504,12.0,24875.204455931897
-1225.4284361725481,385.37762950506817,13.0,34278.426204445954
-1046.5800873420203,378.2313850164754,14.0,42702.913005124065
-888.6147604066866,390.80988402881593,13.0,48924.03312332666
-630.3653230551382,308.2559763200992,15.0,48928.42520534964
-423.7262498523722,314.20413563435665,15.0,58867.49705358369
-171.3569401220947,370.1432538572796,15.0,54336.30963300547
36.67881035094959,312.5072099970207,14.0,43136.9811237983
149.02387682830366,252.0812122342331,12.0,37192.638908661975
224.57168214511637,214.3756807447592,13.0,25710.898202467575
73.2450957969209,300.3446319764672,12.0,30391.45061561791
50.791359287315785,297.72954803716067,12.0,28071.108344989694
31.18745809059242,302.4471621507653,13.0,30371.130936194353
-38.424114256666115,283.24888776503883,13.0,26093.877591944733
40.83755845076242,251.44607790864717,15.0,26575.30676119746
-19.9973293549598,257.98384064335033,15.0,32250.83189364466
-129.3406371325983,299.9582852618265,12.0,31188.37764414934
-202.44202072611805,328.24741010511934,14.0,30386.64161849671
-275.6119725239753,283.70883489303117,13.0,28839.950327877435
-447.26086625290105,306.642542957131,15.0,36881.77662070003
-490.62562100045926,284.2475737694224,17.0,35386.49324864929
-514.7848504653404,249.83422917237553,17.0,26498.57136405296
-508.2374287123519,249.5310334038304,17.0,28939.790506741632
-360.25586761704346,225.69184469801039,17.0,28058.027503665573
-319.84716977555036,179.48415126456683,16.0,27029.036194646873
-300.943481925438,175.188569375016,15.0,19343.516029782688
-399.24843276731445,240.25309005260053,15.0,14867.670675509922
-526.584044590093,222.04037567689554,16.0,18757.964620381477
-633.1340632269101,239.2879292950312,16.0,30817.149021981022
-647.4274111589208,259.2999964205331,15.0,23347.916485531965
-687.9655570700542,282.5693410056408,15.0,22972.697040970885
-800.1587856652754,345.10728354305115,15.0,28768.334663925016
-837.6061084829564,351.83355489439174,14.0,32096.43531479854
-846.7307999197407,318.7635643126426,17.0,36027.9339528309
-804.5409173996601,340.93466368483257,15.0,38535.154379349886
-702.29373548798,305.9374635313651,14.0,31176.822716452596
-542.2376739144453,293.96681308931215,16.0,34074.95410376701
-580.7839740976423,297.93638565132744,17.0,30252.20865910654
-590.2636765807686,270.77733488585767,15.0,25364.1584665973
-592.5161104823143,248.8517667252782,15.0,28821.274969344056
-754.9806946690077,232.96045591408014,12.0,31849.148594442813
-870.5902287425491,275.3771347844129,11.0,38097.88741330235
-1010.7113840045147,294.32410902132824,13.0,31720.325235201773
-1049.8680042125561,261.0013829081526,13.0,24330.720698204543
-1058.4222264142672,245.43619094005487,15.0,26407.501421614557
-1012.0030845822901,237.70329752981908,15.0,26258.057758050472
-920.3545187611087,196.01281854461104,16.0,25059.311039256187
-942.6810363655393,208.15516774236372,15.0,24297.700314421214
-904.6544327547991,205.42176585863962,14.0,16207.755276189107
-902.7828175421802,186.2268591071596,15.0,16353.078219902609
-1000.3003148478102,242.06199704972116,16.0,24444.40975850638
-1030.5863153465505,253.23555726446878,17.0,25525.142081748618
-1159.05575402966,237.19460790663803,17.0,29443.577311064764
-1164.6866211545323,239.66423856589685,17.0,29152.114567071818
-1017.1194524364728,304.7734084537975,15.0,29879.456475404986
-845.9516768630788,374.5802634405004,13.0,38823.39496075522
-679.8604324531516,273.34550151369405,14.0,30711.11054817459
-885.2562499483386,574.2043418382264,12.0,48828.55455694111
-1105.4132129973516,628.8691591955403,12.0,51520.00401191527
-1384.8394458911182,502.8433602058587,14.0,55451.052956565705
-1642.4932375311334,264.9166337410565,14.0,61282.22891587517
-1643.688378947603,226.27717810716382,15.0,49004.18348535555
-1692.913815739917,243.30857588926324,16.0,30769.696462979573
-1651.4766920942322,277.03909230176663,16.0,23496.147712522394
-1561.8359336894487,330.257160846615,16.0,26236.43016787611
-1262.9042538657236,519.2506764006125,13.0,55456.09182582175
-946.2472937219461,484.3616583539953,14.0,64832.18144496155
-678.4839013408774,472.27466299793787,14.0,64081.37841060327
-413.0916298320242,258.55185048174206,16.0,55378.1718059284
-407.08014985953054,213.24132271976853,18.0,46973.89099133045
-419.9110063071109,217.03793671733845,17.0,20978.541187550298
-551.1529291130414,242.47520900828565,16.0,23550.91001330616
-730.8941684997989,233.77755969393462,18.0,29220.5668876165
-937.7145454833791,326.8329365374437,17.0,43152.38605590915
-1043.1888688925997,240.02458967202037,19.0,28598.91732878282
-1084.0291105714773,210.55043296685844,19.0,26839.38596536158
-955.9244131921737,341.5907833207892,19.0,29193.96720812587
-738.6732634144252,280.5904536584254,18.0,33564.84155563712
-569.5176552448672,300.5465601305443,17.0,45593.86536739074
-572.2465945392721,339.83417734340475,13.0,32527.744215205825
-764.9295680373019,456.6403574073506,11.0,42253.63150286869
-866.8212413080863,438.69468825246537,10.0,44511.002982675396
-927.4016964080578,359.80588039810067,12.0,43374.03458530221
-764.6389592111725,403.59817237439705,15.0,41251.10768253941
-603.8514554785667,261.9540251179994,14.0,36608.05650375135
-459.3567813973003,231.16738565717066,13.0,47971.17426840261
-351.39926727946255,295.1301554398252,13.0,34872.08544834565
-372.85818895097003,306.9994658629709,13.0,26441.8111786424
-343.95067348992393,288.45369839985716,16.0,26023.914869572767
-332.71496176697036,259.8034846384791,15.0,25365.602247005754
-363.6976335934968,205.24933583148328,15.0,24097.99972515711
-318.4632438077996,208.8831118816897,14.0,19643.447345275046
-388.8914910539136,285.2666122943914,12.0,26670.702615471186
-423.29113965124634,299.6545356720808,12.0,27785.585738536105
-607.3130606712199,344.24308773121635,12.0,38037.49320094868
-674.452782761497,283.62229842188543,13.0,36955.0651206241
-571.0683206671979,317.4689317503183,15.0,37674.22383480127
-616.1405195047647,278.5125473043209,15.0,35165.97804350582
-533.506370761245,219.27270421957422,15.0,33551.07325101064
-476.99287362806956,234.3013981093507,16.0,30456.726165595832
-425.7333506155897,258.5506549034995,18.0,24341.711137087554
-407.34217394261293,248.8208820039595,18.0,26113.15510382713
-367.1861199135181,209.82606915798877,18.0,23562.0288820483
-416.5139835987113,205.53420633435445,17.0,22418.49946514991
-519.5943397386226,168.48787399020964,16.0,22999.80623317782
-519.7546206279097,169.8337375003982,17.0,22994.86043770004
-499.4135772432932,177.20937395278403,17.0,14879.88669936896
-520.0939313947339,193.59799156171835,17.0,13672.14833693955
-402.78518487099217,255.4232074136298,18.0,23514.60497568601
-242.09382053185885,349.285733076729,18.0,32606.729437366765
-78.17938815132894,391.454826809464,18.0,37239.93358802327
48.88386005662651,267.3410867864572,19.0,29662.287262920865
29.711359740601168,284.83406669436323,18.0,34028.018101125796
-57.49932093545904,298.3461600668814,18.0,29959.38255862691
-374.4840944510718,433.2099181343175,17.0,49738.64665825395
-553.1309225922877,433.4110736896515,16.0,51130.92999212965
-732.2778627669885,384.197392772072,13.0,43370.23345820084
-837.4851903834212,252.31384520671514,11.0,46319.924819242595
-644.4890375535672,334.1650052393153,10.0,40146.19914673499
-458.96111231112695,390.1162816018171,9.0,41519.51997646096
-356.85355786810595,293.5046357643568,11.0,28797.716517720342
-266.329964902599,240.12653569797524,13.0,36575.811979652004
-232.83914735718497,246.26126346982016,15.0,26920.950976949996
-240.06476283510332,241.53407860458242,15.0,19959.03131332318
-218.46161857236513,222.68844670647158,14.0,24898.648394265514
-214.64212540588363,209.16496258884249,14.0,21452.5758958224
-260.2606487532432,207.73983336463803,13.0,19196.678079797606
-273.4127747758156,189.3407635671312,15.0,17528.455348149342
-339.4377762526941,267.9383670441684,16.0,28465.970853993487
-391.661694909352,273.97009062189267,15.0,26268.989876436015
-365.7989382964954,278.2125599393782,13.0,26503.480452066146
-398.1514461047413,258.5090401199871,14.0,26455.44284223761
-313.4623068668905,196.67279462035668,14.0,28423.563433293486
-311.627047949023,190.74045668011323,15.0,23064.003989440782
-353.7240060743326,221.01229115142806,15.0,16383.017285125528
-290.69084421512065,261.53703848592596,16.0,24587.384987347876
-295.25537233802055,264.5298847491599,17.0,22603.433601643603
-360.7148470720587,351.25863910121427,16.0,31448.20523876232
-539.8959150413006,454.8465636097286,16.0,37047.6025416078
-891.313426578615,466.6020512935101,16.0,49333.68102320209
-1026.2256166115883,348.2054161078961,16.0,46627.1003677497
-1066.6862987103427,289.6587366898763,15.0,34800.49074010566
-1040.3088019942593,287.6124582146651,13.0,32296.48194114887
-985.3174619744719,229.60200057941734,13.0,30495.137645377745
-944.0837806588811,307.30189258174016,12.0,34831.87810843963
-825.4634223486962,391.3883979947109,11.0,37162.67378496764
-686.6960854222418,446.2345346434307,11.0,38602.586391546996
-357.85618698268195,437.447931345345,14.0,56071.286648553396
-191.65171514300937,353.4797608482916,13.0,57654.067951998106
-19.62751604115223,360.58758151827845,16.0,43083.46843069993
109.09684124868889,244.12159085504302,17.0,37811.12069090829
79.9335554890747,221.2061474179619,17.0,36345.40622431058
74.5859130165816,234.6457169137526,15.0,21702.359557157644
1.268553140541485,274.38760982739353,14.0,24048.74575140983
-45.088682878302684,279.3831476991823,14.0,29657.20193249686
-97.7045879215621,276.56675208884633,14.0,26166.888312776617
-74.12723196853354,269.2766981216953,16.0,25764.80138200232
-175.36095126859908,277.6182563192664,17.0,34080.372780174715
-359.4123618539974,359.13778895886816,17.0,40547.88366284144
-409.3358378978952,351.1823633383664,20.0,35605.40487602583
-527.227504021029,264.54868116065666,19.0,31482.249272374884
-489.39095484715483,249.4604702393495,17.0,29743.01085359563
-261.2420426379894,289.99190620827665,16.0,37145.19832966347
-119.29428747274504,315.45736483497956,15.0,44422.844324736776
-76.04331768148425,305.8862478778442,14.0,32380.42924054781
-62.34557309292632,299.11053688489307,14.0,32586.21344233695
-66.89522602754592,266.349871031117,15.0,30428.953610474437
-103.39055491583889,278.42572935598884,13.0,31326.574156945902
-56.70040810231081,223.37626374370132,14.0,26904.638090617143
-83.37956213189506,256.5437832717857,14.0,24657.98771245746
-194.8762596026671,260.7216010373441,15.0,23317.427293347464
-276.3067663005019,196.87129260831938,15.0,24395.51701460501
-244.47181251231797,229.4944114959578,14.0,24099.32325071757
-107.25150396803537,284.90128646966497,15.0,21554.436600199107
139.353723581487,384.5057965713862,14.0,39958.88614368802
269.6334819031854,285.7597535865321,14.0,30225.086260099746
236.0036434397388,313.3376932140962,14.0,26362.00557643139
204.75658540142382,325.20380804874026,15.0,26505.34058827245
63.81009937308351,179.61470626930443,18.0,18614.020273460337
-16.823585680940063,215.13080666409795,16.0,17302.094834503834
-257.1820597431943,445.35007115138023,15.0,47206.74918229791
-549.7698860908475,544.2114986086141,15.0,53021.84361293595
-884.597205573337,469.3272217538441,13.0,59527.879152747446
-1081.4548382442347,251.1383471554131,15.0,54433.49233937223
-1148.7005538059188,203.67145881481525,16.0,47111.43625471201
-1129.0142227336876,238.59115101081787,13.0,24962.545934193386
-969.1266675833015,338.182867471457,12.0,29616.2731435522
-908.1682207435481,345.69745828452324,13.0,35455.87813849014
-791.6734187475673,309.8682536059581,13.0,27652.462899304293
-707.4440360763641,244.41108235945097,13.0,26085.17104722796
-581.9890405314934,329.38918487770457,15.0,42446.16317133498
-485.15161933237613,328.73161782864423,14.0,37016.1183428572
-522.2453048076146,362.0822986566775,15.0,35728.772330431864
-485.7541037056019,358.79309185571503,17.0,37594.60410444547
-560.7989517188521,287.26019462178397,15.0,37752.85539521221
-524.1739784916607,308.6535251690848,17.0,34348.39553716698
-300.16820483805935,305.96529464117344,15.0,36036.35338028072
-129.36574116416054,256.0657850230372,15.0,41066.827588762884
-108.77082199409102,219.16956630345913,17.0,31785.219140470734
-121.52646142388299,270.4037057882689,14.0,29737.558667521185
-215.29225827161767,275.6689366428958,16.0,23821.46452705418
-390.0164030111389,283.82997865993457,16.0,32523.994672910907
-376.62294232276446,304.5130211424303,15.0,31671.00596339824
-511.2985598183911,311.8784006290283,16.0,34678.69276831238
-619.3977073877538,304.57256183973425,15.0,37218.43307814824
-678.309151307833,316.45529569812,16.0,36220.534277130115
-812.0607297366676,214.93449315854033,14.0,34074.965873579305
-765.8126279997946,236.71904470902356,15.0,32151.104231457797
-851.0580819743225,279.093114143177,15.0,24145.09260907606
-811.3274341673333,315.26770314443695,14.0,27884.658953600858
-768.9586873775676,358.16070254763355,14.0,32381.88718782077
-731.9947555156456,377.1205298425961,16.0,37177.571256583746
-651.2719782271026,315.514144463176,15.0,35623.791187253584
-627.1393394883801,258.33624544025673,16.0,35520.65681863591
-587.4913777568202,231.66893939591924,17.0,26292.60032285774
-533.1717089172306,267.29406240563173,17.0,33772.21329305947
-495.7915126971133,248.63510620755224,17.0,26646.90411457866
-513.4328111866831,298.14453784679995,17.0,31576.096534914235
-581.8317241380066,302.2314999830585,15.0,31466.462017432837
-685.9714170419201,238.96345634586086,14.0,30577.034299679468
-641.7366023578022,251.01548362696406,17.0,28409.21327407586
-449.7214981131938,401.54169266139576,17.0,44770.85962544629
-243.5703548223223,398.4361113866968,16.0,43565.43351283367
-2.148860773932566,381.1326158298382,15.0,49440.68553358082
250.68269904048086,315.7203333431593,12.0,53007.33937903668
300.06231446231993,283.576290278922,11.0,41940.4954725116
-993.9952039715772,368.42176215928225,13.0,46669.234186485526
-1041.4124605749491,352.73340996167434,14.0,44064.571599979696
-1055.1581474693899,358.56726708075007,12.0,40616.95710924085
-928.3844254270738,307.424458458732,13.0,43731.309886598865
-870.2063046033251,272.32639402826135,14.0,43150.836639370464
-760.6579547445041,295.3694973256505,14.0,38069.251809863286
-704.8776870445201,299.5484239397099,14.0,34254.23384673329
-584.3419626580234,272.52873228065795,15.0,34833.7394124882
-518.103781312865,202.08522600550603,16.0,32244.352709020968
-407.7508750558939,325.27739974068623,15.0,36653.533113657235
-213.29403022396536,391.8211681773081,17.0,35106.176534195474
-63.67577780414624,418.31981413332534,17.0,40968.48265853842
56.601100399820034,291.3179364854324,15.0,35282.848451298036
-10.880557607904068,293.0584980749492,16.0,34925.29982354114
-202.45631952771632,334.715865202021,15.0,33853.49552184349
-403.94443417245463,242.26514183000063,16.0,38134.3511483117
-596.3487661192472,273.24039958582085,16.0,46051.04531320289
-841.4625937950963,351.5665047137684,15.0,48717.00451363773
-990.164721660207,325.75713809341283,16.0,39904.72333928821
-1149.72221367464,249.33341290674124,15.0,31792.608734558482
-1343.8988705683264,283.1294316047099,13.0,41134.604175681176
-1409.1348019689738,306.7255098801376,13.0,34490.752070158174
-1360.8439762614207,353.68027134061936,14.0,32049.952022940844
-1205.4071134694598,480.9132597854093,14.0,41461.88725608817
-976.1212898795033,419.13237642206946,15.0,36957.209757586614
-699.3422846779616,279.71912320579594,15.0,56923.68139235512
-470.8632572142185,340.15337768195565,16.0,58759.948929778606
-403.94782789460345,328.6520767680115,16.0,36955.73591897481
-220.69058577582956,266.68257046856377,15.0,36498.265910601745
-106.564623320984,239.3792349952597,14.0,41535.792996212294
-252.82335298044507,336.6882928785082,13.0,36573.94071646726
-353.20144738672377,418.6065637949062,14.0,44597.124569035404
-437.72705832589213,366.18364859113433,16.0,40394.968915061036
-411.07791792713493,392.6053900320898,15.0,42352.74532542491
-309.68398582071984,367.67268710498786,16.0,42916.68754598201
-189.18506915121787,246.08184111583245,16.0,37792.24764140115
-195.06256643102063,251.32110332959977,14.0,33239.682954324846
-326.5078997860025,196.7534691138488,16.0,23943.61067131304
-480.64386862201934,260.54323412327113,15.0,35442.28542428943
-600.9152356228782,250.36969440441771,16.0,26222.83006363059
-687.0199254091515,213.2737637938143,16.0,24207.505543237166
-853.4459428150185,194.05385736033475,15.0,30952.30403374782
-803.8292076970743,238.07940496700334,13.0,25925.026395141627
-830.994344407127,232.48280050847524,14.0,21351.598706725363
-799.6866142152614,271.6241610383835,15.0,23579.490882804686
-765.9638713174013,240.690735270938,18.0,21956.933904692512
-848.573461801848,239.74430462735523,19.0,29096.02782492833
-759.7093587837771,292.26621931935205,18.0,27351.684539709368
-626.7709096568469,412.1857053568637,17.0,42444.604935077485
-412.60462086596874,432.42460324922416,14.0,35729.0800667789
-293.8896320429008,318.0364840049914,15.0,34378.36540882626
-398.4538412692916,422.11376397061883,15.0,32679.186562212017
-588.6831145733512,415.8313055866913,14.0,37671.28214064959
-643.4193582538245,349.3826727986216,13.0,37259.73413243109
-536.488428965222,423.04534244752125,13.0,39526.746445376964
-416.37187862185704,351.32736147065054,13.0,37963.53042108536
-286.02340769235434,236.26239507878515,14.0,41742.86770405102
-257.67399278461073,213.66437430476196,14.0,33392.34885717457
-337.2739014523146,186.7816049932502,13.0,20433.088558288277
-400.21002495285666,249.5959392032203,14.0,24630.385855323893
-627.8838703383533,429.24564759071274,14.0,35699.549962908146
-836.6432101567656,371.04897363598224,14.0,35092.912995664825
-1073.4580491856336,341.05258943985064,16.0,55015.94145836734
-1286.0300644017275,299.5759350450423,16.0,48037.75164748075
-1386.615233622854,372.80051710036645,16.0,43328.88466150445
-1435.6612613830391,326.533017464776,18.0,34715.16907750515
-1355.0883217916175,339.4204240012561,17.0,32968.637579713955
-1290.3897366199928,326.342785641939,16.0,32218.864244793054
-1143.7887482716385,202.44008244135154,14.0,33380.06050812561
-1036.9948416994375,255.67682422772285,15.0,36995.99098309401
-931.799369219236,334.2188526976777,16.0,35575.482074818196
-874.7057889357053,274.1771842694215,14.0,32302.63352941023
-860.4937977114179,263.5347524613485,14.0,34041.914377694804
-983.3906760590307,321.1980287353187,12.0,36221.085542480694
-1116.6804682602276,244.35001193364323,11.0,34515.03754124562
-954.3286117676696,406.33375278322103,12.0,41186.46749797488
-826.3031960707372,474.91067078777854,13.0,49005.2617749787
-605.9199107229122,396.59672861411497,15.0,48510.72159139876
-465.1846861376805,231.7818847876011,15.0,50945.12889571489
-520.6215216471533,239.82776567803762,16.0,38064.64059475533
-533.6203364754994,206.70471855532574,18.0,23672.33048327224
-537.7255829191687,201.99263258370132,16.0,22333.45207456164
-491.6025626466701,237.22300327417486,14.0,20876.6572866661
-567.1169517806707,295.6714578147141,15.0,29165.575920122537
-640.0407426169434,310.4601465766049,12.0,30572.281823134268
-701.5393872271325,294.07913472652643,12.0,25957.219415510586
-838.9174884063082,208.02698607715146,16.0,26813.97512806228
-715.6103245694551,266.8593753829785,15.0,26009.085102572015
-632.2539141357244,266.7294135698464,15.0,25321.5036736112
-607.2365940914902,258.69714096396945,16.0,22280.005926679947
-540.354919732051,203.472657128933,14.0,26310.076549628953
-505.7320412498678,224.57667936453893,14.0,26002.34664815435
-570.6088241861311,257.5031872801744,16.0,21819.356528497872
-684.9254424174328,327.3921168589264,17.0,30762.94110842868
-767.5735230122172,353.5884055478724,17.0,31106.178512870745
-994.9060369951883,259.3943326085993,16.0,35266.21863130735
-979.2554744800764,272.3850199530659,15.0,36596.14603455212
-1042.3478086275745,373.1364735838833,13.0,30414.843243688036
-1177.7990661316674,423.8525309673932,13.0,39833.18528550062
-1221.176844071821,434.43146878371573,12.0,39682.92537886752
-1230.2544957812622,420.03520932680004,12.0,45079.30786165671
-1043.3993565155909,466.84183278511915,14.0,45435.16660760389
-802.427981902819,400.782978525336,14.0,49475.25503244708
-587.1430538811225,207.60433652238436,15.0,50149.28730974463
-527.6203051501515,185.83643690791496,13.0,43502.364040309905
-439.74928357062083,218.0517996709528,14.0,19429.893012559518
-407.8299170197732,231.19925248158344,13.0,25486.509570513797
-263.09257412496305,290.2835651377799,14.0,34790.84278785197
-236.0531354246531,308.04110446595496,15.0,33968.48302361419
-238.85616844342542,324.1746228097566,11.0,30450.484732358615
-215.07680497155192,287.0314788166917,15.0,24485.903980396943
-338.09688837983305,333.09288164114594,12.0,31020.7695072552
-484.0134680846168,428.7581337977538,12.0,48104.024998328816
-500.28742518382506,414.90927958895907,14.0,42945.828806728496
-595.3302626701778,413.39155653052785,13.0,42985.661152306144
-600.3736381746669,346.78513454316123,15.0,40773.57905285708
-504.0118562824238,264.8720782676253,15.0,39535.86956116399
-659.3126238107808,250.17936094862267,18.0,36368.85098874144
-641.4587377009539,241.7109620506696,18.0,28414.162138173266
-670.9843969595502,239.45635332109413,17.0,22230.305518571946
-545.3238203718978,342.51326775172816,17.0,27428.750052878564
-429.69407403384554,284.713450303849,17.0,30516.871271162163
-451.16600368825095,312.7204047164169,16.0,29885.55671692746
-369.34261578112404,328.1375011946064,17.0,32452.62213967562
-447.75353968568174,307.5260304074597,13.0,28584.033496297132
-475.9688932613159,298.8487343806048,12.0,28782.093063910117
-385.7995163768883,251.1416166820124,12.0,25032.410215964846
-383.9630886987518,212.08081058733913,11.0,25245.737911257438
-380.0598212818958,187.17519278463783,12.0,16417.22118914177
-260.58446669929384,228.8533000485398,13.0,19534.57650316325
-215.1295261412671,233.90132356889538,14.0,22803.919383134475
-100.26000611157961,297.82548743699397,13.0,29882.082835362544
116.3433291710912,349.5307655809187,14.0,40024.84100508563
153.92168596978325,329.18147568094014,14.0,41376.54367833034
177.61092124181548,300.7059379038857,16.0,37971.6727443898
110.48303294256469,314.0178255833494,16.0,36633.97623536782
-95.35824092390457,233.35398500147386,15.0,38171.136071410634
-243.9047616366044,249.2637759330082,17.0,44627.3081861631
-377.72344742451077,271.77193960688186,16.0,34585.723747214804
-452.0239483384567,210.42207717524136,14.0,22874.694995114547
-457.87149843203554,217.12352626788154,14.0,24084.160135566755
-415.54055152531953,247.91716793257328,12.0,21303.518639114176
-417.05015259954314,249.1596885164142,11.0,23725.090014690442
-475.8217703081526,264.4873604035756,12.0,21779.502369886683
-614.7225919765492,313.1654575821346,11.0,30979.165603085778
-758.0626303230171,265.74434769690373,13.0,32471.49166317826
-837.6398829706941,289.9888331965788,15.0,37426.152859954665
-771.7879004754161,359.88822181791994,14.0,35331.41490703677
-505.76530520172514,509.6271016762033,15.0,45922.786139122254
-403.5325693650451,455.32018852735735,12.0,47096.166431254656
-177.46170914299213,307.95104130099725,12.0,48596.593771222615
-199.15149927663794,334.5095222197894,13.0,47767.04049440257
-370.453068363493,278.6194841059492,11.0,34075.53516637526
-540.2888677355606,456.2720455469877,12.0,52362.88848112525
-904.4202167959229,507.4827210343939,13.0,52867.37204107032
-1088.238276418447,424.9817805067974,13.0,54329.888399143376
-1326.6585768394214,299.3460883691374,14.0,55909.202663048156
-1353.3303246595785,282.45503727547856,16.0,39303.407352331415
-1333.711476330926,258.55743277342447,16.0,24251.319740957202
-1384.7748473455838,187.33614483977175,17.0,24483.235107617467
-1336.4274260061052,184.8387197955951,17.0,20344.754968951496
-1386.8920102185405,182.78504614208632,17.0,18456.93434898685
-1326.8503149490832,255.5716912389131,18.0,21114.071755194953
-1194.870427813301,357.33879282379104,17.0,33836.93996748238
-1025.9596605675972,419.6564219333617,17.0,43516.73146845263
-747.123626317057,396.1054685270325,15.0,52806.59792913859
-512.5660683144674,305.0386666511807,15.0,57624.43459536418
-475.883190325301,275.46184768143365,15.0,48703.973904640145
-457.41195240489833,273.04953992808413,14.0,35649.68412705045
-519.2716777030001,284.00361992492924,15.0,31485.669295505748
-603.8669460882901,220.25922469833344,15.0,31508.686387256967
-590.4894528740921,167.0462102829213,16.0,26317.15231432243
-502.6008972766272,277.7967769601712,14.0,29578.669824867182
-571.2609977517254,322.3178943735204,14.0,32155.39347947244
-805.0315944155761,534.8626323302724,12.0,55665.25747022433
-993.9711706582133,573.2748892730194,12.0,54472.36957304576
-1320.637811359357,320.0988670555163,14.0,58838.572209700775
-1410.1546830390566,225.07140165294626,15.0,57018.42980931186
-1336.5627503271664,207.15086719059784,16.0,31485.915516081208
-1288.8358447120988,206.88703957528816,16.0,22488.11959450749
-1319.6654928531811,248.5790544858935,15.0,23931.669389305636
-1324.3843194404674,267.548602769957,16.0,25938.866547305293
-1227.8656833818593,350.7843151431147,17.0,30717.68866835169
-1312.1896302685384,371.0387309329131,17.0,31345.9723637234
-1260.1482469486923,347.2777235591276,17.0,30584.142793525152
-1169.4827633908533,359.04051037249263,15.0,29734.41980303205
-1199.2678683483136,334.6345809922817,14.0,35528.20839555919
-1158.5022720375694,306.5028164814394,14.0,35336.21525453688
-1092.7922016415578,245.2834727725925,16.0,30770.661934256816
-1171.719170544235,222.79097741335207,17.0,26948.654679694548
-1237.6776460805197,169.61419752343517,17.0,22471.3530374353
-1254.3769216566923,163.79855246027364,17.0,18949.598064193837
-1241.9441690218077,239.13883189408648,13.0,22576.890475244698
-1015.4764785193595,473.5705437972346,15.0,41862.284417228024
-769.7724753060436,551.3272520943272,15.0,50639.56509400827
-471.93531944259087,432.4774641000549,16.0,46830.99797539973
-293.5633632969783,183.76431738452365,18.0,51004.24753703582
-312.7359665129681,179.31152983837637,17.0,42082.91473430442
-372.8311390237341,173.6260620024024,17.0,14869.613387681258
-376.0601371884391,157.03308392432965,15.0,14348.343373662647
-336.3121176472921,169.80965752634742,14.0,13266.500831238805
-379.9307441024232,193.19919083489154,14.0,15635.798234756277
-326.0502771404579,199.80397355750165,15.0,17219.857007727693
-198.68484666096572,351.434360254008,15.0,37559.52922089754
-148.35227826674657,376.4402034696756,16.0,33936.00221090584
-76.11571262216265,328.0718188198506,14.0,32914.83143413491
-109.53542428662436,372.82413260320834,15.0,39748.214359181155
-307.7811542244387,330.96516696269026,13.0,40950.4981955586
-557.8874236541036,384.62569512501676,12.0,56352.27028574914
-731.1999574852031,373.65198260353014,12.0,47376.78190423335
-776.0571796783692,321.4863062890273,11.0,38741.7501285084
-897.8817138504048,287.7829251015918,12.0,37282.09561377817
-828.2624746940506,276.036341516477,16.0,29703.223562653224
-776.3339537221707,256.61076902231054,18.0,25087.666893245918
-873.6815953885908,237.6236119824398,16.0,24216.356180542844
-869.8268433451219,220.60470286595623,16.0,25814.488822420262
-821.0380634142942,256.4649406581362,14.0,24633.183192121935
-873.1387008894804,265.93437352856887,13.0,24681.976119836247
-958.6774287921088,324.8907945067913,14.0,29579.683266024284
-1016.1514136111733,337.9206203725624,16.0,30364.55787790614
-1159.9881267722187,237.47720232262753,16.0,30671.85487689962
-1281.3959727015053,243.83924550066615,16.0,41551.55295591205
-1260.9893672409548,255.6885536382482,15.0,29013.7560791519
-1220.6440230247538,290.179507247074,14.0,27268.502465162506
-988.2567470182751,530.0909901214056,12.0,51942.66489686136
-683.2643100585178,515.8367324048799,14.0,53949.81012671673
-481.04673868589157,402.80916112031946,11.0,55348.454711252154
-232.19696469240668,215.97958367190864,12.0,54963.469269674795
-297.79591951480126,240.65638436191466,13.0,37731.54519620165
-441.1185244271093,319.6843169836055,12.0,27954.82727364282
-468.2721837754389,318.230067458002,13.0,28621.05373803381
-608.1389021407065,261.45809950933574,12.0,31514.16984471251
-754.8701937322714,288.9776068186122,12.0,35353.551635644384
-833.6544795336025,330.0117604646786,13.0,35069.11093517637
-1050.121011378379,357.95794249045827,16.0,40365.380419806956
-1158.2983761914975,239.68018760374574,16.0,39030.33800358641
-1055.8636612825244,350.0305326347205,17.0,39596.869761209266
-1013.7986306694479,347.2140031396433,16.0,32703.77201343677
-917.0041774191649,249.71261570395063,17.0,32140.69643198004
-817.8965736030921,250.18129976494282,17.0,35788.499847481486
-756.0773478464545,300.8307545577654,15.0,35013.49794835302
-597.8013291056272,321.9825592198453,16.0,28398.54762291078
-395.44902303648985,260.4669032111206,16.0,37371.76440992492
-211.89915634391537,262.1557922937595,17.0,43961.82220963171
-201.8941852025893,256.8410502453687,17.0,29748.468940715866
-222.1923900164253,264.2967976978688,18.0,25785.404344849
-279.4505844395132,272.3705947044949,16.0,25942.54211354113
-333.5234410165752,207.85163983016122,15.0,27187.719591472985
-208.8556868584992,307.0560478810473,13.0,28071.1723077519
-99.32156066384496,318.37590172301486,13.0,31172.34428138581
92.34701125495512,285.7909808988584,14.0,37086.16189008652
-0.7898449633438721,435.6059540731128,13.0,48177.90595160001
-111.12141189157842,441.14458203165907,14.0,48313.71848120973
-283.38498563603065,472.3234151320883,15.0,51967.14625796304
-481.26280683481673,317.90139581821836,15.0,51363.7279181465
-424.96110709407543,259.5166991533756,15.0,44485.63969515463
-418.6565507283501,269.9575665474432,15.0,25922.88178761118
-499.73404645625044,354.8456105933249,14.0,36215.25870131412
-676.7581549602243,446.7658236599661,14.0,40296.91687277128
-973.5217669334619,490.1001502575703,15.0,52415.55440454548
-1331.0507383689937,330.14124842675784,17.0,64869.00920736984
-1537.8580112320114,308.1187740390944,15.0,67720.01956810393
-1583.4871308161225,281.883846689923,15.0,33250.288906700924
-1480.9767110811913,376.9282657550563,14.0,33936.84546123561
-1253.7655493359894,433.07008647243356,15.0,40845.09654962968
-967.2493905994528,354.48608290155823,15.0,51889.68872617489
-738.2396106683082,331.68073711960733,16.0,54553.54844541093
-655.1750620399214,264.2492348387637,16.0,29063.49058979878
-735.8150100646869,354.3548003176233,16.0,30803.875702243087
-944.251989769977,467.0842943950268,16.0,36184.539746578776
-1154.918355383205,366.09736393050775,14.0,36006.205781014265
-1220.397400745789,310.93640443173007,14.0,36413.88674513401
-1275.2306330073252,289.5372499750579,13.0,37217.07043377844
-1314.5146795050034,345.12067947215013,12.0,39947.77082523482
-1232.6654975964586,371.7199606661257,14.0,39180.75703307245
-1130.3292992054412,460.00364718391404,12.0,47347.05487964237
-989.3466497208553,458.27138050861464,15.0,44546.696189539405
-758.5873704297659,258.4788090320888,15.0,47859.82282229428
-727.9228039008699,228.7409677270925,15.0,45947.81677350646
-765.0325524983807,240.39083784258094,16.0,22603.790792149557
-811.3693079958331,250.53596400157653,13.0,22221.234294192305
-826.8312256733182,204.55410783418162,13.0,20512.10477163772
-816.4731043818025,211.01343203896386,14.0,18698.412607200848
-863.3820642713513,178.58461003248067,15.0,14536.52203988121
-788.2662229822615,198.999143756913,16.0,20713.645770449108
-853.5080630332797,237.9403918623368,17.0,22381.48979715655
-812.7424686985383,257.0629058598998,17.0,21186.974711723105
-638.2888652383505,342.38344879613504,17.0,36410.87138856243
-593.7841288006514,368.30302320260796,14.0,37417.9610808069
-521.0093481733173,287.5760066276768,13.0,30865.16572010149
-563.5565317656681,308.92545730166296,14.0,32005.538045504465
-731.4725114618159,251.98211227771029,15.0,25771.98696626607
-748.3796655386665,203.3020516277909,17.0,26558.252355030807
-681.5845454812846,221.5637719908649,18.0,23053.550890544855
-633.5465674225172,225.73918194876754,16.0,18533.572417524967
-493.2868425035556,214.35269485037324,15.0,26646.472784652706
-497.05203958488795,214.32310978342784,14.0,25111.953004817282
-521.001008604232,215.2709275480219,15.0,17989.037923461645
-436.2571324875896,256.3911389654057,15.0,24374.502876182843
-410.4611579073572,261.7839125341392,17.0,29340.910420391556
-334.943374272998,258.93956572724204,17.0,27416.021489314615
-249.63376617953043,215.51299192421644,17.0,27094.523347709914
-270.557047909789,194.08034289830223,17.0,24511.754711169415
-352.0413594678092,225.66663204188347,17.0,23791.96500864159
-338.1691082842803,242.55806443392535,15.0,22372.145284703634
-365.7721112226012,235.16226435103766,15.0,21452.63441429106
-400.0417564999651,254.33377326912995,14.0,21532.54775772304
-481.6460928726226,350.721321117468,14.0,32338.475411894753
-713.5999565452564,379.19625417425334,15.0,36584.814470937075
-938.7548697995165,374.92919418420934,15.0,48245.342405967596
-1156.4891179534195,293.79102667895364,14.0,50624.67468777084
-1183.7278305587017,254.04117420720075,14.0,39505.92995873311
-1142.2618186079087,287.08152589291257,13.0,32633.310871744943
-988.053543702393,337.7338698925647,13.0,36369.33901212161
-782.2412519834089,282.3499527033368,14.0,40872.14005285172
-639.7789481571307,273.3380373385185,15.0,45907.99685616591
-604.35809003576,240.71147274781404,14.0,28299.55526412331
-701.4841165992685,319.6474623558859,14.0,27171.000786720557
-721.7739619078402,305.28773215884377,14.0,28123.280157807443
-744.0131084097333,280.68710217570833,14.0,27622.823297231822
-804.8178147556306,295.4899734330826,14.0,32681.589411235804
-890.6148406700268,374.25690037167635,15.0,38626.35988063383
-1016.3839919422963,342.46035786555814,15.0,30689.365102780936
-1172.3249230677734,218.0040851823289,15.0,37253.16051243139
-1232.8975635926981,208.669277972777,14.0,34725.82610212344
-1214.612894758106,209.92174567216878,17.0,18046.10464045758
-1270.4109332370551,207.48272903350565,18.0,17228.96239347392
-1283.8086855757547,185.0859196292769,16.0,15819.362459734273
-1272.4558860505094,232.06158422645765,15.0,15901.967063048452
-1271.3078424318103,223.4367089882089,15.0,18421.78864071084
-1217.02611481068,237.4819479482943,15.0,20814.70744745515
-1221.6876891802447,221.85161839820316,15.0,19961.087508833923
-1191.205880735259,177.20787605079786,16.0,17813.700171952347
-1129.050634570252,192.33292112824236,15.0,20162.559446576684
-1168.953712484851,254.8407778590709,14.0,22491.651514526522
-1048.8306187490298,317.92935879503955,16.0,29078.03604726247
-987.3669139976369,329.89948937308657,16.0,32684.96229550501
-957.4412056821992,324.3723339986226,16.0,33160.08928497357
-842.8387354209692,201.21737522971725,17.0,31239.742133790838
-830.1710585058295,216.20516091961483,16.0,32443.86586166778
-847.3512854348411,221.52408502246223,13.0,17496.33250369808
-735.2547934022566,268.3440640895801,12.0,25851.352326942768
-673.9131664378184,285.24388180950996,11.0,25806.846482683566
-592.1113353118145,302.9034322622019,12.0,27594.03362211929
-479.863260015514,219.1606548023347,14.0,28043.072576528135
-430.72571657426613,223.04542856934077,14.0,30436.68701812466
-393.02666390470006,193.95252951611067,17.0,21352.888381365854
-557.4597336234638,337.99755493973856,16.0,30284.608040998573
-711.6385040972951,405.93845170391137,16.0,39296.054114570084
-928.8304171913954,355.7373112044653,15.0,39565.23103416549
-1054.3573772924035,213.83086720363409,15.0,38379.822331418836
-968.4498139011746,261.21042062965836,15.0,30618.794214959267
-787.3687236137205,335.8050104260294,13.0,34663.25345853659
-449.49132214726086,454.31585246168805,13.0,60713.249508538356
-181.3278274642711,410.46234694599104,12.0,61413.24316810218
20.30470212443288,306.56357201534144,11.0,50895.89672824617
77.77179522841125,230.06266300513536,10.0,35610.037297600116
-28.328963179139194,231.50376431525217,12.0,28544.56136762646
-223.78330766208737,309.5726293427461,14.0,40025.09224544383
-433.3251729893906,287.5620693723537,16.0,41727.527285855715
-571.1443532508953,255.8694862104302,18.0,41148.85865445305
-735.0299526547999,218.7049744624961,19.0,34653.637440980376
-790.2794541659765,230.97473959284383,18.0,34580.886835145066
-811.2010361992672,212.6414855691903,17.0,19389.746949883593
-818.9169034063401,206.826079824215,16.0,17788.082363904854
-672.5424227444114,274.7201528047682,15.0,30334.903357953408
-629.4954738097135,254.701966920452,12.0,32663.235570033943
-583.4235266310401,258.73600434029106,13.0,29731.86556544968
-567.7791237811523,252.9599056930475,13.0,29095.287759252304
-574.1083040557626,269.7679053186267,12.0,32454.26973358766
-488.7108058952944,281.7094853345302,12.0,30584.010932546502
-487.78157731798615,279.46786261893277,12.0,29628.411929909627
-469.34686468390424,266.8212662086965,13.0,28659.80131091255
-545.7689216168036,268.6632867060302,12.0,29856.832342019326
-741.1023052788786,312.49554948704736,14.0,42816.73653540117
-859.5047896470252,311.6589486787933,13.0,39677.828701879116
-935.3819411013873,283.59287659290544,12.0,26078.795679942577
-1046.0076717026393,194.96029990940693,13.0,28355.41101989007
-1063.7010655991498,205.76572101493107,13.0,25524.76718590148
-1047.4809854696027,205.9318460459409,15.0,15828.527307712673
-1060.1335206465476,193.2214892704015,12.0,16962.50215184691
-959.911715017801,240.27621223623615,13.0,20542.929400682464
-864.7719091104657,204.33365813260255,13.0,22618.19082750892
-846.7039727639582,198.92657639125497,12.0,20269.511037365148
-797.2753658903983,198.85687336100165,13.0,19740.06047426474
-773.0295671900925,235.7071539237178,12.0,20282.376464657016
-719.552229510171,245.66116085576022,13.0,19373.52213983041
-659.6928339407441,220.00200971749942,13.0,19656.603872529886
-607.4048511162125,229.50692801967574,14.0,18750.647618719027
-487.36471456567637,318.3155602935179,13.0,28093.511998634254
-371.8879718607812,341.0462055556753,13.0,28827.030954248192
-225.89925255095721,313.04032261699024,14.0,31915.193465727825
-109.64301579251078,238.0857526331081,14.0,34423.71369374065
-48.93251619058338,268.1810803219923,14.0,31890.18342141296
-1.2680186701895668,260.0482588418719,12.0,20754.056107859687
76.70768454711786,231.71217817300757,12.0,21746.489346919043
146.68733624944318,187.38522074444649,12.0,18548.131514456436
79.79648978957127,194.8047520472783,15.0,20377.12137939217
-0.038269990996875926,248.09125144753432,16.0,21050.661154181606
-111.16258849880205,267.1978561642035,17.0,28376.622881474323
-123.36571895370524,260.84771995714794,17.0,30173.425223808776
-187.99141186049016,328.44066623213547,14.0,37162.60117220359
-268.53062354323384,384.5695550801894,15.0,35826.11837810024
-446.4989783395489,490.89313200297875,15.0,46738.54766534881
-683.5735430171383,363.32299289100115,13.0,46348.46219318087
-821.6072301897317,276.2880066180876,16.0,45654.56840304114
-802.823785938712,294.1555801492489,15.0,29415.43246096906
-702.3863107375367,257.1458631760814,13.0,25174.799845717454
-504.6383733483551,391.80241625922366,13.0,44187.77220709052
-413.7462714092659,334.55506572685164,10.0,39235.22211880304
-376.08637911465576,352.60432022815735,11.0,33874.149271975984
-293.46827865895096,378.34251809830886,12.0,40259.56408184928
-492.42613278576647,377.5984220489189,12.0,45862.39484438989
-530.358620966963,382.8394862965664,13.0,47303.562995272805
-574.6909877559723,332.27624984555854,13.0,36168.04756401316
-687.169418651008,201.48184979061617,14.0,35733.21124918565
-830.9587215086656,372.1735688454432,16.0,44867.74636173421
-956.346820966927,418.71005407805285,15.0,36912.38196754904
-1005.6874193389266,380.1374953332818,16.0,37921.330483787635
-1058.2785002351436,347.5251313397068,15.0,41324.97361623292
-895.6434660045979,303.03582028510067,13.0,38599.6034671854
-808.4023789975906,202.73543156719987,14.0,34994.7811790819
-825.268496956301,215.52548153937124,13.0,31612.990118678048
-808.6617652880399,219.13740579490815,16.0,20150.59532921074
-866.5097842017886,220.2518872520927,16.0,20669.61400486233
-785.8867542126435,330.11772487868996,16.0,31503.482326072924
-621.3926998044747,427.0868634953205,17.0,45258.96873057203
-471.8624219504032,418.53518147990627,18.0,45027.801918283396
-247.54059618628088,331.12909778121826,16.0,49971.6434154032
-179.49959681459765,208.18952047126942,16.0,44178.55750230341
-202.51995708188056,279.975652209097,15.0,38049.64315339559
-273.37162897527253,314.1555345682426,15.0,28495.67425520539
-424.93442761435233,318.87990856081194,16.0,28044.84886182857
-492.73933341527993,350.21641577100047,16.0,39234.76853649424
-442.36388047797885,343.93150118835786,14.0,39066.84621727458
-416.66620809440883,349.78673335675876,13.0,39163.24580385603
-423.039190148399,353.45728029838705,14.0,34378.943791147954
-313.54234747090766,323.56401573179744,14.0,37003.398674014345
-344.34390682447554,294.8964045819094,15.0,36877.97460588885
-190.33954753870842,380.6259778092607,15.0,37827.10344699834
-54.18075009519985,277.1801517166035,16.0,40164.6674969501
-118.64374962972528,303.91802387497336,16.0,39499.18052274204
-219.52014690528037,368.04455017660683,18.0,35673.21312949702
-434.98582795706915,297.37254543212754,16.0,37515.64812706738
-520.7864191214728,216.2094077964829,17.0,38255.52379346775
-580.9279221837911,191.89114699431795,16.0,25841.33427932437
-553.6249797704629,220.73083322345346,14.0,14712.6082252227
-531.3297286760879,188.1558027961079,15.0,13267.564556159183
-443.6915089792201,294.0398479780794,13.0,24027.17636851463
-275.9694316387704,344.86933107971777,12.0,32099.683546776843
-167.066250593169,324.7102367436643,13.0,35972.68646518966
-5.184717725028037,243.68257975293557,16.0,35584.241373701
89.93416836458756,176.28941305792333,16.0,33582.41058568539
61.070568413761244,190.49500986011907,16.0,24064.369506683954
22.91372866164311,218.7717404281102,16.0,17808.83401444413
-52.80103962591093,233.4245242758321,16.0,17534.899877546544
-189.02435094342778,184.79621084797884,16.0,21377.325671789375
-323.1489705724678,269.73539039959894,16.0,34589.71545232083
-419.63314325516353,255.6618540832352,18.0,25420.935223919983
-535.1200540693146,235.4433584675949,19.0,22776.35451028614
-666.3466322951207,235.10927638082745,18.0,26136.338810321387
-647.5242170829409,192.1023873543844,16.0,23547.813099049363
-653.8727469057701,198.83700509929773,13.0,22221.98049354651
-511.9621429295764,318.9540453505145,14.0,28192.89758557591
-350.1833355458566,259.2219083992,15.0,31869.789280916186
-290.50761786446805,261.07943402284343,16.0,30340.52228574636
-256.9652409753055,248.02879188382906,17.0,26602.801255709805
-280.04865621860154,265.56369583887306,15.0,31186.01557323777
-263.4634967473627,270.5867926052922,15.0,23163.530339279198
-315.1411528839005,273.1418591243164,15.0,22723.33758697288
-188.15432456870906,280.89944657500195,17.0,28500.092843931383
-114.51277453416145,280.270666000596,19.0,30501.676947826436
-135.08440240136622,290.79521696938093,18.0,27406.681043288605
-12.690047275454706,203.4539524003559,19.0,26778.796908405468
95.28336274505936,309.6669291581311,18.0,37328.06043027368
165.71497175336643,331.39681543939173,18.0,31800.59086137167
